<?xml version="1.0" encoding="UTF-8" ?>
<!-- (c)MatrixOne, Inc., 2000 -->
<!DOCTYPE ematrix SYSTEM "ematrixml.dtd">
<ematrix>
<creationProperties>
<release>10.6.3.0-Global</release>
<datetime>2024-05-31T13:37:13Z</datetime>
<event>export</event>
<dtdInfo>&ematrixProductDtd;</dtdInfo>
</creationProperties>
<businessObject id="27212.3559.5152.57457">
<objectType>CATDrawing</objectType>
<objectName>34610.0.008-1</objectName>
<objectRevision>005</objectRevision>
<vaultRef>Catia</vaultRef>
<policyRef>Produkt - Catia V5</policyRef>
<owner>
<userRef>tpkproe</userRef>
</owner>
<creationInfo>
<datetime>2014-06-30T09:01:56Z</datetime>
</creationInfo>
<modificationInfo>
<datetime>2024-04-10T06:34:32Z</datetime>
</modificationInfo>

<attributeList count="1">
<attribute>
<name>Beschreibung Status-Änderung</name>
<string></string>
</attribute>
</attributeList>
<stateList count="8">
<state>
<name>In Bearbeitung</name>
<stateStatus>enabled</stateStatus>
<actualInfo>
<datetime>2014-06-30T09:01:56Z</datetime>
</actualInfo>
<versionable/>
<stateDuration>
0</stateDuration>
<signatureList count="4">
<signature>
<name>Konstrukteur erzeugt dokumentierten Stand</name>
</signature>
<signature>
<name>Konstrukteur gibt in Prüfung zur Beschaffung</name>
<signed>
<userRef>tpkproe</userRef>
<signatureType>approved</signatureType>
<valid/>
</signed>
</signature>
<signature>
<name>Konstrukteur setzt in Prüfung zur bedingten Freigabe</name>
</signature>
<signature>
<name>Prüfer setzt ungültig</name>
</signature>
</signatureList>
</state>
<state>
<name>Dokumentierter Stand</name>
<stateStatus>enabled</stateStatus>
<revisionable/>
<versionable/>
<stateDuration>
0</stateDuration>
<signatureList count="3">
<signature>
<name>Konstrukteur gibt Zwischenstand in Prüfung zur Beschaffung</name>
</signature>
<signature>
<name>Konstrukteur gibt Zwischenstand in Prüfung zur bedingten Freigabe</name>
</signature>
<signature>
<name>Prüfer setzt ungültig</name>
</signature>
</signatureList>
</state>
<state>
<name>Prüfung zur bedingten Freigabe</name>
<stateStatus>enabled</stateStatus>
<versionable/>
<stateDuration>
0</stateDuration>
<signatureList count="2">
<signature>
<name>Prüfer gibt bedingt frei</name>
</signature>
<signature>
<name>Prüfer setzt ungültig</name>
</signature>
</signatureList>
</state>
<state>
<name>Bedingte Freigabe zur/für ...</name>
<stateStatus>enabled</stateStatus>
<revisionable/>
<versionable/>
<stateDuration>
0</stateDuration>
<signatureList count="2">
<signature>
<name>Prüfer setzt ungültig</name>
</signature>
<signature>
<name>Vorgängerrevision in bedingter Freigabe wird ungültig</name>
</signature>
</signatureList>
</state>
<state>
<name>Prüfung zur Beschaffung</name>
<stateStatus>enabled</stateStatus>
<actualInfo>
<datetime>2014-06-30T09:04:02Z</datetime>
</actualInfo>
<versionable/>
<stateDuration>
0</stateDuration>
<signatureList count="2">
<signature>
<name>Prüfer gibt frei zur Beschaffung</name>
<signed>
<userRef>PappertF</userRef>
<signatureType>approved</signatureType>
<valid/>
</signed>
</signature>
<signature>
<name>Prüfer setzt ungültig</name>
</signature>
</signatureList>
</state>
<state>
<name>Freigabe zur Beschaffung</name>
<current/>
<stateStatus>enabled</stateStatus>
<actualInfo>
<datetime>2014-07-01T07:11:39Z</datetime>
</actualInfo>
<revisionable/>
<versionable/>
<endDate>
<datetime>2024-05-31T13:37:13Z</datetime>
</endDate>
<stateDuration>
0</stateDuration>
<signatureList count="2">
<signature>
<name>Prüfer setzt ungültig</name>
</signature>
<signature>
<name>Vorgängerrevision in Beschaffung wird ungültig</name>
</signature>
</signatureList>
</state>
<state>
<name>Nicht mehr gültig</name>
<stateStatus>enabled</stateStatus>
<versionable/>
<stateDuration>
0</stateDuration>
<signatureList count="1">
<signature>
<name>Prüfer setzt ungültig</name>
</signature>
</signatureList>
</state>
<state>
<name>Ungültig</name>
<stateStatus>enabled</stateStatus>
<revisionable/>
<versionable/>
<stateDuration>
0</stateDuration>
</state>
</stateList>
<historyList count="11">
<history>
<datetime>2014-06-30T09:01:56Z</datetime>
<agent>tpkproe</agent>
<event>create</event>
<stateName>In Bearbeitung</stateName>
</history>
<history>
<datetime>2014-06-30T09:01:56Z</datetime>
<agent>tpkproe</agent>
<event>connect</event>
<stateName>In Bearbeitung</stateName>
<relationshipName>CATDrawing</relationshipName>
<fromObject>
<businessObjectRef>
<objectType>Catia V5</objectType>
<objectName>34610.0.008</objectName>
<objectRevision>005</objectRevision>
</businessObjectRef>
</fromObject>
</history>
<history>
<datetime>2014-06-30T09:03:01Z</datetime>
<agent>tpkproe</agent>
<event>checkin</event>
<stateName>In Bearbeitung</stateName>
<formatRef>Catia V5 Format</formatRef>
<fileName>34610.0.008_REV005_MONTAGEPLATTE_RECHTS.CATDrawing</fileName>
</history>
<history>
<datetime>2014-06-30T09:04:02Z</datetime>
<agent>tpkproe</agent>
<event>approve</event>
<stateName>In Bearbeitung</stateName>
<signatureName>Konstrukteur gibt in Prüfung zur Beschaffung</signatureName>
</history>
<history>
<datetime>2014-06-30T09:04:02Z</datetime>
<agent>tpkproe</agent>
<event>promote</event>
<stateName>Prüfung zur Beschaffung</stateName>
</history>
<history>
<datetime>2014-07-01T07:11:39Z</datetime>
<agent>PappertF</agent>
<event>promote</event>
<stateName>Freigabe zur Beschaffung</stateName>
</history>
<history>
<datetime>2014-07-01T07:11:39Z</datetime>
<agent>PappertF</agent>
<event>approve</event>
<stateName>Prüfung zur Beschaffung</stateName>
<signatureName>Prüfer gibt frei zur Beschaffung</signatureName>
</history>
<history>
<datetime>2014-07-01T14:32:02Z</datetime>
<agent>tpkproe</agent>
<event>checkout</event>
<stateName>Freigabe zur Beschaffung</stateName>
<formatRef>Catia V5 Format</formatRef>
<fileName>34610.0.008_REV005_MONTAGEPLATTE_RECHTS.CATDrawing</fileName>
</history>
<history>
<datetime>2024-03-12T13:01:38Z</datetime>
<agent>FranzL</agent>
<event>checkout</event>
<stateName>Freigabe zur Beschaffung</stateName>
<formatRef>Catia V5 Format</formatRef>
<fileName>34610.0.008_REV005_MONTAGEPLATTE_RECHTS.CATDrawing</fileName>
</history>
<history>
<datetime>2024-04-10T05:38:25Z</datetime>
<agent>tpkamrh</agent>
<event>checkout</event>
<stateName>Freigabe zur Beschaffung</stateName>
<formatRef>Catia V5 Format</formatRef>
<fileName>34610.0.008_REV005_MONTAGEPLATTE_RECHTS.CATDrawing</fileName>
</history>
<history>
<datetime>2024-04-10T06:34:32Z</datetime>
<agent>tpkamrh</agent>
<event>checkout</event>
<stateName>Freigabe zur Beschaffung</stateName>
<formatRef>Catia V5 Format</formatRef>
<fileName>34610.0.008_REV005_MONTAGEPLATTE_RECHTS.CATDrawing</fileName>
</history>
</historyList>
<toRelationshipList count="1">
<relationship>
<relationshipDefRef>CATDrawing</relationshipDefRef>
<relatedObject>
<businessObjectRef>
<objectType>Catia V5</objectType>
<objectName>34610.0.008</objectName>
<objectRevision>005</objectRevision>
<vaultRef>Catia</vaultRef>
</businessObjectRef>
</relatedObject>
</relationship>
</toRelationshipList>
<hadFiles/>
<storeType>captured</storeType>
<folderList count="1">
<folder>
<formatRef>Catia V5 Format</formatRef>
<fileList count="1">
<file>
<storeFilename>ftp://matrix@172.16.18.46//stores0910/Catia_V5/adafb87b.361</storeFilename>
<storeFileAlias>adafb87b.361</storeFileAlias>
<diskFilename>/Q/Porsche/32011266_PorscheGT4/Zeichnungen/34610.0.008_REV005_MONTAGEPLATTE_RECHTS.CATDrawing@ts01</diskFilename>
<mode>438</mode>
<uid>0</uid>
<gid>0</gid>
<size>1625744</size>
<storeRef>Catia_V5_Daten</storeRef>
</file>
</fileList>
</folder>
</folderList>
</businessObject>
</ematrix>
