<?xml version="1.0" encoding="UTF-8" ?>
<!-- (c)MatrixOne, Inc., 2000 -->
<!DOCTYPE ematrix SYSTEM "ematrixml.dtd">
<ematrix>
<creationProperties>
<release>10.6.3.0-Global</release>
<datetime>2024-05-31T13:37:13Z</datetime>
<event>export</event>
<dtdInfo>&ematrixProductDtd;</dtdInfo>
</creationProperties>
<businessObject id="27212.3559.25131.6916">
<objectType>CATDrawing</objectType>
<objectName>34610.0.007-1</objectName>
<objectRevision>004</objectRevision>
<vaultRef>Catia</vaultRef>
<policyRef>Produkt - Catia V5</policyRef>
<owner>
<userRef>tpkkonn</userRef>
</owner>
<creationInfo>
<datetime>2010-03-17T11:58:39Z</datetime>
</creationInfo>
<modificationInfo>
<datetime>2014-07-01T07:10:52Z</datetime>
</modificationInfo>

<attributeList count="1">
<attribute>
<name>Beschreibung Status-Änderung</name>
<string></string>
</attribute>
</attributeList>
<stateList count="8">
<state>
<name>In Bearbeitung</name>
<stateStatus>enabled</stateStatus>
<actualInfo>
<datetime>2010-03-17T11:58:39Z</datetime>
</actualInfo>
<versionable/>
<stateDuration>
0</stateDuration>
<signatureList count="4">
<signature>
<name>Konstrukteur erzeugt dokumentierten Stand</name>
</signature>
<signature>
<name>Konstrukteur gibt in Prüfung zur Beschaffung</name>
<signed>
<userRef>tpkkonn</userRef>
<signatureType>approved</signatureType>
<valid/>
</signed>
</signature>
<signature>
<name>Konstrukteur setzt in Prüfung zur bedingten Freigabe</name>
</signature>
<signature>
<name>Prüfer setzt ungültig</name>
</signature>
</signatureList>
</state>
<state>
<name>Dokumentierter Stand</name>
<stateStatus>enabled</stateStatus>
<revisionable/>
<versionable/>
<stateDuration>
0</stateDuration>
<signatureList count="3">
<signature>
<name>Konstrukteur gibt Zwischenstand in Prüfung zur Beschaffung</name>
</signature>
<signature>
<name>Konstrukteur gibt Zwischenstand in Prüfung zur bedingten Freigabe</name>
</signature>
<signature>
<name>Prüfer setzt ungültig</name>
</signature>
</signatureList>
</state>
<state>
<name>Prüfung zur bedingten Freigabe</name>
<stateStatus>enabled</stateStatus>
<versionable/>
<stateDuration>
0</stateDuration>
<signatureList count="2">
<signature>
<name>Prüfer gibt bedingt frei</name>
</signature>
<signature>
<name>Prüfer setzt ungültig</name>
</signature>
</signatureList>
</state>
<state>
<name>Bedingte Freigabe zur/für ...</name>
<stateStatus>enabled</stateStatus>
<revisionable/>
<versionable/>
<stateDuration>
0</stateDuration>
<signatureList count="2">
<signature>
<name>Prüfer setzt ungültig</name>
</signature>
<signature>
<name>Vorgängerrevision in bedingter Freigabe wird ungültig</name>
</signature>
</signatureList>
</state>
<state>
<name>Prüfung zur Beschaffung</name>
<stateStatus>enabled</stateStatus>
<actualInfo>
<datetime>2010-03-17T12:04:53Z</datetime>
</actualInfo>
<versionable/>
<stateDuration>
0</stateDuration>
<signatureList count="2">
<signature>
<name>Prüfer gibt frei zur Beschaffung</name>
<signed>
<userRef>BauerD</userRef>
<signatureType>approved</signatureType>
<valid/>
</signed>
</signature>
<signature>
<name>Prüfer setzt ungültig</name>
</signature>
</signatureList>
</state>
<state>
<name>Freigabe zur Beschaffung</name>
<stateStatus>enabled</stateStatus>
<actualInfo>
<datetime>2010-03-17T12:51:07Z</datetime>
</actualInfo>
<revisionable/>
<versionable/>
<stateDuration>
0</stateDuration>
<signatureList count="2">
<signature>
<name>Prüfer setzt ungültig</name>
</signature>
<signature>
<name>Vorgängerrevision in Beschaffung wird ungültig</name>
<signed>
<userRef>PappertF</userRef>
<signatureType>approved</signatureType>
<valid/>
</signed>
</signature>
</signatureList>
</state>
<state>
<name>Nicht mehr gültig</name>
<stateStatus>enabled</stateStatus>
<versionable/>
<stateDuration>
0</stateDuration>
<signatureList count="1">
<signature>
<name>Prüfer setzt ungültig</name>
</signature>
</signatureList>
</state>
<state>
<name>Ungültig</name>
<current/>
<stateStatus>enabled</stateStatus>
<actualInfo>
<datetime>2014-07-01T07:10:52Z</datetime>
</actualInfo>
<revisionable/>
<versionable/>
<endDate>
<datetime>2024-05-31T13:37:13Z</datetime>
</endDate>
<stateDuration>
0</stateDuration>
</state>
</stateList>
<historyList count="14">
<history>
<datetime>2010-03-17T11:58:39Z</datetime>
<agent>tpkkonn</agent>
<event>create</event>
<stateName>In Bearbeitung</stateName>
</history>
<history>
<datetime>2010-03-17T11:58:39Z</datetime>
<agent>tpkkonn</agent>
<event>connect</event>
<stateName>In Bearbeitung</stateName>
<relationshipName>CATDrawing</relationshipName>
<fromObject>
<businessObjectRef>
<objectType>Catia V5</objectType>
<objectName>34610.0.007</objectName>
<objectRevision>004</objectRevision>
</businessObjectRef>
</fromObject>
</history>
<history>
<datetime>2010-03-17T11:59:11Z</datetime>
<agent>tpkkonn</agent>
<event>checkin</event>
<stateName>In Bearbeitung</stateName>
<formatRef>Catia V5 Format</formatRef>
<fileName>34610.0.007_REV004_MONTAGEPLATTE_LINKS.CATDrawing</fileName>
</history>
<history>
<datetime>2010-03-17T12:04:53Z</datetime>
<agent>tpkkonn</agent>
<event>approve</event>
<stateName>In Bearbeitung</stateName>
<signatureName>Konstrukteur gibt in Prüfung zur Beschaffung</signatureName>
</history>
<history>
<datetime>2010-03-17T12:04:53Z</datetime>
<agent>tpkkonn</agent>
<event>promote</event>
<stateName>Prüfung zur Beschaffung</stateName>
</history>
<history>
<datetime>2010-03-17T12:51:07Z</datetime>
<agent>BauerD</agent>
<event>approve</event>
<stateName>Prüfung zur Beschaffung</stateName>
<signatureName>Prüfer gibt frei zur Beschaffung</signatureName>
</history>
<history>
<datetime>2010-03-17T12:51:07Z</datetime>
<agent>BauerD</agent>
<event>promote</event>
<stateName>Freigabe zur Beschaffung</stateName>
</history>
<history>
<datetime>2011-01-31T08:07:14Z</datetime>
<agent>tbejoer</agent>
<event>checkout</event>
<stateName>Freigabe zur Beschaffung</stateName>
<formatRef>Catia V5 Format</formatRef>
<fileName>34610.0.007_REV004_MONTAGEPLATTE_LINKS.CATDrawing</fileName>
</history>
<history>
<datetime>2012-01-23T10:34:27Z</datetime>
<agent>tpkkonn</agent>
<event>checkout</event>
<stateName>Freigabe zur Beschaffung</stateName>
<formatRef>Catia V5 Format</formatRef>
<fileName>34610.0.007_REV004_MONTAGEPLATTE_LINKS.CATDrawing</fileName>
</history>
<history>
<datetime>2012-11-06T07:39:26Z</datetime>
<agent>tpknovr</agent>
<event>checkout</event>
<stateName>Freigabe zur Beschaffung</stateName>
<formatRef>Catia V5 Format</formatRef>
<fileName>34610.0.007_REV004_MONTAGEPLATTE_LINKS.CATDrawing</fileName>
</history>
<history>
<datetime>2013-10-01T11:24:19Z</datetime>
<agent>tpkproe</agent>
<event>checkout</event>
<stateName>Freigabe zur Beschaffung</stateName>
<formatRef>Catia V5 Format</formatRef>
<fileName>34610.0.007_REV004_MONTAGEPLATTE_LINKS.CATDrawing</fileName>
</history>
<history>
<datetime>2014-06-11T13:19:59Z</datetime>
<agent>tpkproe</agent>
<event>checkout</event>
<stateName>Freigabe zur Beschaffung</stateName>
<formatRef>Catia V5 Format</formatRef>
<fileName>34610.0.007_REV004_MONTAGEPLATTE_LINKS.CATDrawing</fileName>
</history>
<history>
<datetime>2014-07-01T07:10:52Z</datetime>
<agent>PappertF</agent>
<event>approve</event>
<stateName>Freigabe zur Beschaffung</stateName>
<signatureName>Vorgängerrevision in Beschaffung wird ungültig</signatureName>
</history>
<history>
<datetime>2014-07-01T07:10:52Z</datetime>
<agent>PappertF</agent>
<event>promote</event>
<stateName>Ungültig</stateName>
</history>
</historyList>
<toRelationshipList count="1">
<relationship>
<relationshipDefRef>CATDrawing</relationshipDefRef>
<relatedObject>
<businessObjectRef>
<objectType>Catia V5</objectType>
<objectName>34610.0.007</objectName>
<objectRevision>004</objectRevision>
<vaultRef>Catia</vaultRef>
</businessObjectRef>
</relatedObject>
</relationship>
</toRelationshipList>
<hadFiles/>
<storeType>captured</storeType>
<folderList count="1">
<folder>
<formatRef>Catia V5 Format</formatRef>
<fileList count="1">
<file>
<storeFilename>ftp://matrix@172.16.18.46//stores0803/Catia_V5/e674c16c.7e6</storeFilename>
<storeFileAlias>e674c16c.7e6</storeFileAlias>
<diskFilename>/P/mod/prodentw/tpkkonn/Porsche/Serie Aktuelle Daten/9X1 Bug oben/20091209-9X1 -Freigabe Stanzteile/34610.0.007_REV004_MONTAGEPLATTE_LINKS.CATDrawing@walde113</diskFilename>
<mode>438</mode>
<uid>0</uid>
<gid>0</gid>
<size>1708165</size>
<storeRef>Catia V5 Daten</storeRef>
</file>
</fileList>
</folder>
</folderList>
</businessObject>
</ematrix>
