<?xml version="1.0" encoding="UTF-8" ?>
<!-- (c)MatrixOne, Inc., 2000 -->
<!DOCTYPE ematrix SYSTEM "ematrixml.dtd">
<ematrix>
<creationProperties>
<release>10.6.3.0-Global</release>
<datetime>2024-05-31T13:37:12Z</datetime>
<event>export</event>
<dtdInfo>&ematrixProductDtd;</dtdInfo>
</creationProperties>
<businessObject id="27212.3559.3455.62794">
<objectType>CATDrawing</objectType>
<objectName>34610.0.002-1</objectName>
<objectRevision>004</objectRevision>
<vaultRef>Catia</vaultRef>
<policyRef>Produkt - Catia V5</policyRef>
<owner>
<userRef>tpkkonn</userRef>
</owner>
<creationInfo>
<datetime>2010-04-19T08:53:42Z</datetime>
</creationInfo>
<modificationInfo>
<datetime>2010-05-18T09:10:57Z</datetime>
</modificationInfo>

<attributeList count="1">
<attribute>
<name>Beschreibung Status-Änderung</name>
<string></string>
</attribute>
</attributeList>
<stateList count="8">
<state>
<name>In Bearbeitung</name>
<stateStatus>enabled</stateStatus>
<actualInfo>
<datetime>2010-04-19T08:53:42Z</datetime>
</actualInfo>
<versionable/>
<stateDuration>
0</stateDuration>
<signatureList count="4">
<signature>
<name>Konstrukteur erzeugt dokumentierten Stand</name>
</signature>
<signature>
<name>Konstrukteur gibt in Prüfung zur Beschaffung</name>
<signed>
<userRef>tpkkonn</userRef>
<signatureType>approved</signatureType>
<valid/>
</signed>
</signature>
<signature>
<name>Konstrukteur setzt in Prüfung zur bedingten Freigabe</name>
</signature>
<signature>
<name>Prüfer setzt ungültig</name>
</signature>
</signatureList>
</state>
<state>
<name>Dokumentierter Stand</name>
<stateStatus>enabled</stateStatus>
<revisionable/>
<versionable/>
<stateDuration>
0</stateDuration>
<signatureList count="3">
<signature>
<name>Konstrukteur gibt Zwischenstand in Prüfung zur Beschaffung</name>
</signature>
<signature>
<name>Konstrukteur gibt Zwischenstand in Prüfung zur bedingten Freigabe</name>
</signature>
<signature>
<name>Prüfer setzt ungültig</name>
</signature>
</signatureList>
</state>
<state>
<name>Prüfung zur bedingten Freigabe</name>
<stateStatus>enabled</stateStatus>
<versionable/>
<stateDuration>
0</stateDuration>
<signatureList count="2">
<signature>
<name>Prüfer gibt bedingt frei</name>
</signature>
<signature>
<name>Prüfer setzt ungültig</name>
</signature>
</signatureList>
</state>
<state>
<name>Bedingte Freigabe zur/für ...</name>
<stateStatus>enabled</stateStatus>
<revisionable/>
<versionable/>
<stateDuration>
0</stateDuration>
<signatureList count="2">
<signature>
<name>Prüfer setzt ungültig</name>
</signature>
<signature>
<name>Vorgängerrevision in bedingter Freigabe wird ungültig</name>
</signature>
</signatureList>
</state>
<state>
<name>Prüfung zur Beschaffung</name>
<stateStatus>enabled</stateStatus>
<actualInfo>
<datetime>2010-04-19T14:34:23Z</datetime>
</actualInfo>
<versionable/>
<stateDuration>
0</stateDuration>
<signatureList count="2">
<signature>
<name>Prüfer gibt frei zur Beschaffung</name>
<signed>
<userRef>BauerD</userRef>
<signatureType>approved</signatureType>
<valid/>
</signed>
</signature>
<signature>
<name>Prüfer setzt ungültig</name>
</signature>
</signatureList>
</state>
<state>
<name>Freigabe zur Beschaffung</name>
<stateStatus>enabled</stateStatus>
<actualInfo>
<datetime>2010-04-21T05:38:22Z</datetime>
</actualInfo>
<revisionable/>
<versionable/>
<stateDuration>
0</stateDuration>
<signatureList count="2">
<signature>
<name>Prüfer setzt ungültig</name>
</signature>
<signature>
<name>Vorgängerrevision in Beschaffung wird ungültig</name>
<signed>
<userRef>BauerD</userRef>
<signatureType>approved</signatureType>
<valid/>
</signed>
</signature>
</signatureList>
</state>
<state>
<name>Nicht mehr gültig</name>
<stateStatus>enabled</stateStatus>
<versionable/>
<stateDuration>
0</stateDuration>
<signatureList count="1">
<signature>
<name>Prüfer setzt ungültig</name>
</signature>
</signatureList>
</state>
<state>
<name>Ungültig</name>
<current/>
<stateStatus>enabled</stateStatus>
<actualInfo>
<datetime>2010-05-18T09:10:57Z</datetime>
</actualInfo>
<revisionable/>
<versionable/>
<endDate>
<datetime>2024-05-31T13:37:12Z</datetime>
</endDate>
<stateDuration>
0</stateDuration>
</state>
</stateList>
<historyList count="9">
<history>
<datetime>2010-04-19T08:53:42Z</datetime>
<agent>tpkkonn</agent>
<event>create</event>
<stateName>In Bearbeitung</stateName>
</history>
<history>
<datetime>2010-04-19T08:53:42Z</datetime>
<agent>tpkkonn</agent>
<event>connect</event>
<stateName>In Bearbeitung</stateName>
<relationshipName>CATDrawing</relationshipName>
<fromObject>
<businessObjectRef>
<objectType>Catia V5</objectType>
<objectName>34610.0.002</objectName>
<objectRevision>004</objectRevision>
</businessObjectRef>
</fromObject>
</history>
<history>
<datetime>2010-04-19T09:00:05Z</datetime>
<agent>tpkkonn</agent>
<event>checkin</event>
<stateName>In Bearbeitung</stateName>
<formatRef>Catia V5 Format</formatRef>
<fileName>34610.0.002_REV004_DECKBLECH.CATDrawing</fileName>
</history>
<history>
<datetime>2010-04-19T14:34:23Z</datetime>
<agent>tpkkonn</agent>
<event>promote</event>
<stateName>Prüfung zur Beschaffung</stateName>
</history>
<history>
<datetime>2010-04-19T14:34:23Z</datetime>
<agent>tpkkonn</agent>
<event>approve</event>
<stateName>In Bearbeitung</stateName>
<signatureName>Konstrukteur gibt in Prüfung zur Beschaffung</signatureName>
</history>
<history>
<datetime>2010-04-21T05:38:22Z</datetime>
<agent>BauerD</agent>
<event>approve</event>
<stateName>Prüfung zur Beschaffung</stateName>
<signatureName>Prüfer gibt frei zur Beschaffung</signatureName>
</history>
<history>
<datetime>2010-04-21T05:38:22Z</datetime>
<agent>BauerD</agent>
<event>promote</event>
<stateName>Freigabe zur Beschaffung</stateName>
</history>
<history>
<datetime>2010-05-18T09:10:57Z</datetime>
<agent>BauerD</agent>
<event>approve</event>
<stateName>Freigabe zur Beschaffung</stateName>
<signatureName>Vorgängerrevision in Beschaffung wird ungültig</signatureName>
</history>
<history>
<datetime>2010-05-18T09:10:57Z</datetime>
<agent>BauerD</agent>
<event>promote</event>
<stateName>Ungültig</stateName>
</history>
</historyList>
<toRelationshipList count="1">
<relationship>
<relationshipDefRef>CATDrawing</relationshipDefRef>
<relatedObject>
<businessObjectRef>
<objectType>Catia V5</objectType>
<objectName>34610.0.002</objectName>
<objectRevision>004</objectRevision>
<vaultRef>Catia</vaultRef>
</businessObjectRef>
</relatedObject>
</relationship>
</toRelationshipList>
<hadFiles/>
<storeType>captured</storeType>
<folderList count="1">
<folder>
<formatRef>Catia V5 Format</formatRef>
<fileList count="1">
<file>
<storeFilename>ftp://matrix@172.16.18.46//stores0803/Catia_V5/c4576d59.d76</storeFilename>
<storeFileAlias>c4576d59.d76</storeFileAlias>
<diskFilename>/P/mod/prodentw/tpkkonn/Porsche/Serie Aktuelle Daten/9X1 Bug oben/20100415-9X1 -Verlaengert u Schweisnaht geaend/34610.0.002_REV004_DECKBLECH.CATDrawing@walde113</diskFilename>
<mode>438</mode>
<uid>0</uid>
<gid>0</gid>
<size>1811314</size>
<storeRef>Catia V5 Daten</storeRef>
</file>
</fileList>
</folder>
</folderList>
</businessObject>
</ematrix>
