<?xml version="1.0" encoding="UTF-8" ?>
<!-- (c)MatrixOne, Inc., 2000 -->
<!DOCTYPE ematrix SYSTEM "ematrixml.dtd">
<ematrix>
<creationProperties>
<release>10.6.3.0-Global</release>
<datetime>2024-05-31T13:36:26Z</datetime>
<event>export</event>
<dtdInfo>&ematrixProductDtd;</dtdInfo>
</creationProperties>
<businessObject id="27212.3559.24178.64868">
<objectType>Catia ET/ZSB</objectType>
<objectName>34610.0.010</objectName>
<objectRevision>012</objectRevision>
<vaultRef>Catia</vaultRef>
<policyRef>Produkt - Catia ET/ZSB</policyRef>
<owner>
<userRef>tpkkonn</userRef>
</owner>
<description>Einlegteil</description>
<creationInfo>
<datetime>2011-03-01T09:28:39Z</datetime>
</creationInfo>
<modificationInfo>
<datetime>2011-08-12T08:32:38Z</datetime>
</modificationInfo>

<attributeList count="11">
<attribute>
<name>Beschreibung Status-Änderung</name>
<string>Datensicherung</string>
</attribute>
<attribute>
<name>Material - OLD</name>
<string></string>
</attribute>
<attribute>
<name>Datum Freigabe</name>
<string>17.03.11</string>
</attribute>
<attribute>
<name>Ersteller</name>
<string>tpkkonn</string>
</attribute>
<attribute>
<name>Prüfer</name>
<string>BauerD</string>
</attribute>
<attribute>
<name>Werkstoff</name>
<string>PP-E RG30</string>
</attribute>
<attribute>
<name>Filenummer auf Archivband</name>
<integer>0</integer>
</attribute>
<attribute>
<name>Nummer des Archivbands</name>
<string></string>
</attribute>
<attribute>
<name>Datum Archivierung</name>
<string></string>
</attribute>
<attribute>
<name>Datum des Index</name>
<string>17.03.11</string>
</attribute>
<attribute>
<name>Zeichnungsindex</name>
<string>4</string>
</attribute>
</attributeList>
<stateList count="8">
<state>
<name>In Bearbeitung</name>
<stateStatus>enabled</stateStatus>
<actualInfo>
<datetime>2011-03-01T09:28:39Z</datetime>
</actualInfo>
<versionable/>
<stateDuration>
0</stateDuration>
<signatureList count="4">
<signature>
<name>Konstrukteur erzeugt dokumentierten Stand</name>
</signature>
<signature>
<name>Konstrukteur gibt in Prüfung zur Beschaffung</name>
<signed>
<userRef>tpkkonn</userRef>
<signatureType>approved</signatureType>
<valid/>
</signed>
</signature>
<signature>
<name>Konstrukteur setzt in Prüfung zur bedingten Freigabe</name>
</signature>
<signature>
<name>Prüfer setzt ungültig</name>
</signature>
</signatureList>
</state>
<state>
<name>Dokumentierter Stand</name>
<stateStatus>enabled</stateStatus>
<revisionable/>
<versionable/>
<stateDuration>
0</stateDuration>
<signatureList count="3">
<signature>
<name>Konstrukteur gibt Zwischenstand in Prüfung zur Beschaffung</name>
</signature>
<signature>
<name>Konstrukteur gibt Zwischenstand in Prüfung zur bedingten Freigabe</name>
</signature>
<signature>
<name>Prüfer setzt ungültig</name>
</signature>
</signatureList>
</state>
<state>
<name>Prüfung zur bedingten Freigabe</name>
<stateStatus>enabled</stateStatus>
<versionable/>
<stateDuration>
0</stateDuration>
<signatureList count="2">
<signature>
<name>Prüfer setzt ungültig</name>
</signature>
<signature>
<name>Prüfer gibt bedingt frei</name>
</signature>
</signatureList>
</state>
<state>
<name>Bedingte Freigabe zur/für ...</name>
<stateStatus>enabled</stateStatus>
<revisionable/>
<versionable/>
<stateDuration>
0</stateDuration>
<signatureList count="2">
<signature>
<name>Vorgängerrevision in bedingter Freigabe wird ungültig</name>
</signature>
<signature>
<name>Prüfer setzt ungültig</name>
</signature>
</signatureList>
</state>
<state>
<name>Prüfung zur Beschaffung</name>
<stateStatus>enabled</stateStatus>
<actualInfo>
<datetime>2011-03-17T12:13:20Z</datetime>
</actualInfo>
<versionable/>
<stateDuration>
0</stateDuration>
<signatureList count="2">
<signature>
<name>Prüfer gibt frei zur Beschaffung</name>
<signed>
<userRef>BauerD</userRef>
<signatureType>approved</signatureType>
<valid/>
</signed>
</signature>
<signature>
<name>Prüfer setzt ungültig</name>
</signature>
</signatureList>
</state>
<state>
<name>Freigabe zur Beschaffung</name>
<stateStatus>enabled</stateStatus>
<actualInfo>
<datetime>2011-03-17T13:19:14Z</datetime>
</actualInfo>
<revisionable/>
<versionable/>
<stateDuration>
0</stateDuration>
<signatureList count="2">
<signature>
<name>Vorgängerrevision in Beschaffung wird ungültig</name>
<signed>
<userRef>BauerD</userRef>
<signatureType>approved</signatureType>
<valid/>
</signed>
</signature>
<signature>
<name>Prüfer setzt ungültig</name>
</signature>
</signatureList>
</state>
<state>
<name>Nicht mehr gültig</name>
<current/>
<stateStatus>enabled</stateStatus>
<actualInfo>
<datetime>2011-08-12T08:32:38Z</datetime>
</actualInfo>
<versionable/>
<endDate>
<datetime>2024-05-31T13:36:26Z</datetime>
</endDate>
<stateDuration>
0</stateDuration>
<signatureList count="1">
<signature>
<name>Prüfer setzt ungültig</name>
</signature>
</signatureList>
</state>
<state>
<name>Ungültig</name>
<stateStatus>enabled</stateStatus>
<revisionable/>
<versionable/>
<stateDuration>
0</stateDuration>
</state>
</stateList>
<revisions>
<total>10</total>
<previousRevision>
<businessObjectRef>
<objectType>Catia ET/ZSB</objectType>
<objectName>34610.0.010</objectName>
<objectRevision>011</objectRevision>
<vaultRef>Catia</vaultRef>
</businessObjectRef>
</previousRevision>
<nextRevision>
<businessObjectRef>
<objectType>Catia ET/ZSB</objectType>
<objectName>34610.0.010</objectName>
<objectRevision>013</objectRevision>
<vaultRef>Catia</vaultRef>
</businessObjectRef>
</nextRevision>
</revisions>
<historyList count="17">
<history>
<datetime>2011-03-01T09:28:39Z</datetime>
<agent>tpkkonn</agent>
<event>connect</event>
<stateName>In Bearbeitung</stateName>
<relationshipName>Technische Änderung</relationshipName>
<toObject>
<businessObjectRef>
<objectType>Technische Änderung</objectType>
<objectName>34610.0.010</objectName>
<objectRevision>012</objectRevision>
</businessObjectRef>
</toObject>
</history>
<history>
<datetime>2011-03-01T09:28:39Z</datetime>
<agent>tpkkonn</agent>
<event>modifyAttribute</event>
<stateName>In Bearbeitung</stateName>
<name>Prüfer</name>
<value></value>
<replaces>BauerD</replaces>
</history>
<history>
<datetime>2011-03-01T09:28:39Z</datetime>
<agent>tpkkonn</agent>
<event>modifyAttribute</event>
<stateName>In Bearbeitung</stateName>
<name>Datum Freigabe</name>
<value></value>
<replaces>28.02.11</replaces>
</history>
<history>
<datetime>2011-03-01T09:28:39Z</datetime>
<agent>tpkkonn</agent>
<event>create</event>
<stateName>In Bearbeitung</stateName>
<previousRevision>
<businessObjectRef>
<objectType>Catia ET/ZSB</objectType>
<objectName>34610.0.010</objectName>
<objectRevision>011</objectRevision>
</businessObjectRef>
</previousRevision>
</history>
<history>
<datetime>2011-03-01T09:28:39Z</datetime>
<agent>tpkkonn</agent>
<event>connect</event>
<stateName>In Bearbeitung</stateName>
<relationshipName>CAD-Dokument</relationshipName>
<fromObject>
<businessObjectRef>
<objectType>Produkt</objectType>
<objectName>34610.0.010</objectName>
<objectRevision>012</objectRevision>
</businessObjectRef>
</fromObject>
</history>
<history>
<datetime>2011-03-17T10:18:40Z</datetime>
<agent>tpkkonn</agent>
<event>modifyAttribute</event>
<stateName>In Bearbeitung</stateName>
<name>Datum des Index</name>
<value>17.03.11</value>
<replaces>28.02.11</replaces>
</history>
<history>
<datetime>2011-03-17T10:18:40Z</datetime>
<agent>tpkkonn</agent>
<event>modifyAttribute</event>
<stateName>In Bearbeitung</stateName>
<name>Zeichnungsindex</name>
<value>4</value>
<replaces>3</replaces>
</history>
<history>
<datetime>2011-03-17T12:13:20Z</datetime>
<agent>tpkkonn</agent>
<event>promote</event>
<stateName>Prüfung zur Beschaffung</stateName>
</history>
<history>
<datetime>2011-03-17T12:13:20Z</datetime>
<agent>tpkkonn</agent>
<event>approve</event>
<stateName>In Bearbeitung</stateName>
<signatureName>Konstrukteur gibt in Prüfung zur Beschaffung</signatureName>
</history>
<history>
<datetime>2011-03-17T12:13:20Z</datetime>
<agent>tpkkonn</agent>
<event>modifyAttribute</event>
<stateName>In Bearbeitung</stateName>
<name>Datum Freigabe</name>
<value>17.03.11</value>
<replaces></replaces>
</history>
<history>
<datetime>2011-03-17T12:13:20Z</datetime>
<agent>tpkkonn</agent>
<event>modifyAttribute</event>
<stateName>In Bearbeitung</stateName>
<name>Prüfer</name>
<value>tpkkonn</value>
<replaces></replaces>
</history>
<history>
<datetime>2011-03-17T13:19:14Z</datetime>
<agent>BauerD</agent>
<event>approve</event>
<stateName>Prüfung zur Beschaffung</stateName>
<signatureName>Prüfer gibt frei zur Beschaffung</signatureName>
</history>
<history>
<datetime>2011-03-17T13:19:14Z</datetime>
<agent>BauerD</agent>
<event>modifyAttribute</event>
<stateName>Prüfung zur Beschaffung</stateName>
<name>Prüfer</name>
<value>BauerD</value>
<replaces>tpkkonn</replaces>
</history>
<history>
<datetime>2011-03-17T13:19:14Z</datetime>
<agent>BauerD</agent>
<event>promote</event>
<stateName>Freigabe zur Beschaffung</stateName>
</history>
<history>
<datetime>2011-07-29T07:30:25Z</datetime>
<agent>tpkkonn</agent>
<event>revision</event>
<stateName>Freigabe zur Beschaffung</stateName>
<previousRevision>
<businessObjectRef>
<objectType>Catia ET/ZSB</objectType>
<objectName>34610.0.010</objectName>
<objectRevision>013</objectRevision>
</businessObjectRef>
</previousRevision>
</history>
<history>
<datetime>2011-08-12T08:32:38Z</datetime>
<agent>BauerD</agent>
<event>approve</event>
<stateName>Freigabe zur Beschaffung</stateName>
<signatureName>Vorgängerrevision in Beschaffung wird ungültig</signatureName>
</history>
<history>
<datetime>2011-08-12T08:32:38Z</datetime>
<agent>BauerD</agent>
<event>promote</event>
<stateName>Nicht mehr gültig</stateName>
</history>
</historyList>
<fromRelationshipList count="1">
<relationship>
<relationshipDefRef>Technische Änderung</relationshipDefRef>
<relatedObject>
<businessObjectRef>
<objectType>Technische Änderung</objectType>
<objectName>34610.0.010</objectName>
<objectRevision>012</objectRevision>
<vaultRef>Catia</vaultRef>
</businessObjectRef>
</relatedObject>
</relationship>
</fromRelationshipList>
<toRelationshipList count="1">
<relationship>
<relationshipDefRef>CAD-Dokument</relationshipDefRef>
<relatedObject>
<businessObjectRef>
<objectType>Produkt</objectType>
<objectName>34610.0.010</objectName>
<objectRevision>012</objectRevision>
<vaultRef>Catia</vaultRef>
</businessObjectRef>
</relatedObject>
</relationship>
</toRelationshipList>
</businessObject>
</ematrix>
