<?xml version="1.0" encoding="UTF-8" ?>
<!-- (c)MatrixOne, Inc., 2000 -->
<!DOCTYPE ematrix SYSTEM "ematrixml.dtd">
<ematrix>
<creationProperties>
<release>10.6.3.0-Global</release>
<datetime>2024-05-31T13:36:26Z</datetime>
<event>export</event>
<dtdInfo>&ematrixProductDtd;</dtdInfo>
</creationProperties>
<businessObject id="27212.3559.16726.5924">
<objectType>Catia ET/ZSB</objectType>
<objectName>34610.0.004</objectName>
<objectRevision>003</objectRevision>
<vaultRef>Catia</vaultRef>
<policyRef>Produkt - Catia ET/ZSB</policyRef>
<owner>
<userRef>tpkkonn</userRef>
</owner>
<description>Crashbox_Oberteil_li/re</description>
<creationInfo>
<datetime>2009-12-18T13:24:07Z</datetime>
</creationInfo>
<modificationInfo>
<datetime>2011-01-14T12:14:36Z</datetime>
</modificationInfo>

<attributeList count="11">
<attribute>
<name>Beschreibung Status-Änderung</name>
<string>Datensicherung</string>
</attribute>
<attribute>
<name>Material - OLD</name>
<string></string>
</attribute>
<attribute>
<name>Datum Freigabe</name>
<string>18.12.09</string>
</attribute>
<attribute>
<name>Ersteller</name>
<string>tpkkonn</string>
</attribute>
<attribute>
<name>Prüfer</name>
<string>BauerD</string>
</attribute>
<attribute>
<name>Werkstoff</name>
<string>EN AW-5083-H24</string>
</attribute>
<attribute>
<name>Filenummer auf Archivband</name>
<integer>0</integer>
</attribute>
<attribute>
<name>Nummer des Archivbands</name>
<string></string>
</attribute>
<attribute>
<name>Datum Archivierung</name>
<string></string>
</attribute>
<attribute>
<name>Datum des Index</name>
<string>14.12.09</string>
</attribute>
<attribute>
<name>Zeichnungsindex</name>
<string>3</string>
</attribute>
</attributeList>
<stateList count="8">
<state>
<name>In Bearbeitung</name>
<stateStatus>enabled</stateStatus>
<actualInfo>
<datetime>2009-12-18T13:24:07Z</datetime>
</actualInfo>
<versionable/>
<stateDuration>
0</stateDuration>
<signatureList count="4">
<signature>
<name>Konstrukteur erzeugt dokumentierten Stand</name>
<signed>
<userRef>tpkkonn</userRef>
<signatureType>approved</signatureType>
<valid/>
</signed>
</signature>
<signature>
<name>Konstrukteur gibt in Prüfung zur Beschaffung</name>
</signature>
<signature>
<name>Konstrukteur setzt in Prüfung zur bedingten Freigabe</name>
</signature>
<signature>
<name>Prüfer setzt ungültig</name>
</signature>
</signatureList>
</state>
<state>
<name>Dokumentierter Stand</name>
<stateStatus>enabled</stateStatus>
<actualInfo>
<datetime>2009-12-18T13:32:52Z</datetime>
</actualInfo>
<revisionable/>
<versionable/>
<stateDuration>
0</stateDuration>
<signatureList count="3">
<signature>
<name>Konstrukteur gibt Zwischenstand in Prüfung zur Beschaffung</name>
<signed>
<userRef>tpkkonn</userRef>
<signatureType>approved</signatureType>
<valid/>
</signed>
</signature>
<signature>
<name>Konstrukteur gibt Zwischenstand in Prüfung zur bedingten Freigabe</name>
</signature>
<signature>
<name>Prüfer setzt ungültig</name>
</signature>
</signatureList>
</state>
<state>
<name>Prüfung zur bedingten Freigabe</name>
<stateStatus>enabled</stateStatus>
<versionable/>
<stateDuration>
0</stateDuration>
<signatureList count="2">
<signature>
<name>Prüfer setzt ungültig</name>
</signature>
<signature>
<name>Prüfer gibt bedingt frei</name>
</signature>
</signatureList>
</state>
<state>
<name>Bedingte Freigabe zur/für ...</name>
<stateStatus>enabled</stateStatus>
<revisionable/>
<versionable/>
<stateDuration>
0</stateDuration>
<signatureList count="2">
<signature>
<name>Vorgängerrevision in bedingter Freigabe wird ungültig</name>
</signature>
<signature>
<name>Prüfer setzt ungültig</name>
</signature>
</signatureList>
</state>
<state>
<name>Prüfung zur Beschaffung</name>
<stateStatus>enabled</stateStatus>
<actualInfo>
<datetime>2009-12-18T13:59:54Z</datetime>
</actualInfo>
<versionable/>
<stateDuration>
0</stateDuration>
<signatureList count="2">
<signature>
<name>Prüfer gibt frei zur Beschaffung</name>
<signed>
<userRef>BauerD</userRef>
<signatureType>approved</signatureType>
<valid/>
</signed>
</signature>
<signature>
<name>Prüfer setzt ungültig</name>
</signature>
</signatureList>
</state>
<state>
<name>Freigabe zur Beschaffung</name>
<current/>
<stateStatus>enabled</stateStatus>
<actualInfo>
<datetime>2009-12-18T14:15:52Z</datetime>
</actualInfo>
<revisionable/>
<versionable/>
<endDate>
<datetime>2024-05-31T13:36:26Z</datetime>
</endDate>
<stateDuration>
0</stateDuration>
<signatureList count="2">
<signature>
<name>Vorgängerrevision in Beschaffung wird ungültig</name>
</signature>
<signature>
<name>Prüfer setzt ungültig</name>
</signature>
</signatureList>
</state>
<state>
<name>Nicht mehr gültig</name>
<stateStatus>enabled</stateStatus>
<versionable/>
<stateDuration>
0</stateDuration>
<signatureList count="1">
<signature>
<name>Prüfer setzt ungültig</name>
</signature>
</signatureList>
</state>
<state>
<name>Ungültig</name>
<stateStatus>enabled</stateStatus>
<revisionable/>
<versionable/>
<stateDuration>
0</stateDuration>
</state>
</stateList>
<revisions>
<total>4</total>
<previousRevision>
<businessObjectRef>
<objectType>Catia ET/ZSB</objectType>
<objectName>34610.0.004</objectName>
<objectRevision>002</objectRevision>
<vaultRef>Catia</vaultRef>
</businessObjectRef>
</previousRevision>
<nextRevision>
<businessObjectRef>
<objectType>Catia ET/ZSB</objectType>
<objectName>34610.0.004</objectName>
<objectRevision>004</objectRevision>
<vaultRef>Catia</vaultRef>
</businessObjectRef>
</nextRevision>
</revisions>
<historyList count="14">
<history>
<datetime>2009-12-18T13:24:07Z</datetime>
<agent>tpkkonn</agent>
<event>create</event>
<stateName>In Bearbeitung</stateName>
<previousRevision>
<businessObjectRef>
<objectType>Catia ET/ZSB</objectType>
<objectName>34610.0.004</objectName>
<objectRevision>002</objectRevision>
</businessObjectRef>
</previousRevision>
</history>
<history>
<datetime>2009-12-18T13:24:07Z</datetime>
<agent>tpkkonn</agent>
<event>connect</event>
<stateName>In Bearbeitung</stateName>
<relationshipName>CAD-Dokument</relationshipName>
<fromObject>
<businessObjectRef>
<objectType>Produkt</objectType>
<objectName>34610.0.004</objectName>
<objectRevision>003</objectRevision>
</businessObjectRef>
</fromObject>
</history>
<history>
<datetime>2009-12-18T13:32:06Z</datetime>
<agent>tpkkonn</agent>
<event>modifyAttribute</event>
<stateName>In Bearbeitung</stateName>
<name>Datum des Index</name>
<value>14.12.09</value>
<replaces>07.09.09</replaces>
</history>
<history>
<datetime>2009-12-18T13:32:06Z</datetime>
<agent>tpkkonn</agent>
<event>modifyAttribute</event>
<stateName>In Bearbeitung</stateName>
<name>Zeichnungsindex</name>
<value>3</value>
<replaces>-</replaces>
</history>
<history>
<datetime>2009-12-18T13:32:52Z</datetime>
<agent>tpkkonn</agent>
<event>approve</event>
<stateName>In Bearbeitung</stateName>
<signatureName>Konstrukteur erzeugt dokumentierten Stand</signatureName>
</history>
<history>
<datetime>2009-12-18T13:32:52Z</datetime>
<agent>tpkkonn</agent>
<event>promote</event>
<stateName>Dokumentierter Stand</stateName>
</history>
<history>
<datetime>2009-12-18T13:59:54Z</datetime>
<agent>tpkkonn</agent>
<event>promote</event>
<stateName>Prüfung zur Beschaffung</stateName>
</history>
<history>
<datetime>2009-12-18T13:59:54Z</datetime>
<agent>tpkkonn</agent>
<event>approve</event>
<stateName>Dokumentierter Stand</stateName>
<signatureName>Konstrukteur gibt Zwischenstand in Prüfung zur Beschaffung</signatureName>
</history>
<history>
<datetime>2009-12-18T13:59:54Z</datetime>
<agent>tpkkonn</agent>
<event>modifyAttribute</event>
<stateName>Dokumentierter Stand</stateName>
<name>Datum Freigabe</name>
<value>18.12.09</value>
<replaces></replaces>
</history>
<history>
<datetime>2009-12-18T13:59:54Z</datetime>
<agent>tpkkonn</agent>
<event>modifyAttribute</event>
<stateName>Dokumentierter Stand</stateName>
<name>Prüfer</name>
<value>tpkkonn</value>
<replaces></replaces>
</history>
<history>
<datetime>2009-12-18T14:15:51Z</datetime>
<agent>BauerD</agent>
<event>modifyAttribute</event>
<stateName>Prüfung zur Beschaffung</stateName>
<name>Prüfer</name>
<value>BauerD</value>
<replaces>tpkkonn</replaces>
</history>
<history>
<datetime>2009-12-18T14:15:51Z</datetime>
<agent>BauerD</agent>
<event>approve</event>
<stateName>Prüfung zur Beschaffung</stateName>
<signatureName>Prüfer gibt frei zur Beschaffung</signatureName>
</history>
<history>
<datetime>2009-12-18T14:15:52Z</datetime>
<agent>BauerD</agent>
<event>promote</event>
<stateName>Freigabe zur Beschaffung</stateName>
</history>
<history>
<datetime>2011-01-14T12:14:36Z</datetime>
<agent>tpkkonn</agent>
<event>revision</event>
<stateName>Freigabe zur Beschaffung</stateName>
<previousRevision>
<businessObjectRef>
<objectType>Catia ET/ZSB</objectType>
<objectName>34610.0.004</objectName>
<objectRevision>004</objectRevision>
</businessObjectRef>
</previousRevision>
</history>
</historyList>
<toRelationshipList count="1">
<relationship>
<relationshipDefRef>CAD-Dokument</relationshipDefRef>
<relatedObject>
<businessObjectRef>
<objectType>Produkt</objectType>
<objectName>34610.0.004</objectName>
<objectRevision>003</objectRevision>
<vaultRef>Catia</vaultRef>
</businessObjectRef>
</relatedObject>
</relationship>
</toRelationshipList>
</businessObject>
</ematrix>
