<?xml version="1.0" encoding="UTF-8" ?>
<!-- (c)MatrixOne, Inc., 2000 -->
<!DOCTYPE ematrix SYSTEM "ematrixml.dtd">
<ematrix>
<creationProperties>
<release>10.6.3.0-Global</release>
<datetime>2024-05-31T13:36:24Z</datetime>
<event>export</event>
<dtdInfo>&ematrixProductDtd;</dtdInfo>
</creationProperties>
<businessObject id="27212.3559.5550.58404">
<objectType>Catia ET/ZSB</objectType>
<objectName>34610.0.203</objectName>
<objectRevision>003</objectRevision>
<vaultRef>Catia</vaultRef>
<policyRef>Produkt - Catia ET/ZSB</policyRef>
<owner>
<userRef>tpkkonn</userRef>
</owner>
<description>Crashbox</description>
<creationInfo>
<datetime>2011-01-14T10:51:38Z</datetime>
</creationInfo>
<modificationInfo>
<datetime>2011-05-05T13:57:59Z</datetime>
</modificationInfo>

<attributeList count="11">
<attribute>
<name>Beschreibung Status-Änderung</name>
<string>Datensicherung</string>
</attribute>
<attribute>
<name>Material - OLD</name>
<string></string>
</attribute>
<attribute>
<name>Datum Freigabe</name>
<string></string>
</attribute>
<attribute>
<name>Ersteller</name>
<string>tpkkonn</string>
</attribute>
<attribute>
<name>Prüfer</name>
<string></string>
</attribute>
<attribute>
<name>Werkstoff</name>
<string>Siehe ET</string>
</attribute>
<attribute>
<name>Filenummer auf Archivband</name>
<integer>0</integer>
</attribute>
<attribute>
<name>Nummer des Archivbands</name>
<string></string>
</attribute>
<attribute>
<name>Datum Archivierung</name>
<string></string>
</attribute>
<attribute>
<name>Datum des Index</name>
<string>Siehe ET</string>
</attribute>
<attribute>
<name>Zeichnungsindex</name>
<string>Siehe ET</string>
</attribute>
</attributeList>
<stateList count="8">
<state>
<name>In Bearbeitung</name>
<stateStatus>enabled</stateStatus>
<actualInfo>
<datetime>2011-01-14T10:51:38Z</datetime>
</actualInfo>
<versionable/>
<stateDuration>
0</stateDuration>
<signatureList count="4">
<signature>
<name>Konstrukteur erzeugt dokumentierten Stand</name>
<signed>
<userRef>tpkkonn</userRef>
<signatureType>approved</signatureType>
<valid/>
</signed>
</signature>
<signature>
<name>Konstrukteur gibt in Prüfung zur Beschaffung</name>
</signature>
<signature>
<name>Konstrukteur setzt in Prüfung zur bedingten Freigabe</name>
</signature>
<signature>
<name>Prüfer setzt ungültig</name>
</signature>
</signatureList>
</state>
<state>
<name>Dokumentierter Stand</name>
<stateStatus>enabled</stateStatus>
<actualInfo>
<datetime>2011-05-05T09:08:37Z</datetime>
</actualInfo>
<revisionable/>
<versionable/>
<stateDuration>
0</stateDuration>
<signatureList count="3">
<signature>
<name>Konstrukteur gibt Zwischenstand in Prüfung zur Beschaffung</name>
</signature>
<signature>
<name>Konstrukteur gibt Zwischenstand in Prüfung zur bedingten Freigabe</name>
</signature>
<signature>
<name>Prüfer setzt ungültig</name>
<signed>
<userRef>BauerD</userRef>
<signatureType>approved</signatureType>
<valid/>
</signed>
</signature>
</signatureList>
</state>
<state>
<name>Prüfung zur bedingten Freigabe</name>
<stateStatus>enabled</stateStatus>
<versionable/>
<stateDuration>
0</stateDuration>
<signatureList count="2">
<signature>
<name>Prüfer setzt ungültig</name>
</signature>
<signature>
<name>Prüfer gibt bedingt frei</name>
</signature>
</signatureList>
</state>
<state>
<name>Bedingte Freigabe zur/für ...</name>
<stateStatus>enabled</stateStatus>
<revisionable/>
<versionable/>
<stateDuration>
0</stateDuration>
<signatureList count="2">
<signature>
<name>Vorgängerrevision in bedingter Freigabe wird ungültig</name>
</signature>
<signature>
<name>Prüfer setzt ungültig</name>
</signature>
</signatureList>
</state>
<state>
<name>Prüfung zur Beschaffung</name>
<stateStatus>enabled</stateStatus>
<versionable/>
<stateDuration>
0</stateDuration>
<signatureList count="2">
<signature>
<name>Prüfer gibt frei zur Beschaffung</name>
</signature>
<signature>
<name>Prüfer setzt ungültig</name>
</signature>
</signatureList>
</state>
<state>
<name>Freigabe zur Beschaffung</name>
<stateStatus>enabled</stateStatus>
<revisionable/>
<versionable/>
<stateDuration>
0</stateDuration>
<signatureList count="2">
<signature>
<name>Vorgängerrevision in Beschaffung wird ungültig</name>
</signature>
<signature>
<name>Prüfer setzt ungültig</name>
</signature>
</signatureList>
</state>
<state>
<name>Nicht mehr gültig</name>
<stateStatus>enabled</stateStatus>
<versionable/>
<stateDuration>
0</stateDuration>
<signatureList count="1">
<signature>
<name>Prüfer setzt ungültig</name>
</signature>
</signatureList>
</state>
<state>
<name>Ungültig</name>
<current/>
<stateStatus>enabled</stateStatus>
<actualInfo>
<datetime>2011-05-05T13:57:59Z</datetime>
</actualInfo>
<revisionable/>
<versionable/>
<endDate>
<datetime>2024-05-31T13:36:24Z</datetime>
</endDate>
<stateDuration>
0</stateDuration>
</state>
</stateList>
<revisions>
<total>3</total>
<previousRevision>
<businessObjectRef>
<objectType>Catia ET/ZSB</objectType>
<objectName>34610.0.203</objectName>
<objectRevision>002</objectRevision>
<vaultRef>Catia</vaultRef>
</businessObjectRef>
</previousRevision>
</revisions>
<historyList count="9">
<history>
<datetime>2011-01-14T10:51:38Z</datetime>
<agent>tpkkonn</agent>
<event>connect</event>
<stateName>In Bearbeitung</stateName>
<relationshipName>CAD-Dokument</relationshipName>
<fromObject>
<businessObjectRef>
<objectType>Produkt</objectType>
<objectName>34610.0.203</objectName>
<objectRevision>003</objectRevision>
</businessObjectRef>
</fromObject>
</history>
<history>
<datetime>2011-01-14T10:51:38Z</datetime>
<agent>tpkkonn</agent>
<event>connect</event>
<stateName>In Bearbeitung</stateName>
<relationshipName>Technische Änderung</relationshipName>
<toObject>
<businessObjectRef>
<objectType>Technische Änderung</objectType>
<objectName>34610.0.203</objectName>
<objectRevision>003</objectRevision>
</businessObjectRef>
</toObject>
</history>
<history>
<datetime>2011-01-14T10:51:38Z</datetime>
<agent>tpkkonn</agent>
<event>modifyAttribute</event>
<stateName>In Bearbeitung</stateName>
<name>Prüfer</name>
<value></value>
<replaces>BauerD</replaces>
</history>
<history>
<datetime>2011-01-14T10:51:38Z</datetime>
<agent>tpkkonn</agent>
<event>modifyAttribute</event>
<stateName>In Bearbeitung</stateName>
<name>Datum Freigabe</name>
<value></value>
<replaces>23.03.10</replaces>
</history>
<history>
<datetime>2011-01-14T10:51:38Z</datetime>
<agent>tpkkonn</agent>
<event>create</event>
<stateName>In Bearbeitung</stateName>
<previousRevision>
<businessObjectRef>
<objectType>Catia ET/ZSB</objectType>
<objectName>34610.0.203</objectName>
<objectRevision>002</objectRevision>
</businessObjectRef>
</previousRevision>
</history>
<history>
<datetime>2011-05-05T09:08:37Z</datetime>
<agent>tpkkonn</agent>
<event>approve</event>
<stateName>In Bearbeitung</stateName>
<signatureName>Konstrukteur erzeugt dokumentierten Stand</signatureName>
</history>
<history>
<datetime>2011-05-05T09:08:37Z</datetime>
<agent>tpkkonn</agent>
<event>promote</event>
<stateName>Dokumentierter Stand</stateName>
</history>
<history>
<datetime>2011-05-05T13:57:59Z</datetime>
<agent>BauerD</agent>
<event>approve</event>
<stateName>Dokumentierter Stand</stateName>
<signatureName>Prüfer setzt ungültig</signatureName>
</history>
<history>
<datetime>2011-05-05T13:57:59Z</datetime>
<agent>BauerD</agent>
<event>promote</event>
<stateName>Ungültig</stateName>
</history>
</historyList>
<fromRelationshipList count="1">
<relationship>
<relationshipDefRef>Technische Änderung</relationshipDefRef>
<relatedObject>
<businessObjectRef>
<objectType>Technische Änderung</objectType>
<objectName>34610.0.203</objectName>
<objectRevision>003</objectRevision>
<vaultRef>Catia</vaultRef>
</businessObjectRef>
</relatedObject>
</relationship>
</fromRelationshipList>
<toRelationshipList count="1">
<relationship>
<relationshipDefRef>CAD-Dokument</relationshipDefRef>
<relatedObject>
<businessObjectRef>
<objectType>Produkt</objectType>
<objectName>34610.0.203</objectName>
<objectRevision>003</objectRevision>
<vaultRef>Catia</vaultRef>
</businessObjectRef>
</relatedObject>
</relationship>
</toRelationshipList>
</businessObject>
</ematrix>
