<?xml version="1.0" encoding="UTF-8" ?>
<!-- (c)MatrixOne, Inc., 2000 -->
<!DOCTYPE ematrix SYSTEM "ematrixml.dtd">
<ematrix>
<creationProperties>
<release>10.6.3.0-Global</release>
<datetime>2024-05-31T13:36:25Z</datetime>
<event>export</event>
<dtdInfo>&ematrixProductDtd;</dtdInfo>
</creationProperties>
<businessObject id="27212.3559.11459.13064">
<objectType>Catia ET/ZSB</objectType>
<objectName>34610.0.250</objectName>
<objectRevision>005</objectRevision>
<vaultRef>Catia</vaultRef>
<policyRef>Produkt - Catia ET/ZSB</policyRef>
<owner>
<userRef>tpkkonn</userRef>
</owner>
<description>Schweissnaehte
991.505.521.00-TM25</description>
<creationInfo>
<datetime>2010-06-21T12:21:41Z</datetime>
</creationInfo>
<modificationInfo>
<datetime>2010-07-02T05:38:42Z</datetime>
</modificationInfo>

<attributeList count="11">
<attribute>
<name>Beschreibung Status-Änderung</name>
<string>SFI-Prüfung</string>
</attribute>
<attribute>
<name>Material - OLD</name>
<string></string>
</attribute>
<attribute>
<name>Datum Freigabe</name>
<string>02.07.10</string>
</attribute>
<attribute>
<name>Ersteller</name>
<string>tpkkonn</string>
</attribute>
<attribute>
<name>Prüfer</name>
<string>BauerD</string>
</attribute>
<attribute>
<name>Werkstoff</name>
<string>siehe ETZ</string>
</attribute>
<attribute>
<name>Filenummer auf Archivband</name>
<integer>0</integer>
</attribute>
<attribute>
<name>Nummer des Archivbands</name>
<string></string>
</attribute>
<attribute>
<name>Datum Archivierung</name>
<string></string>
</attribute>
<attribute>
<name>Datum des Index</name>
<string>23.06.10</string>
</attribute>
<attribute>
<name>Zeichnungsindex</name>
<string>2</string>
</attribute>
</attributeList>
<stateList count="8">
<state>
<name>In Bearbeitung</name>
<stateStatus>enabled</stateStatus>
<actualInfo>
<datetime>2010-06-21T12:21:41Z</datetime>
</actualInfo>
<versionable/>
<stateDuration>
0</stateDuration>
<signatureList count="4">
<signature>
<name>Konstrukteur erzeugt dokumentierten Stand</name>
<signed>
<userRef>tpkkonn</userRef>
<signatureType>approved</signatureType>
<valid/>
</signed>
</signature>
<signature>
<name>Konstrukteur gibt in Prüfung zur Beschaffung</name>
</signature>
<signature>
<name>Konstrukteur setzt in Prüfung zur bedingten Freigabe</name>
</signature>
<signature>
<name>Prüfer setzt ungültig</name>
</signature>
</signatureList>
</state>
<state>
<name>Dokumentierter Stand</name>
<stateStatus>enabled</stateStatus>
<actualInfo>
<datetime>2010-06-29T08:24:47Z</datetime>
</actualInfo>
<revisionable/>
<versionable/>
<stateDuration>
0</stateDuration>
<signatureList count="3">
<signature>
<name>Konstrukteur gibt Zwischenstand in Prüfung zur Beschaffung</name>
<signed>
<userRef>SterczF</userRef>
<signatureType>approved</signatureType>
<valid/>
</signed>
</signature>
<signature>
<name>Konstrukteur gibt Zwischenstand in Prüfung zur bedingten Freigabe</name>
</signature>
<signature>
<name>Prüfer setzt ungültig</name>
</signature>
</signatureList>
</state>
<state>
<name>Prüfung zur bedingten Freigabe</name>
<stateStatus>enabled</stateStatus>
<versionable/>
<stateDuration>
0</stateDuration>
<signatureList count="2">
<signature>
<name>Prüfer setzt ungültig</name>
</signature>
<signature>
<name>Prüfer gibt bedingt frei</name>
</signature>
</signatureList>
</state>
<state>
<name>Bedingte Freigabe zur/für ...</name>
<stateStatus>enabled</stateStatus>
<revisionable/>
<versionable/>
<stateDuration>
0</stateDuration>
<signatureList count="2">
<signature>
<name>Vorgängerrevision in bedingter Freigabe wird ungültig</name>
</signature>
<signature>
<name>Prüfer setzt ungültig</name>
</signature>
</signatureList>
</state>
<state>
<name>Prüfung zur Beschaffung</name>
<stateStatus>enabled</stateStatus>
<actualInfo>
<datetime>2010-06-29T10:29:58Z</datetime>
</actualInfo>
<versionable/>
<stateDuration>
0</stateDuration>
<signatureList count="2">
<signature>
<name>Prüfer gibt frei zur Beschaffung</name>
<signed>
<userRef>BauerD</userRef>
<signatureType>approved</signatureType>
<valid/>
</signed>
</signature>
<signature>
<name>Prüfer setzt ungültig</name>
</signature>
</signatureList>
</state>
<state>
<name>Freigabe zur Beschaffung</name>
<current/>
<stateStatus>enabled</stateStatus>
<actualInfo>
<datetime>2010-07-02T05:38:42Z</datetime>
</actualInfo>
<revisionable/>
<versionable/>
<endDate>
<datetime>2024-05-31T13:36:25Z</datetime>
</endDate>
<stateDuration>
0</stateDuration>
<signatureList count="2">
<signature>
<name>Vorgängerrevision in Beschaffung wird ungültig</name>
</signature>
<signature>
<name>Prüfer setzt ungültig</name>
</signature>
</signatureList>
</state>
<state>
<name>Nicht mehr gültig</name>
<stateStatus>enabled</stateStatus>
<versionable/>
<stateDuration>
0</stateDuration>
<signatureList count="1">
<signature>
<name>Prüfer setzt ungültig</name>
</signature>
</signatureList>
</state>
<state>
<name>Ungültig</name>
<stateStatus>enabled</stateStatus>
<revisionable/>
<versionable/>
<stateDuration>
0</stateDuration>
</state>
</stateList>
<revisions>
<total>5</total>
<previousRevision>
<businessObjectRef>
<objectType>Catia ET/ZSB</objectType>
<objectName>34610.0.250</objectName>
<objectRevision>004</objectRevision>
<vaultRef>Catia</vaultRef>
</businessObjectRef>
</previousRevision>
</revisions>
<historyList count="14">
<history>
<datetime>2010-06-21T12:21:41Z</datetime>
<agent>tpkkonn</agent>
<event>create</event>
<stateName>In Bearbeitung</stateName>
<previousRevision>
<businessObjectRef>
<objectType>Catia ET/ZSB</objectType>
<objectName>34610.0.250</objectName>
<objectRevision>004</objectRevision>
</businessObjectRef>
</previousRevision>
</history>
<history>
<datetime>2010-06-21T12:21:41Z</datetime>
<agent>tpkkonn</agent>
<event>connect</event>
<stateName>In Bearbeitung</stateName>
<relationshipName>CAD-Dokument</relationshipName>
<fromObject>
<businessObjectRef>
<objectType>Produkt</objectType>
<objectName>34610.0.250</objectName>
<objectRevision>005</objectRevision>
</businessObjectRef>
</fromObject>
</history>
<history>
<datetime>2010-06-29T08:06:10Z</datetime>
<agent>tpkkonn</agent>
<event>modifyAttribute</event>
<stateName>In Bearbeitung</stateName>
<name>Datum des Index</name>
<value>23.06.10</value>
<replaces>16.03.10</replaces>
</history>
<history>
<datetime>2010-06-29T08:06:10Z</datetime>
<agent>tpkkonn</agent>
<event>modifyAttribute</event>
<stateName>In Bearbeitung</stateName>
<name>Zeichnungsindex</name>
<value>2</value>
<replaces>-</replaces>
</history>
<history>
<datetime>2010-06-29T08:24:47Z</datetime>
<agent>tpkkonn</agent>
<event>promote</event>
<stateName>Dokumentierter Stand</stateName>
</history>
<history>
<datetime>2010-06-29T08:24:47Z</datetime>
<agent>tpkkonn</agent>
<event>approve</event>
<stateName>In Bearbeitung</stateName>
<signatureName>Konstrukteur erzeugt dokumentierten Stand</signatureName>
</history>
<history>
<datetime>2010-06-29T10:29:58Z</datetime>
<agent>SterczF</agent>
<event>promote</event>
<stateName>Prüfung zur Beschaffung</stateName>
</history>
<history>
<datetime>2010-06-29T10:29:58Z</datetime>
<agent>SterczF</agent>
<event>approve</event>
<stateName>Dokumentierter Stand</stateName>
<signatureName>Konstrukteur gibt Zwischenstand in Prüfung zur Beschaffung</signatureName>
</history>
<history>
<datetime>2010-06-29T10:29:58Z</datetime>
<agent>SterczF</agent>
<event>modifyAttribute</event>
<stateName>Dokumentierter Stand</stateName>
<name>Datum Freigabe</name>
<value>29.06.10</value>
<replaces></replaces>
</history>
<history>
<datetime>2010-06-29T10:29:58Z</datetime>
<agent>SterczF</agent>
<event>modifyAttribute</event>
<stateName>Dokumentierter Stand</stateName>
<name>Prüfer</name>
<value>tpkkonn</value>
<replaces></replaces>
</history>
<history>
<datetime>2010-07-02T05:38:42Z</datetime>
<agent>BauerD</agent>
<event>approve</event>
<stateName>Prüfung zur Beschaffung</stateName>
<signatureName>Prüfer gibt frei zur Beschaffung</signatureName>
</history>
<history>
<datetime>2010-07-02T05:38:42Z</datetime>
<agent>BauerD</agent>
<event>modifyAttribute</event>
<stateName>Prüfung zur Beschaffung</stateName>
<name>Datum Freigabe</name>
<value>02.07.10</value>
<replaces>29.06.10</replaces>
</history>
<history>
<datetime>2010-07-02T05:38:42Z</datetime>
<agent>BauerD</agent>
<event>modifyAttribute</event>
<stateName>Prüfung zur Beschaffung</stateName>
<name>Prüfer</name>
<value>BauerD</value>
<replaces>tpkkonn</replaces>
</history>
<history>
<datetime>2010-07-02T05:38:42Z</datetime>
<agent>BauerD</agent>
<event>promote</event>
<stateName>Freigabe zur Beschaffung</stateName>
</history>
</historyList>
<toRelationshipList count="1">
<relationship>
<relationshipDefRef>CAD-Dokument</relationshipDefRef>
<relatedObject>
<businessObjectRef>
<objectType>Produkt</objectType>
<objectName>34610.0.250</objectName>
<objectRevision>005</objectRevision>
<vaultRef>Catia</vaultRef>
</businessObjectRef>
</relatedObject>
</relationship>
</toRelationshipList>
</businessObject>
</ematrix>
