<?xml version="1.0" encoding="UTF-8" ?>
<!-- (c)MatrixOne, Inc., 2000 -->
<!DOCTYPE ematrix SYSTEM "ematrixml.dtd">
<ematrix>
<creationProperties>
<release>10.6.3.0-Global</release>
<datetime>2024-05-31T13:36:27Z</datetime>
<event>export</event>
<dtdInfo>&ematrixProductDtd;</dtdInfo>
</creationProperties>
<businessObject id="27212.3559.25988.43936">
<objectType>Catia ET/ZSB</objectType>
<objectName>34610.0.201</objectName>
<objectRevision>011</objectRevision>
<vaultRef>Catia</vaultRef>
<policyRef>Produkt - Catia ET/ZSB</policyRef>
<owner>
<userRef>tpklang</userRef>
</owner>
<description>Einlegeteil (Schaum)</description>
<creationInfo>
<datetime>2015-06-15T12:52:50Z</datetime>
</creationInfo>
<modificationInfo>
<datetime>2015-06-16T12:31:46Z</datetime>
</modificationInfo>

<attributeList count="11">
<attribute>
<name>Beschreibung Status-Änderung</name>
<string></string>
</attribute>
<attribute>
<name>Material - OLD</name>
<string></string>
</attribute>
<attribute>
<name>Datum Freigabe</name>
<string>16.06.15</string>
</attribute>
<attribute>
<name>Ersteller</name>
<string>tpklang</string>
</attribute>
<attribute>
<name>Prüfer</name>
<string>BauerD</string>
</attribute>
<attribute>
<name>Werkstoff</name>
<string>siehe ETZ (Einzelteilzeichnung)</string>
</attribute>
<attribute>
<name>Filenummer auf Archivband</name>
<integer>0</integer>
</attribute>
<attribute>
<name>Nummer des Archivbands</name>
<string></string>
</attribute>
<attribute>
<name>Datum Archivierung</name>
<string></string>
</attribute>
<attribute>
<name>Datum des Index</name>
<string>-</string>
</attribute>
<attribute>
<name>Zeichnungsindex</name>
<string>-</string>
</attribute>
</attributeList>
<stateList count="8">
<state>
<name>In Bearbeitung</name>
<stateStatus>enabled</stateStatus>
<actualInfo>
<datetime>2015-06-15T12:52:50Z</datetime>
</actualInfo>
<versionable/>
<stateDuration>
0</stateDuration>
<signatureList count="4">
<signature>
<name>Konstrukteur erzeugt dokumentierten Stand</name>
</signature>
<signature>
<name>Konstrukteur gibt in Prüfung zur Beschaffung</name>
<signed>
<userRef>tpklang</userRef>
<signatureType>approved</signatureType>
<valid/>
</signed>
</signature>
<signature>
<name>Konstrukteur setzt in Prüfung zur bedingten Freigabe</name>
</signature>
<signature>
<name>Prüfer setzt ungültig</name>
</signature>
</signatureList>
</state>
<state>
<name>Dokumentierter Stand</name>
<stateStatus>enabled</stateStatus>
<revisionable/>
<versionable/>
<stateDuration>
0</stateDuration>
<signatureList count="3">
<signature>
<name>Konstrukteur gibt Zwischenstand in Prüfung zur Beschaffung</name>
</signature>
<signature>
<name>Konstrukteur gibt Zwischenstand in Prüfung zur bedingten Freigabe</name>
</signature>
<signature>
<name>Prüfer setzt ungültig</name>
</signature>
</signatureList>
</state>
<state>
<name>Prüfung zur bedingten Freigabe</name>
<stateStatus>enabled</stateStatus>
<versionable/>
<stateDuration>
0</stateDuration>
<signatureList count="2">
<signature>
<name>Prüfer setzt ungültig</name>
</signature>
<signature>
<name>Prüfer gibt bedingt frei</name>
</signature>
</signatureList>
</state>
<state>
<name>Bedingte Freigabe zur/für ...</name>
<stateStatus>enabled</stateStatus>
<revisionable/>
<versionable/>
<stateDuration>
0</stateDuration>
<signatureList count="2">
<signature>
<name>Vorgängerrevision in bedingter Freigabe wird ungültig</name>
</signature>
<signature>
<name>Prüfer setzt ungültig</name>
</signature>
</signatureList>
</state>
<state>
<name>Prüfung zur Beschaffung</name>
<stateStatus>enabled</stateStatus>
<actualInfo>
<datetime>2015-06-16T06:52:46Z</datetime>
</actualInfo>
<versionable/>
<stateDuration>
0</stateDuration>
<signatureList count="2">
<signature>
<name>Prüfer gibt frei zur Beschaffung</name>
<signed>
<userRef>BauerD</userRef>
<signatureType>approved</signatureType>
<valid/>
</signed>
</signature>
<signature>
<name>Prüfer setzt ungültig</name>
</signature>
</signatureList>
</state>
<state>
<name>Freigabe zur Beschaffung</name>
<current/>
<stateStatus>enabled</stateStatus>
<actualInfo>
<datetime>2015-06-16T12:31:46Z</datetime>
</actualInfo>
<revisionable/>
<versionable/>
<endDate>
<datetime>2024-05-31T13:36:27Z</datetime>
</endDate>
<stateDuration>
0</stateDuration>
<signatureList count="2">
<signature>
<name>Vorgängerrevision in Beschaffung wird ungültig</name>
</signature>
<signature>
<name>Prüfer setzt ungültig</name>
</signature>
</signatureList>
</state>
<state>
<name>Nicht mehr gültig</name>
<stateStatus>enabled</stateStatus>
<versionable/>
<stateDuration>
0</stateDuration>
<signatureList count="1">
<signature>
<name>Prüfer setzt ungültig</name>
</signature>
</signatureList>
</state>
<state>
<name>Ungültig</name>
<stateStatus>enabled</stateStatus>
<revisionable/>
<versionable/>
<stateDuration>
0</stateDuration>
</state>
</stateList>
<revisions>
<total>11</total>
<previousRevision>
<businessObjectRef>
<objectType>Catia ET/ZSB</objectType>
<objectName>34610.0.201</objectName>
<objectRevision>010</objectRevision>
<vaultRef>Catia</vaultRef>
</businessObjectRef>
</previousRevision>
</revisions>
<historyList count="15">
<history>
<datetime>2015-06-15T12:52:50Z</datetime>
<agent>tpklang</agent>
<event>modifyAttribute</event>
<stateName>In Bearbeitung</stateName>
<name>Ersteller</name>
<value>tpklang</value>
<replaces>tpkkonn</replaces>
</history>
<history>
<datetime>2015-06-15T12:52:50Z</datetime>
<agent>tpklang</agent>
<event>modifyAttribute</event>
<stateName>In Bearbeitung</stateName>
<name>Prüfer</name>
<value></value>
<replaces>BauerD</replaces>
</history>
<history>
<datetime>2015-06-15T12:52:50Z</datetime>
<agent>tpklang</agent>
<event>modifyAttribute</event>
<stateName>In Bearbeitung</stateName>
<name>Datum Freigabe</name>
<value></value>
<replaces>12.08.11</replaces>
</history>
<history>
<datetime>2015-06-15T12:52:50Z</datetime>
<agent>tpklang</agent>
<event>connect</event>
<stateName>In Bearbeitung</stateName>
<relationshipName>CAD-Dokument</relationshipName>
<fromObject>
<businessObjectRef>
<objectType>Produkt</objectType>
<objectName>34610.0.201</objectName>
<objectRevision>011</objectRevision>
</businessObjectRef>
</fromObject>
</history>
<history>
<datetime>2015-06-15T12:52:50Z</datetime>
<agent>tpklang</agent>
<event>connect</event>
<stateName>In Bearbeitung</stateName>
<relationshipName>Technische Änderung</relationshipName>
<toObject>
<businessObjectRef>
<objectType>Technische Änderung</objectType>
<objectName>34610.0.010</objectName>
<objectRevision>014</objectRevision>
</businessObjectRef>
</toObject>
</history>
<history>
<datetime>2015-06-15T12:52:50Z</datetime>
<agent>tpklang</agent>
<event>create</event>
<stateName>In Bearbeitung</stateName>
<previousRevision>
<businessObjectRef>
<objectType>Catia ET/ZSB</objectType>
<objectName>34610.0.201</objectName>
<objectRevision>010</objectRevision>
</businessObjectRef>
</previousRevision>
</history>
<history>
<datetime>2015-06-16T06:49:19Z</datetime>
<agent>tpklang</agent>
<event>checkin</event>
<stateName>In Bearbeitung</stateName>
<formatRef>Format Model</formatRef>
<fileName>34610.0.201±REV±011.model</fileName>
</history>
<history>
<datetime>2015-06-16T06:52:23Z</datetime>
<agent>tpklang</agent>
<event>modifyAttribute</event>
<stateName>In Bearbeitung</stateName>
<name>Beschreibung Status-Änderung</name>
<value></value>
<replaces>Datensicherung</replaces>
</history>
<history>
<datetime>2015-06-16T06:52:46Z</datetime>
<agent>tpklang</agent>
<event>approve</event>
<stateName>In Bearbeitung</stateName>
<signatureName>Konstrukteur gibt in Prüfung zur Beschaffung</signatureName>
</history>
<history>
<datetime>2015-06-16T06:52:46Z</datetime>
<agent>tpklang</agent>
<event>modifyAttribute</event>
<stateName>In Bearbeitung</stateName>
<name>Datum Freigabe</name>
<value>16.06.15</value>
<replaces></replaces>
</history>
<history>
<datetime>2015-06-16T06:52:46Z</datetime>
<agent>tpklang</agent>
<event>modifyAttribute</event>
<stateName>In Bearbeitung</stateName>
<name>Prüfer</name>
<value>tpklang</value>
<replaces></replaces>
</history>
<history>
<datetime>2015-06-16T06:52:46Z</datetime>
<agent>tpklang</agent>
<event>promote</event>
<stateName>Prüfung zur Beschaffung</stateName>
</history>
<history>
<datetime>2015-06-16T12:31:46Z</datetime>
<agent>BauerD</agent>
<event>approve</event>
<stateName>Prüfung zur Beschaffung</stateName>
<signatureName>Prüfer gibt frei zur Beschaffung</signatureName>
</history>
<history>
<datetime>2015-06-16T12:31:46Z</datetime>
<agent>BauerD</agent>
<event>modifyAttribute</event>
<stateName>Prüfung zur Beschaffung</stateName>
<name>Prüfer</name>
<value>BauerD</value>
<replaces>tpklang</replaces>
</history>
<history>
<datetime>2015-06-16T12:31:46Z</datetime>
<agent>BauerD</agent>
<event>promote</event>
<stateName>Freigabe zur Beschaffung</stateName>
</history>
</historyList>
<fromRelationshipList count="1">
<relationship>
<relationshipDefRef>Technische Änderung</relationshipDefRef>
<relatedObject>
<businessObjectRef>
<objectType>Technische Änderung</objectType>
<objectName>34610.0.010</objectName>
<objectRevision>014</objectRevision>
<vaultRef>Catia</vaultRef>
</businessObjectRef>
</relatedObject>
</relationship>
</fromRelationshipList>
<toRelationshipList count="1">
<relationship>
<relationshipDefRef>CAD-Dokument</relationshipDefRef>
<relatedObject>
<businessObjectRef>
<objectType>Produkt</objectType>
<objectName>34610.0.201</objectName>
<objectRevision>011</objectRevision>
<vaultRef>Catia</vaultRef>
</businessObjectRef>
</relatedObject>
</relationship>
</toRelationshipList>
<hadFiles/>
<storeType>captured</storeType>
<folderList count="1">
<folder>
<formatRef>Format Model</formatRef>
<fileList count="1">
<file>
<storeFilename>ftp://matrix@172.16.18.46//stores0910/Catia/ddd9207c.81b</storeFilename>
<storeFileAlias>ddd9207c.81b</storeFileAlias>
<diskFilename>/P/mod/prodentw/tpklang/Temp_20150616084918/34610.0.201±REV±011.model@ts01</diskFilename>
<mode>438</mode>
<uid>0</uid>
<gid>0</gid>
<size>24240</size>
<storeRef>Catia 09/2010</storeRef>
</file>
</fileList>
</folder>
</folderList>
</businessObject>
</ematrix>
