<?xml version="1.0" encoding="UTF-8" ?>
<!-- (c)MatrixOne, Inc., 2000 -->
<!DOCTYPE ematrix SYSTEM "ematrixml.dtd">
<ematrix>
<creationProperties>
<release>10.6.3.0-Global</release>
<datetime>2024-05-31T13:36:28Z</datetime>
<event>export</event>
<dtdInfo>&ematrixProductDtd;</dtdInfo>
</creationProperties>
<businessObject id="27212.3559.30790.55766">
<objectType>Catia ET/ZSB</objectType>
<objectName>34610.0.900</objectName>
<objectRevision>006</objectRevision>
<vaultRef>Catia</vaultRef>
<policyRef>Produkt - Catia ET/ZSB</policyRef>
<owner>
<userRef>tpkproe</userRef>
</owner>
<description>Drafting-Sections (DS-CATPart)</description>
<creationInfo>
<datetime>2014-04-09T07:00:38Z</datetime>
</creationInfo>
<modificationInfo>
<datetime>2014-04-10T06:18:19Z</datetime>
</modificationInfo>

<attributeList count="11">
<attribute>
<name>Beschreibung Status-Änderung</name>
<string>Datensicherung</string>
</attribute>
<attribute>
<name>Material - OLD</name>
<string></string>
</attribute>
<attribute>
<name>Datum Freigabe</name>
<string>10.04.14</string>
</attribute>
<attribute>
<name>Ersteller</name>
<string>tpkproe</string>
</attribute>
<attribute>
<name>Prüfer</name>
<string>PappertF</string>
</attribute>
<attribute>
<name>Werkstoff</name>
<string>-</string>
</attribute>
<attribute>
<name>Filenummer auf Archivband</name>
<integer>0</integer>
</attribute>
<attribute>
<name>Nummer des Archivbands</name>
<string></string>
</attribute>
<attribute>
<name>Datum Archivierung</name>
<string></string>
</attribute>
<attribute>
<name>Datum des Index</name>
<string></string>
</attribute>
<attribute>
<name>Zeichnungsindex</name>
<string></string>
</attribute>
</attributeList>
<stateList count="8">
<state>
<name>In Bearbeitung</name>
<stateStatus>enabled</stateStatus>
<actualInfo>
<datetime>2014-04-09T07:00:38Z</datetime>
</actualInfo>
<versionable/>
<stateDuration>
0</stateDuration>
<signatureList count="4">
<signature>
<name>Konstrukteur erzeugt dokumentierten Stand</name>
</signature>
<signature>
<name>Konstrukteur gibt in Prüfung zur Beschaffung</name>
<signed>
<userRef>tpkproe</userRef>
<signatureType>approved</signatureType>
<valid/>
</signed>
</signature>
<signature>
<name>Konstrukteur setzt in Prüfung zur bedingten Freigabe</name>
</signature>
<signature>
<name>Prüfer setzt ungültig</name>
</signature>
</signatureList>
</state>
<state>
<name>Dokumentierter Stand</name>
<stateStatus>enabled</stateStatus>
<revisionable/>
<versionable/>
<stateDuration>
0</stateDuration>
<signatureList count="3">
<signature>
<name>Konstrukteur gibt Zwischenstand in Prüfung zur Beschaffung</name>
</signature>
<signature>
<name>Konstrukteur gibt Zwischenstand in Prüfung zur bedingten Freigabe</name>
</signature>
<signature>
<name>Prüfer setzt ungültig</name>
</signature>
</signatureList>
</state>
<state>
<name>Prüfung zur bedingten Freigabe</name>
<stateStatus>enabled</stateStatus>
<versionable/>
<stateDuration>
0</stateDuration>
<signatureList count="2">
<signature>
<name>Prüfer setzt ungültig</name>
</signature>
<signature>
<name>Prüfer gibt bedingt frei</name>
</signature>
</signatureList>
</state>
<state>
<name>Bedingte Freigabe zur/für ...</name>
<stateStatus>enabled</stateStatus>
<revisionable/>
<versionable/>
<stateDuration>
0</stateDuration>
<signatureList count="2">
<signature>
<name>Vorgängerrevision in bedingter Freigabe wird ungültig</name>
</signature>
<signature>
<name>Prüfer setzt ungültig</name>
</signature>
</signatureList>
</state>
<state>
<name>Prüfung zur Beschaffung</name>
<stateStatus>enabled</stateStatus>
<actualInfo>
<datetime>2014-04-09T07:01:54Z</datetime>
</actualInfo>
<versionable/>
<stateDuration>
0</stateDuration>
<signatureList count="2">
<signature>
<name>Prüfer gibt frei zur Beschaffung</name>
<signed>
<userRef>PappertF</userRef>
<signatureType>approved</signatureType>
<valid/>
</signed>
</signature>
<signature>
<name>Prüfer setzt ungültig</name>
</signature>
</signatureList>
</state>
<state>
<name>Freigabe zur Beschaffung</name>
<current/>
<stateStatus>enabled</stateStatus>
<actualInfo>
<datetime>2014-04-10T06:18:19Z</datetime>
</actualInfo>
<revisionable/>
<versionable/>
<endDate>
<datetime>2024-05-31T13:36:28Z</datetime>
</endDate>
<stateDuration>
0</stateDuration>
<signatureList count="2">
<signature>
<name>Vorgängerrevision in Beschaffung wird ungültig</name>
</signature>
<signature>
<name>Prüfer setzt ungültig</name>
</signature>
</signatureList>
</state>
<state>
<name>Nicht mehr gültig</name>
<stateStatus>enabled</stateStatus>
<versionable/>
<stateDuration>
0</stateDuration>
<signatureList count="1">
<signature>
<name>Prüfer setzt ungültig</name>
</signature>
</signatureList>
</state>
<state>
<name>Ungültig</name>
<stateStatus>enabled</stateStatus>
<revisionable/>
<versionable/>
<stateDuration>
0</stateDuration>
</state>
</stateList>
<revisions>
<total>6</total>
<previousRevision>
<businessObjectRef>
<objectType>Catia ET/ZSB</objectType>
<objectName>34610.0.900</objectName>
<objectRevision>005</objectRevision>
<vaultRef>Catia</vaultRef>
</businessObjectRef>
</previousRevision>
</revisions>
<historyList count="13">
<history>
<datetime>2014-04-09T07:00:38Z</datetime>
<agent>tpkproe</agent>
<event>connect</event>
<stateName>In Bearbeitung</stateName>
<relationshipName>Technische Änderung</relationshipName>
<toObject>
<businessObjectRef>
<objectType>Technische Änderung</objectType>
<objectName>34610.0.900</objectName>
<objectRevision>006</objectRevision>
</businessObjectRef>
</toObject>
</history>
<history>
<datetime>2014-04-09T07:00:38Z</datetime>
<agent>tpkproe</agent>
<event>modifyAttribute</event>
<stateName>In Bearbeitung</stateName>
<name>Prüfer</name>
<value></value>
<replaces>PappertF</replaces>
</history>
<history>
<datetime>2014-04-09T07:00:38Z</datetime>
<agent>tpkproe</agent>
<event>modifyAttribute</event>
<stateName>In Bearbeitung</stateName>
<name>Datum Freigabe</name>
<value></value>
<replaces>10.07.13</replaces>
</history>
<history>
<datetime>2014-04-09T07:00:38Z</datetime>
<agent>tpkproe</agent>
<event>create</event>
<stateName>In Bearbeitung</stateName>
<previousRevision>
<businessObjectRef>
<objectType>Catia ET/ZSB</objectType>
<objectName>34610.0.900</objectName>
<objectRevision>005</objectRevision>
</businessObjectRef>
</previousRevision>
</history>
<history>
<datetime>2014-04-09T07:00:38Z</datetime>
<agent>tpkproe</agent>
<event>connect</event>
<stateName>In Bearbeitung</stateName>
<relationshipName>CAD-Dokument</relationshipName>
<fromObject>
<businessObjectRef>
<objectType>Produkt</objectType>
<objectName>34610.0.900</objectName>
<objectRevision>006</objectRevision>
</businessObjectRef>
</fromObject>
</history>
<history>
<datetime>2014-04-09T07:01:54Z</datetime>
<agent>tpkproe</agent>
<event>promote</event>
<stateName>Prüfung zur Beschaffung</stateName>
</history>
<history>
<datetime>2014-04-09T07:01:54Z</datetime>
<agent>tpkproe</agent>
<event>approve</event>
<stateName>In Bearbeitung</stateName>
<signatureName>Konstrukteur gibt in Prüfung zur Beschaffung</signatureName>
</history>
<history>
<datetime>2014-04-09T07:01:54Z</datetime>
<agent>tpkproe</agent>
<event>modifyAttribute</event>
<stateName>In Bearbeitung</stateName>
<name>Datum Freigabe</name>
<value>09.04.14</value>
<replaces></replaces>
</history>
<history>
<datetime>2014-04-09T07:01:54Z</datetime>
<agent>tpkproe</agent>
<event>modifyAttribute</event>
<stateName>In Bearbeitung</stateName>
<name>Prüfer</name>
<value>tpkproe</value>
<replaces></replaces>
</history>
<history>
<datetime>2014-04-10T06:18:19Z</datetime>
<agent>PappertF</agent>
<event>approve</event>
<stateName>Prüfung zur Beschaffung</stateName>
<signatureName>Prüfer gibt frei zur Beschaffung</signatureName>
</history>
<history>
<datetime>2014-04-10T06:18:19Z</datetime>
<agent>PappertF</agent>
<event>modifyAttribute</event>
<stateName>Prüfung zur Beschaffung</stateName>
<name>Datum Freigabe</name>
<value>10.04.14</value>
<replaces>09.04.14</replaces>
</history>
<history>
<datetime>2014-04-10T06:18:19Z</datetime>
<agent>PappertF</agent>
<event>modifyAttribute</event>
<stateName>Prüfung zur Beschaffung</stateName>
<name>Prüfer</name>
<value>PappertF</value>
<replaces>tpkproe</replaces>
</history>
<history>
<datetime>2014-04-10T06:18:19Z</datetime>
<agent>PappertF</agent>
<event>promote</event>
<stateName>Freigabe zur Beschaffung</stateName>
</history>
</historyList>
<fromRelationshipList count="1">
<relationship>
<relationshipDefRef>Technische Änderung</relationshipDefRef>
<relatedObject>
<businessObjectRef>
<objectType>Technische Änderung</objectType>
<objectName>34610.0.900</objectName>
<objectRevision>006</objectRevision>
<vaultRef>Catia</vaultRef>
</businessObjectRef>
</relatedObject>
</relationship>
</fromRelationshipList>
<toRelationshipList count="1">
<relationship>
<relationshipDefRef>CAD-Dokument</relationshipDefRef>
<relatedObject>
<businessObjectRef>
<objectType>Produkt</objectType>
<objectName>34610.0.900</objectName>
<objectRevision>006</objectRevision>
<vaultRef>Catia</vaultRef>
</businessObjectRef>
</relatedObject>
</relationship>
</toRelationshipList>
</businessObject>
</ematrix>
