<?xml version="1.0" encoding="UTF-8" ?>
<!-- (c)MatrixOne, Inc., 2000 -->
<!DOCTYPE ematrix SYSTEM "ematrixml.dtd">
<ematrix>
  <creationProperties>
    <release>10.6.3.0-Global</release>
    <datetime>2022-07-28T11:38:37Z</datetime>
    <event>export</event>
    <dtdInfo>&ematrixProductDtd;</dtdInfo>
  </creationProperties>
  <businessObject id="27212.3559.10843.657">
    <objectType>Bereinigtes Eingangsmodell</objectType>
    <objectName>00_01517-16-1</objectName>
    <objectRevision>001</objectRevision>
    <vaultRef>Catia</vaultRef>
    <policyRef>Bereinigtes Eingangsmodell</policyRef>
    <owner>
      <userRef>tbkscho</userRef>
    </owner>
    <description>teile 004-006 geändert</description>
    <creationInfo>
      <datetime>2001-04-10T06:18:24Z</datetime>
    </creationInfo>
    <modificationInfo>
      <datetime>2001-04-10T06:19:34Z</datetime>
    </modificationInfo>

    <attributeList count="1">
      <attribute>
        <name>Beschreibung Status-Änderung</name>
        <string></string>
      </attribute>
    </attributeList>
    <stateList count="2">
      <state>
        <name>In Bearbeitung</name>
        <current/>
        <stateStatus>enabled</stateStatus>
        <actualInfo>
          <datetime>2001-04-10T06:18:24Z</datetime>
        </actualInfo>
        <versionable/>
        <endDate>
          <datetime>2022-07-28T11:38:37Z</datetime>
        </endDate>
        <stateDuration>
0        </stateDuration>
        <signatureList count="1">
          <signature>
            <name>Konstrukteur erzeugt dokumentierten Stand</name>
          </signature>
        </signatureList>
      </state>
      <state>
        <name>Dokumentierter Stand</name>
        <stateStatus>enabled</stateStatus>
        <stateDuration>
0        </stateDuration>
      </state>
    </stateList>
    <historyList count="5">
      <history>
        <datetime>2001-04-10T06:18:24Z</datetime>
        <agent>tbkscho</agent>
        <event>connect</event>
        <stateName>In Bearbeitung</stateName>
        <relationshipName>Bereinigtes Eingangsmodell</relationshipName>
        <fromObject>
          <businessObjectRef>
            <objectType>Eingangsmodell</objectType>
            <objectName>00_01517-16</objectName>
          </businessObjectRef>
        </fromObject>
      </history>
      <history>
        <datetime>2001-04-10T06:18:24Z</datetime>
        <agent>tbkscho</agent>
        <event>connect</event>
        <stateName>In Bearbeitung</stateName>
        <relationshipName>CAD-Dokument</relationshipName>
        <toObject>
          <businessObjectRef>
            <objectType>Catia ET/ZSB</objectType>
            <objectName>00_01517-16-1</objectName>
            <objectRevision>001</objectRevision>
          </businessObjectRef>
        </toObject>
      </history>
      <history>
        <datetime>2001-04-10T06:18:24Z</datetime>
        <agent>tbkscho</agent>
        <event>create</event>
        <stateName>In Bearbeitung</stateName>
      </history>
      <history>
        <datetime>2001-04-10T06:19:34Z</datetime>
        <agent>tbkscho</agent>
        <event>modifyDescription</event>
        <stateName>In Bearbeitung</stateName>
        <description>teile 004-006 geändert</description>
      </history>
      <history>
        <datetime>2002-06-25T13:45:54Z</datetime>
        <agent>creator</agent>
        <event>disconnect</event>
        <stateName>In Bearbeitung</stateName>
        <relationshipName>CAD-Dokument</relationshipName>
        <toObject>
          <businessObjectRef>
            <objectType>Catia ET/ZSB</objectType>
            <objectName>00_01517-16-1</objectName>
            <objectRevision>001</objectRevision>
          </businessObjectRef>
        </toObject>
      </history>
    </historyList>
    <fromRelationshipList count="1">
      <relationship>
        <relationshipDefRef>CAD-Dokument</relationshipDefRef>
        <relatedObject>
          <businessObjectRef>
            <objectType>Catia ET/ZSB</objectType>
            <objectName>00_01517-16-1</objectName>
            <objectRevision>001</objectRevision>
            <vaultRef>Catia</vaultRef>
          </businessObjectRef>
        </relatedObject>
      </relationship>
    </fromRelationshipList>
    <toRelationshipList count="1">
      <relationship>
        <relationshipDefRef>Bereinigtes Eingangsmodell</relationshipDefRef>
        <relatedObject>
          <businessObjectRef>
            <objectType>Eingangsmodell</objectType>
            <objectName>00_01517-16</objectName>
            <objectRevision></objectRevision>
            <vaultRef>Catia</vaultRef>
          </businessObjectRef>
        </relatedObject>
      </relationship>
    </toRelationshipList>
  </businessObject>
</ematrix>
