<?xml version="1.0" encoding="UTF-8" ?>
<!-- (c)MatrixOne, Inc., 2000 -->
<!DOCTYPE ematrix SYSTEM "ematrixml.dtd">
<ematrix>
  <creationProperties>
    <release>10.6.3.0-Global</release>
    <datetime>2022-07-28T11:39:44Z</datetime>
    <event>export</event>
    <dtdInfo>&ematrixProductDtd;</dtdInfo>
  </creationProperties>
  <businessObject id="27212.3559.2126.65452">
    <objectType>Übersichtsblatt</objectType>
    <objectName>27020.0.950</objectName>
    <objectRevision></objectRevision>
    <vaultRef>Catia</vaultRef>
    <policyRef>Übersichtsblatt</policyRef>
    <owner>
      <userRef>tpkstei</userRef>
    </owner>
    <creationInfo>
      <datetime>2020-10-27T12:16:30Z</datetime>
    </creationInfo>
    <modificationInfo>
      <datetime>2021-09-01T07:08:13Z</datetime>
    </modificationInfo>

    <stateList count="1">
      <state>
        <name>angelegt</name>
        <current/>
        <stateStatus>enabled</stateStatus>
        <actualInfo>
          <datetime>2020-10-27T12:16:30Z</datetime>
        </actualInfo>
        <endDate>
          <datetime>2022-07-28T11:39:44Z</datetime>
        </endDate>
        <stateDuration>
0        </stateDuration>
      </state>
    </stateList>
    <historyList count="14">
      <history>
        <datetime>2020-10-27T12:16:30Z</datetime>
        <agent>tpkstei</agent>
        <event>connect</event>
        <stateName>angelegt</stateName>
        <relationshipName>CAD-Dokument</relationshipName>
        <toObject>
          <businessObjectRef>
            <objectType>Catia ET/ZSB</objectType>
            <objectName>27020.0.950</objectName>
          </businessObjectRef>
        </toObject>
      </history>
      <history>
        <datetime>2020-10-27T12:16:30Z</datetime>
        <agent>tpkstei</agent>
        <event>create</event>
        <stateName>angelegt</stateName>
      </history>
      <history>
        <datetime>2020-10-27T12:16:30Z</datetime>
        <agent>tpkstei</agent>
        <event>connect</event>
        <stateName>angelegt</stateName>
        <relationshipName>Übersichtsblatt</relationshipName>
        <fromObject>
          <businessObjectRef>
            <objectType>Projektstufe</objectType>
            <objectName>27020</objectName>
            <objectRevision>Serie</objectRevision>
          </businessObjectRef>
        </fromObject>
      </history>
      <history>
        <datetime>2020-10-27T12:16:44Z</datetime>
        <agent>tpkstei</agent>
        <event>connect</event>
        <stateName>angelegt</stateName>
        <relationshipName>V5 Dokument</relationshipName>
        <toObject>
          <businessObjectRef>
            <objectType>Catia V5</objectType>
            <objectName>27020.0.950</objectName>
          </businessObjectRef>
        </toObject>
      </history>
      <history>
        <datetime>2020-10-27T12:17:08Z</datetime>
        <agent>tpkstei</agent>
        <event>connect</event>
        <stateName>angelegt</stateName>
        <relationshipName>Produktdokumentation</relationshipName>
        <toObject>
          <businessObjectRef>
            <objectType>Gescannte Zeichnung</objectType>
            <objectName>27020.0.0.950_ZB-Darstellung_20201027</objectName>
            <objectRevision>001</objectRevision>
          </businessObjectRef>
        </toObject>
      </history>
      <history>
        <datetime>2020-10-27T12:17:33Z</datetime>
        <agent>tpkstei</agent>
        <event>connect</event>
        <stateName>angelegt</stateName>
        <relationshipName>Produktdokumentation</relationshipName>
        <toObject>
          <businessObjectRef>
            <objectType>Gescannte Zeichnung</objectType>
            <objectName>27020.0.0.950_Explosionsdarstellung_20201027</objectName>
            <objectRevision>001</objectRevision>
          </businessObjectRef>
        </toObject>
      </history>
      <history>
        <datetime>2021-02-18T11:38:07Z</datetime>
        <agent>HoosL</agent>
        <event>connect</event>
        <stateName>angelegt</stateName>
        <relationshipName>Produktdokumentation</relationshipName>
        <toObject>
          <businessObjectRef>
            <objectType>Gescannte Zeichnung</objectType>
            <objectName>27020.0.0.950_Explosionsdarstellung_210216</objectName>
            <objectRevision>001</objectRevision>
          </businessObjectRef>
        </toObject>
      </history>
      <history>
        <datetime>2021-02-18T11:38:29Z</datetime>
        <agent>HoosL</agent>
        <event>connect</event>
        <stateName>angelegt</stateName>
        <relationshipName>Produktdokumentation</relationshipName>
        <toObject>
          <businessObjectRef>
            <objectType>Gescannte Zeichnung</objectType>
            <objectName>27020.0.0.950_ZB-Darstellung_210216</objectName>
            <objectRevision>001</objectRevision>
          </businessObjectRef>
        </toObject>
      </history>
      <history>
        <datetime>2021-03-29T12:56:15Z</datetime>
        <agent>HoosL</agent>
        <event>connect</event>
        <stateName>angelegt</stateName>
        <relationshipName>Produktdokumentation</relationshipName>
        <toObject>
          <businessObjectRef>
            <objectType>Gescannte Zeichnung</objectType>
            <objectName>27020.0.0.950_Explosionsdarstellung_210329</objectName>
            <objectRevision>001</objectRevision>
          </businessObjectRef>
        </toObject>
      </history>
      <history>
        <datetime>2021-03-29T12:56:37Z</datetime>
        <agent>HoosL</agent>
        <event>connect</event>
        <stateName>angelegt</stateName>
        <relationshipName>Produktdokumentation</relationshipName>
        <toObject>
          <businessObjectRef>
            <objectType>Gescannte Zeichnung</objectType>
            <objectName>27020.0.0.950_ZB-Darstellung_210329</objectName>
            <objectRevision>001</objectRevision>
          </businessObjectRef>
        </toObject>
      </history>
      <history>
        <datetime>2021-04-27T07:26:11Z</datetime>
        <agent>tpkstei</agent>
        <event>connect</event>
        <stateName>angelegt</stateName>
        <relationshipName>Produktdokumentation</relationshipName>
        <toObject>
          <businessObjectRef>
            <objectType>Gescannte Zeichnung</objectType>
            <objectName>27020.0.0.950_Explosionsdarstellung_210422</objectName>
            <objectRevision>001</objectRevision>
          </businessObjectRef>
        </toObject>
      </history>
      <history>
        <datetime>2021-04-27T07:26:55Z</datetime>
        <agent>tpkstei</agent>
        <event>connect</event>
        <stateName>angelegt</stateName>
        <relationshipName>Produktdokumentation</relationshipName>
        <toObject>
          <businessObjectRef>
            <objectType>Gescannte Zeichnung</objectType>
            <objectName>27020.0.0.950_ZB-Darstellung_210422</objectName>
            <objectRevision>001</objectRevision>
          </businessObjectRef>
        </toObject>
      </history>
      <history>
        <datetime>2021-09-01T07:07:51Z</datetime>
        <agent>KronenbergerM</agent>
        <event>connect</event>
        <stateName>angelegt</stateName>
        <relationshipName>Produktdokumentation</relationshipName>
        <toObject>
          <businessObjectRef>
            <objectType>Gescannte Zeichnung</objectType>
            <objectName>27020.0.0.950_Explosionsdarstellung_20210901</objectName>
            <objectRevision>001</objectRevision>
          </businessObjectRef>
        </toObject>
      </history>
      <history>
        <datetime>2021-09-01T07:08:13Z</datetime>
        <agent>KronenbergerM</agent>
        <event>connect</event>
        <stateName>angelegt</stateName>
        <relationshipName>Produktdokumentation</relationshipName>
        <toObject>
          <businessObjectRef>
            <objectType>Gescannte Zeichnung</objectType>
            <objectName>27020.0.0.950_ZB-Darstellung_20210901</objectName>
            <objectRevision>001</objectRevision>
          </businessObjectRef>
        </toObject>
      </history>
    </historyList>
    <fromRelationshipList count="12">
      <relationship>
        <relationshipDefRef>CAD-Dokument</relationshipDefRef>
        <relatedObject>
          <businessObjectRef>
            <objectType>Catia ET/ZSB</objectType>
            <objectName>27020.0.950</objectName>
            <objectRevision></objectRevision>
            <vaultRef>Catia</vaultRef>
          </businessObjectRef>
        </relatedObject>
      </relationship>
      <relationship>
        <relationshipDefRef>V5 Dokument</relationshipDefRef>
        <relatedObject>
          <businessObjectRef>
            <objectType>Catia V5</objectType>
            <objectName>27020.0.950</objectName>
            <objectRevision></objectRevision>
            <vaultRef>Catia</vaultRef>
          </businessObjectRef>
        </relatedObject>
      </relationship>
      <relationship>
        <relationshipDefRef>Produktdokumentation</relationshipDefRef>
        <relatedObject>
          <businessObjectRef>
            <objectType>Gescannte Zeichnung</objectType>
            <objectName>27020.0.0.950_ZB-Darstellung_20201027</objectName>
            <objectRevision>001</objectRevision>
            <vaultRef>Catia</vaultRef>
          </businessObjectRef>
        </relatedObject>
      </relationship>
      <relationship>
        <relationshipDefRef>Produktdokumentation</relationshipDefRef>
        <relatedObject>
          <businessObjectRef>
            <objectType>Gescannte Zeichnung</objectType>
            <objectName>27020.0.0.950_Explosionsdarstellung_20201027</objectName>
            <objectRevision>001</objectRevision>
            <vaultRef>Catia</vaultRef>
          </businessObjectRef>
        </relatedObject>
      </relationship>
      <relationship>
        <relationshipDefRef>Produktdokumentation</relationshipDefRef>
        <relatedObject>
          <businessObjectRef>
            <objectType>Gescannte Zeichnung</objectType>
            <objectName>27020.0.0.950_Explosionsdarstellung_210216</objectName>
            <objectRevision>001</objectRevision>
            <vaultRef>Catia</vaultRef>
          </businessObjectRef>
        </relatedObject>
      </relationship>
      <relationship>
        <relationshipDefRef>Produktdokumentation</relationshipDefRef>
        <relatedObject>
          <businessObjectRef>
            <objectType>Gescannte Zeichnung</objectType>
            <objectName>27020.0.0.950_ZB-Darstellung_210216</objectName>
            <objectRevision>001</objectRevision>
            <vaultRef>Catia</vaultRef>
          </businessObjectRef>
        </relatedObject>
      </relationship>
      <relationship>
        <relationshipDefRef>Produktdokumentation</relationshipDefRef>
        <relatedObject>
          <businessObjectRef>
            <objectType>Gescannte Zeichnung</objectType>
            <objectName>27020.0.0.950_Explosionsdarstellung_210329</objectName>
            <objectRevision>001</objectRevision>
            <vaultRef>Catia</vaultRef>
          </businessObjectRef>
        </relatedObject>
      </relationship>
      <relationship>
        <relationshipDefRef>Produktdokumentation</relationshipDefRef>
        <relatedObject>
          <businessObjectRef>
            <objectType>Gescannte Zeichnung</objectType>
            <objectName>27020.0.0.950_ZB-Darstellung_210329</objectName>
            <objectRevision>001</objectRevision>
            <vaultRef>Catia</vaultRef>
          </businessObjectRef>
        </relatedObject>
      </relationship>
      <relationship>
        <relationshipDefRef>Produktdokumentation</relationshipDefRef>
        <relatedObject>
          <businessObjectRef>
            <objectType>Gescannte Zeichnung</objectType>
            <objectName>27020.0.0.950_Explosionsdarstellung_210422</objectName>
            <objectRevision>001</objectRevision>
            <vaultRef>Catia</vaultRef>
          </businessObjectRef>
        </relatedObject>
      </relationship>
      <relationship>
        <relationshipDefRef>Produktdokumentation</relationshipDefRef>
        <relatedObject>
          <businessObjectRef>
            <objectType>Gescannte Zeichnung</objectType>
            <objectName>27020.0.0.950_ZB-Darstellung_210422</objectName>
            <objectRevision>001</objectRevision>
            <vaultRef>Catia</vaultRef>
          </businessObjectRef>
        </relatedObject>
      </relationship>
      <relationship>
        <relationshipDefRef>Produktdokumentation</relationshipDefRef>
        <relatedObject>
          <businessObjectRef>
            <objectType>Gescannte Zeichnung</objectType>
            <objectName>27020.0.0.950_Explosionsdarstellung_210901</objectName>
            <objectRevision>001</objectRevision>
            <vaultRef>Catia</vaultRef>
          </businessObjectRef>
        </relatedObject>
      </relationship>
      <relationship>
        <relationshipDefRef>Produktdokumentation</relationshipDefRef>
        <relatedObject>
          <businessObjectRef>
            <objectType>Gescannte Zeichnung</objectType>
            <objectName>27020.0.0.950_ZB-Darstellung_210901</objectName>
            <objectRevision>001</objectRevision>
            <vaultRef>Catia</vaultRef>
          </businessObjectRef>
        </relatedObject>
      </relationship>
    </fromRelationshipList>
    <toRelationshipList count="1">
      <relationship>
        <relationshipDefRef>Übersichtsblatt</relationshipDefRef>
        <relatedObject>
          <businessObjectRef>
            <objectType>Projektstufe</objectType>
            <objectName>27020</objectName>
            <objectRevision>Serie</objectRevision>
            <vaultRef>Catia</vaultRef>
          </businessObjectRef>
        </relatedObject>
      </relationship>
    </toRelationshipList>
  </businessObject>
</ematrix>
