<?xml version="1.0" encoding="UTF-8" ?>
<!-- (c)MatrixOne, Inc., 2000 -->
<!DOCTYPE ematrix SYSTEM "ematrixml.dtd">
<ematrix>
<creationProperties>
<release>10.6.3.0-Global</release>
<datetime>2024-05-31T13:37:13Z</datetime>
<event>export</event>
<dtdInfo>&ematrixProductDtd;</dtdInfo>
</creationProperties>
<businessObject id="27212.3559.22951.20948">
<objectType>CATDrawing</objectType>
<objectName>34610.0.701</objectName>
<objectRevision>006</objectRevision>
<vaultRef>Catia</vaultRef>
<policyRef>Produkt - Catia V5</policyRef>
<owner>
<userRef>KiwitzH</userRef>
</owner>
<creationInfo>
<datetime>2013-09-16T07:27:53Z</datetime>
</creationInfo>
<modificationInfo>
<datetime>2014-01-24T09:50:30Z</datetime>
</modificationInfo>

<attributeList count="1">
<attribute>
<name>Beschreibung Status-Änderung</name>
<string></string>
</attribute>
</attributeList>
<stateList count="8">
<state>
<name>In Bearbeitung</name>
<stateStatus>enabled</stateStatus>
<actualInfo>
<datetime>2013-09-16T07:27:55Z</datetime>
</actualInfo>
<versionable/>
<stateDuration>
0</stateDuration>
<signatureList count="4">
<signature>
<name>Konstrukteur erzeugt dokumentierten Stand</name>
</signature>
<signature>
<name>Konstrukteur gibt in Prüfung zur Beschaffung</name>
<signed>
<userRef>KiwitzH</userRef>
<signatureType>approved</signatureType>
<comment>Drawing zur gescannten Zeichnun gnachträglich drangehängt</comment>
<valid/>
</signed>
</signature>
<signature>
<name>Konstrukteur setzt in Prüfung zur bedingten Freigabe</name>
</signature>
<signature>
<name>Prüfer setzt ungültig</name>
</signature>
</signatureList>
</state>
<state>
<name>Dokumentierter Stand</name>
<stateStatus>enabled</stateStatus>
<revisionable/>
<versionable/>
<stateDuration>
0</stateDuration>
<signatureList count="3">
<signature>
<name>Konstrukteur gibt Zwischenstand in Prüfung zur Beschaffung</name>
</signature>
<signature>
<name>Konstrukteur gibt Zwischenstand in Prüfung zur bedingten Freigabe</name>
</signature>
<signature>
<name>Prüfer setzt ungültig</name>
</signature>
</signatureList>
</state>
<state>
<name>Prüfung zur bedingten Freigabe</name>
<stateStatus>enabled</stateStatus>
<versionable/>
<stateDuration>
0</stateDuration>
<signatureList count="2">
<signature>
<name>Prüfer gibt bedingt frei</name>
</signature>
<signature>
<name>Prüfer setzt ungültig</name>
</signature>
</signatureList>
</state>
<state>
<name>Bedingte Freigabe zur/für ...</name>
<stateStatus>enabled</stateStatus>
<revisionable/>
<versionable/>
<stateDuration>
0</stateDuration>
<signatureList count="2">
<signature>
<name>Prüfer setzt ungültig</name>
</signature>
<signature>
<name>Vorgängerrevision in bedingter Freigabe wird ungültig</name>
</signature>
</signatureList>
</state>
<state>
<name>Prüfung zur Beschaffung</name>
<stateStatus>enabled</stateStatus>
<actualInfo>
<datetime>2013-09-16T07:33:18Z</datetime>
</actualInfo>
<versionable/>
<stateDuration>
0</stateDuration>
<signatureList count="2">
<signature>
<name>Prüfer gibt frei zur Beschaffung</name>
<signed>
<userRef>KiwitzH</userRef>
<signatureType>approved</signatureType>
<comment>Drawing zur gescannten Zeichnun gnachträglich drangehängt</comment>
<valid/>
</signed>
</signature>
<signature>
<name>Prüfer setzt ungültig</name>
</signature>
</signatureList>
</state>
<state>
<name>Freigabe zur Beschaffung</name>
<stateStatus>enabled</stateStatus>
<actualInfo>
<datetime>2013-09-16T07:33:57Z</datetime>
</actualInfo>
<revisionable/>
<versionable/>
<stateDuration>
0</stateDuration>
<signatureList count="2">
<signature>
<name>Prüfer setzt ungültig</name>
</signature>
<signature>
<name>Vorgängerrevision in Beschaffung wird ungültig</name>
<signed>
<userRef>PappertF</userRef>
<signatureType>approved</signatureType>
<valid/>
</signed>
</signature>
</signatureList>
</state>
<state>
<name>Nicht mehr gültig</name>
<stateStatus>enabled</stateStatus>
<versionable/>
<stateDuration>
0</stateDuration>
<signatureList count="1">
<signature>
<name>Prüfer setzt ungültig</name>
</signature>
</signatureList>
</state>
<state>
<name>Ungültig</name>
<current/>
<stateStatus>enabled</stateStatus>
<actualInfo>
<datetime>2014-01-24T09:50:30Z</datetime>
</actualInfo>
<revisionable/>
<versionable/>
<endDate>
<datetime>2024-05-31T13:37:13Z</datetime>
</endDate>
<stateDuration>
0</stateDuration>
</state>
</stateList>
<historyList count="13">
<history>
<datetime>2013-09-16T07:27:53Z</datetime>
<agent>KiwitzH</agent>
<event>create</event>
<stateName>In Bearbeitung</stateName>
<previousRevision>
<businessObjectRef>
<objectType>CATDrawing</objectType>
<objectName>34610.0.701-1</objectName>
<objectRevision>005</objectRevision>
</businessObjectRef>
</previousRevision>
</history>
<history>
<datetime>2013-09-16T07:28:09Z</datetime>
<agent>KiwitzH</agent>
<event>changeName</event>
<stateName>In Bearbeitung</stateName>
<objectName>34610.0.701-1</objectName>
<replaces>34610.0.701-1_a</replaces>
</history>
<history>
<datetime>2013-09-16T07:28:49Z</datetime>
<agent>KiwitzH</agent>
<event>changeName</event>
<stateName>In Bearbeitung</stateName>
<objectName>34610.0.701</objectName>
<replaces>34610.0.701-1</replaces>
</history>
<history>
<datetime>2013-09-16T07:29:41Z</datetime>
<agent>KiwitzH</agent>
<event>connect</event>
<stateName>In Bearbeitung</stateName>
<relationshipName>CATDrawing</relationshipName>
<fromObject>
<businessObjectRef>
<objectType>Catia V5</objectType>
<objectName>34610.0.701</objectName>
<objectRevision>006</objectRevision>
</businessObjectRef>
</fromObject>
</history>
<history>
<datetime>2013-09-16T07:30:25Z</datetime>
<agent>KiwitzH</agent>
<event>checkout</event>
<stateName>In Bearbeitung</stateName>
<formatRef>Catia V5 Format</formatRef>
<fileName>991.505.121.Z1.CATDrawing</fileName>
</history>
<history>
<datetime>2013-09-16T07:33:07Z</datetime>
<agent>KiwitzH</agent>
<event>approve</event>
<stateName>In Bearbeitung</stateName>
<signatureName>Konstrukteur gibt in Prüfung zur Beschaffung</signatureName>
<comment>Drawing zur gescannten Zeichnun gnachträglich drangehängt</comment>
</history>
<history>
<datetime>2013-09-16T07:33:18Z</datetime>
<agent>KiwitzH</agent>
<event>promote</event>
<stateName>Prüfung zur Beschaffung</stateName>
</history>
<history>
<datetime>2013-09-16T07:33:46Z</datetime>
<agent>KiwitzH</agent>
<event>approve</event>
<stateName>Prüfung zur Beschaffung</stateName>
<signatureName>Prüfer gibt frei zur Beschaffung</signatureName>
<comment>Drawing zur gescannten Zeichnun gnachträglich drangehängt</comment>
</history>
<history>
<datetime>2013-09-16T07:33:57Z</datetime>
<agent>KiwitzH</agent>
<event>promote</event>
<stateName>Freigabe zur Beschaffung</stateName>
</history>
<history>
<datetime>2014-01-22T10:02:09Z</datetime>
<agent>tpkproe</agent>
<event>checkout</event>
<stateName>Freigabe zur Beschaffung</stateName>
<formatRef>Catia V5 Format</formatRef>
<fileName>991.505.121.Z1.CATDrawing</fileName>
</history>
<history>
<datetime>2014-01-22T12:16:59Z</datetime>
<agent>tpkproe</agent>
<event>checkout</event>
<stateName>Freigabe zur Beschaffung</stateName>
<formatRef>Catia V5 Format</formatRef>
<fileName>991.505.121.Z1.CATDrawing</fileName>
</history>
<history>
<datetime>2014-01-24T09:50:30Z</datetime>
<agent>PappertF</agent>
<event>approve</event>
<stateName>Freigabe zur Beschaffung</stateName>
<signatureName>Vorgängerrevision in Beschaffung wird ungültig</signatureName>
</history>
<history>
<datetime>2014-01-24T09:50:30Z</datetime>
<agent>PappertF</agent>
<event>promote</event>
<stateName>Ungültig</stateName>
</history>
</historyList>
<toRelationshipList count="1">
<relationship>
<relationshipDefRef>CATDrawing</relationshipDefRef>
<relatedObject>
<businessObjectRef>
<objectType>Catia V5</objectType>
<objectName>34610.0.701</objectName>
<objectRevision>006</objectRevision>
<vaultRef>Catia</vaultRef>
</businessObjectRef>
</relatedObject>
</relationship>
</toRelationshipList>
<hadFiles/>
<storeType>captured</storeType>
<folderList count="1">
<folder>
<formatRef>Catia V5 Format</formatRef>
<fileList count="1">
<file>
<storeFilename>ftp://matrix@172.16.18.46//stores0910/Catia_V5/695e32fc.2ca</storeFilename>
<storeFileAlias>695e32fc.2ca</storeFileAlias>
<diskFilename>/P/mod/prodentw/tpkproe/Porsche/32011200_PorscheGTS/EA13_00223/991.505.121.Z1.CATDrawing@WALDE444</diskFilename>
<mode>438</mode>
<uid>0</uid>
<gid>0</gid>
<size>14205634</size>
<storeRef>Catia_V5_Daten</storeRef>
</file>
</fileList>
</folder>
</folderList>
</businessObject>
</ematrix>
