<?xml version="1.0" encoding="UTF-8" ?>
<!-- (c)MatrixOne, Inc., 2000 -->
<!DOCTYPE ematrix SYSTEM "ematrixml.dtd">
<ematrix>
<creationProperties>
<release>10.6.3.0-Global</release>
<datetime>2024-05-31T13:36:23Z</datetime>
<event>export</event>
<dtdInfo>&ematrixProductDtd;</dtdInfo>
</creationProperties>
<businessObject id="27212.3559.1499.11829">
<objectType>Catia ET/ZSB</objectType>
<objectName>34610.0.902_REV.002 OHNE SCHAUM</objectName>
<objectRevision>001</objectRevision>
<vaultRef>Catia</vaultRef>
<policyRef>Messprodukt - Catia ET/ZSB</policyRef>
<owner>
<userRef>tqmmahr</userRef>
</owner>
<creationInfo>
<datetime>2010-11-22T09:56:40Z</datetime>
</creationInfo>
<modificationInfo>
<datetime>2010-11-22T09:57:55Z</datetime>
</modificationInfo>

<attributeList count="11">
<attribute>
<name>Beschreibung Status-Änderung</name>
<string></string>
</attribute>
<attribute>
<name>Material - OLD</name>
<string></string>
</attribute>
<attribute>
<name>Datum Freigabe</name>
<string></string>
</attribute>
<attribute>
<name>Ersteller</name>
<string></string>
</attribute>
<attribute>
<name>Prüfer</name>
<string></string>
</attribute>
<attribute>
<name>Werkstoff</name>
<string></string>
</attribute>
<attribute>
<name>Filenummer auf Archivband</name>
<integer>0</integer>
</attribute>
<attribute>
<name>Nummer des Archivbands</name>
<string></string>
</attribute>
<attribute>
<name>Datum Archivierung</name>
<string></string>
</attribute>
<attribute>
<name>Datum des Index</name>
<string></string>
</attribute>
<attribute>
<name>Zeichnungsindex</name>
<string></string>
</attribute>
</attributeList>
<stateList count="2">
<state>
<name>In Bearbeitung</name>
<stateStatus>enabled</stateStatus>
<actualInfo>
<datetime>2010-11-22T09:56:40Z</datetime>
</actualInfo>
<versionable/>
<stateDuration>
0</stateDuration>
<signatureList count="1">
<signature>
<name>Konstrukteur erzeugt dokumentierten Stand</name>
<signed>
<userRef>tqmmahr</userRef>
<signatureType>approved</signatureType>
<valid/>
</signed>
</signature>
</signatureList>
</state>
<state>
<name>Dokumentierter Stand</name>
<current/>
<stateStatus>enabled</stateStatus>
<actualInfo>
<datetime>2010-11-22T09:57:12Z</datetime>
</actualInfo>
<endDate>
<datetime>2024-05-31T13:36:23Z</datetime>
</endDate>
<stateDuration>
0</stateDuration>
</state>
</stateList>
<historyList count="6">
<history>
<datetime>2010-11-22T09:56:40Z</datetime>
<agent>tqmmahr</agent>
<event>connect</event>
<stateName>In Bearbeitung</stateName>
<relationshipName>Versanddokument</relationshipName>
<fromObject>
<businessObjectRef>
<objectType>Messprodukt</objectType>
<objectName>34610.0.902_REV.002 OHNE SCHAUM</objectName>
<objectRevision>001</objectRevision>
</businessObjectRef>
</fromObject>
</history>
<history>
<datetime>2010-11-22T09:56:40Z</datetime>
<agent>tqmmahr</agent>
<event>create</event>
<stateName>In Bearbeitung</stateName>
</history>
<history>
<datetime>2010-11-22T09:57:03Z</datetime>
<agent>tqmmahr</agent>
<event>checkin</event>
<stateName>In Bearbeitung</stateName>
<formatRef>Format Model</formatRef>
<fileName>34610.0.902_REV.002±OHNE±SCHAUM±REV±001.model</fileName>
</history>
<history>
<datetime>2010-11-22T09:57:12Z</datetime>
<agent>tqmmahr</agent>
<event>promote</event>
<stateName>Dokumentierter Stand</stateName>
</history>
<history>
<datetime>2010-11-22T09:57:12Z</datetime>
<agent>tqmmahr</agent>
<event>approve</event>
<stateName>In Bearbeitung</stateName>
<signatureName>Konstrukteur erzeugt dokumentierten Stand</signatureName>
</history>
<history>
<datetime>2010-11-22T09:57:55Z</datetime>
<agent>Datenaustausch</agent>
<event>checkout</event>
<stateName>Dokumentierter Stand</stateName>
<formatRef>Format Model</formatRef>
<fileName>34610.0.902_REV.002±OHNE±SCHAUM±REV±001.model</fileName>
</history>
</historyList>
<toRelationshipList count="1">
<relationship>
<relationshipDefRef>Versanddokument</relationshipDefRef>
<relatedObject>
<businessObjectRef>
<objectType>Messprodukt</objectType>
<objectName>34610.0.902_REV.002 OHNE SCHAUM</objectName>
<objectRevision>001</objectRevision>
<vaultRef>Catia</vaultRef>
</businessObjectRef>
</relatedObject>
<attributeList count="5">
<attribute>
<name>Versand-Status</name>
<string>FEHLERHAFT</string>
</attribute>
<attribute>
<name>Postcheck</name>
<string>NEIN</string>
</attribute>
<attribute>
<name>Neuer Modellname</name>
<string></string>
</attribute>
<attribute>
<name>Dateiname</name>
<string></string>
</attribute>
<attribute>
<name>Dokumentname</name>
<string></string>
</attribute>
</attributeList>
</relationship>
</toRelationshipList>
<hadFiles/>
<storeType>captured</storeType>
<folderList count="1">
<folder>
<formatRef>Format Model</formatRef>
<fileList count="1">
<file>
<storeFilename>ftp://matrix@172.16.18.46//stores0910/Catia/305b610f.939</storeFilename>
<storeFileAlias>305b610f.939</storeFileAlias>
<diskFilename>/var/tmp/Temp_20101122105701/34610.0.902_REV.002±OHNE±SCHAUM±REV±001.model@wa48.wa</diskFilename>
<mode>436</mode>
<uid>400</uid>
<gid>19424</gid>
<size>4569040</size>
<storeRef>Catia 09/2010</storeRef>
</file>
</fileList>
</folder>
</folderList>
</businessObject>
</ematrix>
