<?xml version="1.0" encoding="UTF-8" ?>
<!-- (c)MatrixOne, Inc., 2000 -->
<!DOCTYPE ematrix SYSTEM "ematrixml.dtd">
<ematrix>
<creationProperties>
<release>10.6.3.0-Global</release>
<datetime>2024-05-31T13:37:14Z</datetime>
<event>export</event>
<dtdInfo>&ematrixProductDtd;</dtdInfo>
</creationProperties>
<businessObject id="27212.3559.28760.24089">
<objectType>CATDrawing</objectType>
<objectName>34610.0.000 EXPLOSIONSZEICHNUNG-1</objectName>
<objectRevision>006</objectRevision>
<vaultRef>Catia</vaultRef>
<policyRef>Spezielles Versandprodukt - Catia V5</policyRef>
<owner>
<userRef>BrehmS</userRef>
</owner>
<creationInfo>
<datetime>2010-04-19T08:36:17Z</datetime>
</creationInfo>
<modificationInfo>
<datetime>2013-10-08T07:03:57Z</datetime>
</modificationInfo>

<attributeList count="1">
<attribute>
<name>Beschreibung Status-Änderung</name>
<string></string>
</attribute>
</attributeList>
<stateList count="2">
<state>
<name>In Bearbeitung</name>
<stateStatus>enabled</stateStatus>
<actualInfo>
<datetime>2010-04-19T08:36:17Z</datetime>
</actualInfo>
<versionable/>
<stateDuration>
0</stateDuration>
<signatureList count="1">
<signature>
<name>Erzeugt dokumentierten Stand</name>
</signature>
</signatureList>
</state>
<state>
<name>Dokumentierter Stand</name>
<current/>
<stateStatus>enabled</stateStatus>
<actualInfo>
<datetime>2010-04-19T08:49:36Z</datetime>
</actualInfo>
<revisionable/>
<endDate>
<datetime>2024-05-31T13:37:14Z</datetime>
</endDate>
<stateDuration>
0</stateDuration>
</state>
</stateList>
<historyList count="6">
<history>
<datetime>2010-04-19T08:36:17Z</datetime>
<agent>BrehmS</agent>
<event>connect</event>
<stateName>In Bearbeitung</stateName>
<relationshipName>CATDrawing</relationshipName>
<fromObject>
<businessObjectRef>
<objectType>Catia V5</objectType>
<objectName>34610.0.000 EXPLOSIONSZEICHNUNG</objectName>
<objectRevision>006</objectRevision>
</businessObjectRef>
</fromObject>
</history>
<history>
<datetime>2010-04-19T08:36:17Z</datetime>
<agent>BrehmS</agent>
<event>create</event>
<stateName>In Bearbeitung</stateName>
</history>
<history>
<datetime>2010-04-19T08:36:34Z</datetime>
<agent>BrehmS</agent>
<event>checkin</event>
<stateName>In Bearbeitung</stateName>
<formatRef>Catia V5 Format</formatRef>
<fileName>991.505.121.00_EXPLOSIONSDARSTELLUNG.CATDrawing</fileName>
</history>
<history>
<datetime>2010-04-19T08:49:36Z</datetime>
<agent>BrehmS</agent>
<event>promote</event>
<stateName>Dokumentierter Stand</stateName>
</history>
<history>
<datetime>2013-10-08T07:03:33Z</datetime>
<agent>DomroeseD</agent>
<event>checkout</event>
<stateName>Dokumentierter Stand</stateName>
<formatRef>Catia V5 Format</formatRef>
<fileName>991.505.121.00_EXPLOSIONSDARSTELLUNG.CATDrawing</fileName>
</history>
<history>
<datetime>2013-10-08T07:03:57Z</datetime>
<agent>DomroeseD</agent>
<event>checkout</event>
<stateName>Dokumentierter Stand</stateName>
<formatRef>Catia V5 Format</formatRef>
<fileName>991.505.121.00_EXPLOSIONSDARSTELLUNG.CATDrawing</fileName>
</history>
</historyList>
<toRelationshipList count="1">
<relationship>
<relationshipDefRef>CATDrawing</relationshipDefRef>
<relatedObject>
<businessObjectRef>
<objectType>Catia V5</objectType>
<objectName>34610.0.000 EXPLOSIONSZEICHNUNG</objectName>
<objectRevision>006</objectRevision>
<vaultRef>Catia</vaultRef>
</businessObjectRef>
</relatedObject>
</relationship>
</toRelationshipList>
<hadFiles/>
<storeType>captured</storeType>
<folderList count="1">
<folder>
<formatRef>Catia V5 Format</formatRef>
<fileList count="1">
<file>
<storeFilename>ftp://matrix@172.16.18.46//stores0803/Catia_V5/910b3d8f.5ea</storeFilename>
<storeFileAlias>910b3d8f.5ea</storeFileAlias>
<diskFilename>/work/mod/prodentw/tpkbreh/Entwicklung/Porsche/Serie_Aktuelle_Daten/9X1_Bug_oben/01.03.10/991.505.121.00_EXPLOSIONSDARSTELLUNG.CATDrawing@wa51</diskFilename>
<mode>420</mode>
<uid>300</uid>
<gid>44368</gid>
<size>848998</size>
<storeRef>Catia V5 Daten</storeRef>
</file>
</fileList>
</folder>
</folderList>
</businessObject>
</ematrix>
