<?xml version="1.0" encoding="UTF-8" ?>
<!-- (c)MatrixOne, Inc., 2000 -->
<!DOCTYPE ematrix SYSTEM "ematrixml.dtd">
<ematrix>
<creationProperties>
<release>10.6.3.0-Global</release>
<datetime>2024-05-31T13:36:25Z</datetime>
<event>export</event>
<dtdInfo>&ematrixProductDtd;</dtdInfo>
</creationProperties>
<businessObject id="27212.3559.13574.8324">
<objectType>Catia ET/ZSB</objectType>
<objectName>34610.0.700_REV001</objectName>
<objectRevision>001</objectRevision>
<vaultRef>Catia</vaultRef>
<policyRef>Messprodukt - Catia ET/ZSB</policyRef>
<owner>
<userRef>tqmmahr</userRef>
</owner>
<creationInfo>
<datetime>2008-06-02T13:43:58Z</datetime>
</creationInfo>
<modificationInfo>
<datetime>2008-06-02T13:48:49Z</datetime>
</modificationInfo>

<attributeList count="11">
<attribute>
<name>Beschreibung Status-Änderung</name>
<string></string>
</attribute>
<attribute>
<name>Material - OLD</name>
<string></string>
</attribute>
<attribute>
<name>Datum Freigabe</name>
<string></string>
</attribute>
<attribute>
<name>Ersteller</name>
<string></string>
</attribute>
<attribute>
<name>Prüfer</name>
<string></string>
</attribute>
<attribute>
<name>Werkstoff</name>
<string></string>
</attribute>
<attribute>
<name>Filenummer auf Archivband</name>
<integer>0</integer>
</attribute>
<attribute>
<name>Nummer des Archivbands</name>
<string></string>
</attribute>
<attribute>
<name>Datum Archivierung</name>
<string></string>
</attribute>
<attribute>
<name>Datum des Index</name>
<string></string>
</attribute>
<attribute>
<name>Zeichnungsindex</name>
<string></string>
</attribute>
</attributeList>
<stateList count="2">
<state>
<name>In Bearbeitung</name>
<stateStatus>enabled</stateStatus>
<actualInfo>
<datetime>2008-06-02T13:43:58Z</datetime>
</actualInfo>
<versionable/>
<stateDuration>
0</stateDuration>
<signatureList count="1">
<signature>
<name>Konstrukteur erzeugt dokumentierten Stand</name>
<signed>
<userRef>tqmmahr</userRef>
<signatureType>approved</signatureType>
<valid/>
</signed>
</signature>
</signatureList>
</state>
<state>
<name>Dokumentierter Stand</name>
<current/>
<stateStatus>enabled</stateStatus>
<actualInfo>
<datetime>2008-06-02T13:44:37Z</datetime>
</actualInfo>
<endDate>
<datetime>2024-05-31T13:36:25Z</datetime>
</endDate>
<stateDuration>
0</stateDuration>
</state>
</stateList>
<historyList count="6">
<history>
<datetime>2008-06-02T13:43:58Z</datetime>
<agent>tqmmahr</agent>
<event>connect</event>
<stateName>In Bearbeitung</stateName>
<relationshipName>Versanddokument</relationshipName>
<fromObject>
<businessObjectRef>
<objectType>Messprodukt</objectType>
<objectName>34610.0.700_REV001</objectName>
<objectRevision>001</objectRevision>
</businessObjectRef>
</fromObject>
</history>
<history>
<datetime>2008-06-02T13:43:58Z</datetime>
<agent>tqmmahr</agent>
<event>create</event>
<stateName>In Bearbeitung</stateName>
</history>
<history>
<datetime>2008-06-02T13:44:12Z</datetime>
<agent>tqmmahr</agent>
<event>checkin</event>
<stateName>In Bearbeitung</stateName>
<formatRef>Format Model</formatRef>
<fileName>34610.0.700_REV001±REV±001.model</fileName>
</history>
<history>
<datetime>2008-06-02T13:44:37Z</datetime>
<agent>tqmmahr</agent>
<event>promote</event>
<stateName>Dokumentierter Stand</stateName>
</history>
<history>
<datetime>2008-06-02T13:44:37Z</datetime>
<agent>tqmmahr</agent>
<event>approve</event>
<stateName>In Bearbeitung</stateName>
<signatureName>Konstrukteur erzeugt dokumentierten Stand</signatureName>
</history>
<history>
<datetime>2008-06-02T13:48:49Z</datetime>
<agent>Datenaustausch</agent>
<event>checkout</event>
<stateName>Dokumentierter Stand</stateName>
<formatRef>Format Model</formatRef>
<fileName>34610.0.700_REV001±REV±001.model</fileName>
</history>
</historyList>
<toRelationshipList count="1">
<relationship>
<relationshipDefRef>Versanddokument</relationshipDefRef>
<relatedObject>
<businessObjectRef>
<objectType>Messprodukt</objectType>
<objectName>34610.0.700_REV001</objectName>
<objectRevision>001</objectRevision>
<vaultRef>Catia</vaultRef>
</businessObjectRef>
</relatedObject>
<attributeList count="5">
<attribute>
<name>Versand-Status</name>
<string>KONVERTIERT</string>
</attribute>
<attribute>
<name>Postcheck</name>
<string>NEIN</string>
</attribute>
<attribute>
<name>Neuer Modellname</name>
<string></string>
</attribute>
<attribute>
<name>Dateiname</name>
<string>34610.0.700_REV001.vdafs</string>
</attribute>
<attribute>
<name>Dokumentname</name>
<string></string>
</attribute>
</attributeList>
</relationship>
</toRelationshipList>
<hadFiles/>
<storeType>captured</storeType>
<folderList count="1">
<folder>
<formatRef>Format Model</formatRef>
<fileList count="1">
<file>
<storeFilename>ftp://matrix@172.16.18.46//stores0803/Catia/f7d47a8b.81a</storeFilename>
<storeFileAlias>f7d47a8b.81a</storeFileAlias>
<diskFilename>/var/tmp/Temp_20080602154537/34610.0.700_REV001±REV±001.model@wa44</diskFilename>
<mode>436</mode>
<uid>400</uid>
<gid>19440</gid>
<size>2820480</size>
<storeRef>Catia 08/2003</storeRef>
</file>
</fileList>
</folder>
</folderList>
</businessObject>
</ematrix>
