<?xml version="1.0" encoding="UTF-8" ?>
<!-- (c)MatrixOne, Inc., 2000 -->
<!DOCTYPE ematrix SYSTEM "ematrixml.dtd">
<ematrix>
<creationProperties>
<release>10.6.3.0-Global</release>
<datetime>2024-05-31T13:36:26Z</datetime>
<event>export</event>
<dtdInfo>&ematrixProductDtd;</dtdInfo>
</creationProperties>
<businessObject id="27212.3559.22353.32339">
<objectType>Catia ET/ZSB</objectType>
<objectName>34610.0.002</objectName>
<objectRevision>001</objectRevision>
<vaultRef>Catia</vaultRef>
<policyRef>Produkt - Catia ET/ZSB</policyRef>
<owner>
<userRef>tpkkell</userRef>
</owner>
<description>Deckblech</description>
<creationInfo>
<datetime>2008-05-16T13:08:19Z</datetime>
</creationInfo>
<modificationInfo>
<datetime>2009-08-19T09:39:26Z</datetime>
</modificationInfo>

<attributeList count="11">
<attribute>
<name>Beschreibung Status-Änderung</name>
<string></string>
</attribute>
<attribute>
<name>Material - OLD</name>
<string></string>
</attribute>
<attribute>
<name>Datum Freigabe</name>
<string></string>
</attribute>
<attribute>
<name>Ersteller</name>
<string></string>
</attribute>
<attribute>
<name>Prüfer</name>
<string></string>
</attribute>
<attribute>
<name>Werkstoff</name>
<string>EN AW-5083</string>
</attribute>
<attribute>
<name>Filenummer auf Archivband</name>
<integer>0</integer>
</attribute>
<attribute>
<name>Nummer des Archivbands</name>
<string></string>
</attribute>
<attribute>
<name>Datum Archivierung</name>
<string></string>
</attribute>
<attribute>
<name>Datum des Index</name>
<string>-</string>
</attribute>
<attribute>
<name>Zeichnungsindex</name>
<string>-</string>
</attribute>
</attributeList>
<stateList count="8">
<state>
<name>In Bearbeitung</name>
<stateStatus>enabled</stateStatus>
<actualInfo>
<datetime>2008-05-16T13:08:19Z</datetime>
</actualInfo>
<versionable/>
<stateDuration>
0</stateDuration>
<signatureList count="4">
<signature>
<name>Konstrukteur erzeugt dokumentierten Stand</name>
<signed>
<userRef>tpkuebe</userRef>
<signatureType>approved</signatureType>
<valid/>
</signed>
</signature>
<signature>
<name>Konstrukteur gibt in Prüfung zur Beschaffung</name>
</signature>
<signature>
<name>Konstrukteur setzt in Prüfung zur bedingten Freigabe</name>
</signature>
<signature>
<name>Prüfer setzt ungültig</name>
</signature>
</signatureList>
</state>
<state>
<name>Dokumentierter Stand</name>
<current/>
<stateStatus>enabled</stateStatus>
<actualInfo>
<datetime>2008-07-07T11:42:27Z</datetime>
</actualInfo>
<revisionable/>
<versionable/>
<endDate>
<datetime>2024-05-31T13:36:26Z</datetime>
</endDate>
<stateDuration>
0</stateDuration>
<signatureList count="3">
<signature>
<name>Konstrukteur gibt Zwischenstand in Prüfung zur Beschaffung</name>
</signature>
<signature>
<name>Konstrukteur gibt Zwischenstand in Prüfung zur bedingten Freigabe</name>
</signature>
<signature>
<name>Prüfer setzt ungültig</name>
</signature>
</signatureList>
</state>
<state>
<name>Prüfung zur bedingten Freigabe</name>
<stateStatus>enabled</stateStatus>
<versionable/>
<stateDuration>
0</stateDuration>
<signatureList count="2">
<signature>
<name>Prüfer setzt ungültig</name>
</signature>
<signature>
<name>Prüfer gibt bedingt frei</name>
</signature>
</signatureList>
</state>
<state>
<name>Bedingte Freigabe zur/für ...</name>
<stateStatus>enabled</stateStatus>
<revisionable/>
<versionable/>
<stateDuration>
0</stateDuration>
<signatureList count="2">
<signature>
<name>Vorgängerrevision in bedingter Freigabe wird ungültig</name>
</signature>
<signature>
<name>Prüfer setzt ungültig</name>
</signature>
</signatureList>
</state>
<state>
<name>Prüfung zur Beschaffung</name>
<stateStatus>enabled</stateStatus>
<versionable/>
<stateDuration>
0</stateDuration>
<signatureList count="2">
<signature>
<name>Prüfer gibt frei zur Beschaffung</name>
</signature>
<signature>
<name>Prüfer setzt ungültig</name>
</signature>
</signatureList>
</state>
<state>
<name>Freigabe zur Beschaffung</name>
<stateStatus>enabled</stateStatus>
<revisionable/>
<versionable/>
<stateDuration>
0</stateDuration>
<signatureList count="2">
<signature>
<name>Vorgängerrevision in Beschaffung wird ungültig</name>
</signature>
<signature>
<name>Prüfer setzt ungültig</name>
</signature>
</signatureList>
</state>
<state>
<name>Nicht mehr gültig</name>
<stateStatus>enabled</stateStatus>
<versionable/>
<stateDuration>
0</stateDuration>
<signatureList count="1">
<signature>
<name>Prüfer setzt ungültig</name>
</signature>
</signatureList>
</state>
<state>
<name>Ungültig</name>
<stateStatus>enabled</stateStatus>
<revisionable/>
<versionable/>
<stateDuration>
0</stateDuration>
</state>
</stateList>
<revisions>
<total>8</total>
<nextRevision>
<businessObjectRef>
<objectType>Catia ET/ZSB</objectType>
<objectName>34610.0.002</objectName>
<objectRevision>002</objectRevision>
<vaultRef>Catia</vaultRef>
</businessObjectRef>
</nextRevision>
</revisions>
<historyList count="9">
<history>
<datetime>2008-05-16T13:08:19Z</datetime>
<agent>tpkkell</agent>
<event>connect</event>
<stateName>In Bearbeitung</stateName>
<relationshipName>CAD-Dokument</relationshipName>
<fromObject>
<businessObjectRef>
<objectType>Produkt</objectType>
<objectName>34610.0.002</objectName>
<objectRevision>001</objectRevision>
</businessObjectRef>
</fromObject>
</history>
<history>
<datetime>2008-05-16T13:08:19Z</datetime>
<agent>tpkkell</agent>
<event>create</event>
<stateName>In Bearbeitung</stateName>
</history>
<history>
<datetime>2008-06-02T14:55:41Z</datetime>
<agent>tpkkell</agent>
<event>modifyDescription</event>
<stateName>In Bearbeitung</stateName>
<description>Deckblech</description>
</history>
<history>
<datetime>2008-06-02T14:55:41Z</datetime>
<agent>tpkkell</agent>
<event>modifyAttribute</event>
<stateName>In Bearbeitung</stateName>
<name>Zeichnungsindex</name>
<value>-</value>
<replaces></replaces>
</history>
<history>
<datetime>2008-06-02T14:55:41Z</datetime>
<agent>tpkkell</agent>
<event>modifyAttribute</event>
<stateName>In Bearbeitung</stateName>
<name>Datum des Index</name>
<value>-</value>
<replaces></replaces>
</history>
<history>
<datetime>2008-06-02T14:55:41Z</datetime>
<agent>tpkkell</agent>
<event>modifyAttribute</event>
<stateName>In Bearbeitung</stateName>
<name>Werkstoff</name>
<value>EN AW-5083</value>
<replaces></replaces>
</history>
<history>
<datetime>2008-07-07T11:42:27Z</datetime>
<agent>tpkuebe</agent>
<event>approve</event>
<stateName>In Bearbeitung</stateName>
<signatureName>Konstrukteur erzeugt dokumentierten Stand</signatureName>
</history>
<history>
<datetime>2008-07-07T11:42:27Z</datetime>
<agent>tpkuebe</agent>
<event>promote</event>
<stateName>Dokumentierter Stand</stateName>
</history>
<history>
<datetime>2009-08-19T09:39:26Z</datetime>
<agent>tpkkonn</agent>
<event>revision</event>
<stateName>Dokumentierter Stand</stateName>
<previousRevision>
<businessObjectRef>
<objectType>Catia ET/ZSB</objectType>
<objectName>34610.0.002</objectName>
<objectRevision>002</objectRevision>
</businessObjectRef>
</previousRevision>
</history>
</historyList>
<toRelationshipList count="1">
<relationship>
<relationshipDefRef>CAD-Dokument</relationshipDefRef>
<relatedObject>
<businessObjectRef>
<objectType>Produkt</objectType>
<objectName>34610.0.002</objectName>
<objectRevision>001</objectRevision>
<vaultRef>Catia</vaultRef>
</businessObjectRef>
</relatedObject>
</relationship>
</toRelationshipList>
</businessObject>
</ematrix>
