<?xml version="1.0" encoding="UTF-8" ?>
<!-- (c)MatrixOne, Inc., 2000 -->
<!DOCTYPE ematrix SYSTEM "ematrixml.dtd">
<ematrix>
<creationProperties>
<release>10.6.3.0-Global</release>
<datetime>2024-05-31T13:36:26Z</datetime>
<event>export</event>
<dtdInfo>&ematrixProductDtd;</dtdInfo>
</creationProperties>
<businessObject id="27212.3559.24274.28771">
<objectType>Catia ET/ZSB</objectType>
<objectName>34610.0.001</objectName>
<objectRevision>005</objectRevision>
<vaultRef>Catia</vaultRef>
<policyRef>Produkt - Catia ET/ZSB</policyRef>
<owner>
<userRef>tpkproe</userRef>
</owner>
<description>Quertraeger Bug oben</description>
<creationInfo>
<datetime>2011-12-22T14:08:30Z</datetime>
</creationInfo>
<modificationInfo>
<datetime>2012-02-08T12:20:09Z</datetime>
</modificationInfo>

<attributeList count="11">
<attribute>
<name>Beschreibung Status-Änderung</name>
<string>Datensicherung</string>
</attribute>
<attribute>
<name>Material - OLD</name>
<string></string>
</attribute>
<attribute>
<name>Datum Freigabe</name>
<string>18.01.12</string>
</attribute>
<attribute>
<name>Ersteller</name>
<string>tpkproe</string>
</attribute>
<attribute>
<name>Prüfer</name>
<string>BauerD</string>
</attribute>
<attribute>
<name>Werkstoff</name>
<string>R1072</string>
</attribute>
<attribute>
<name>Filenummer auf Archivband</name>
<integer>0</integer>
</attribute>
<attribute>
<name>Nummer des Archivbands</name>
<string></string>
</attribute>
<attribute>
<name>Datum Archivierung</name>
<string></string>
</attribute>
<attribute>
<name>Datum des Index</name>
<string>22.12.11</string>
</attribute>
<attribute>
<name>Zeichnungsindex</name>
<string>4</string>
</attribute>
</attributeList>
<stateList count="8">
<state>
<name>In Bearbeitung</name>
<stateStatus>enabled</stateStatus>
<actualInfo>
<datetime>2011-12-22T14:08:30Z</datetime>
</actualInfo>
<versionable/>
<stateDuration>
0</stateDuration>
<signatureList count="4">
<signature>
<name>Konstrukteur erzeugt dokumentierten Stand</name>
</signature>
<signature>
<name>Konstrukteur gibt in Prüfung zur Beschaffung</name>
<signed>
<userRef>tpkkonn</userRef>
<signatureType>approved</signatureType>
<valid/>
</signed>
</signature>
<signature>
<name>Konstrukteur setzt in Prüfung zur bedingten Freigabe</name>
</signature>
<signature>
<name>Prüfer setzt ungültig</name>
</signature>
</signatureList>
</state>
<state>
<name>Dokumentierter Stand</name>
<stateStatus>enabled</stateStatus>
<revisionable/>
<versionable/>
<stateDuration>
0</stateDuration>
<signatureList count="3">
<signature>
<name>Konstrukteur gibt Zwischenstand in Prüfung zur Beschaffung</name>
</signature>
<signature>
<name>Konstrukteur gibt Zwischenstand in Prüfung zur bedingten Freigabe</name>
</signature>
<signature>
<name>Prüfer setzt ungültig</name>
</signature>
</signatureList>
</state>
<state>
<name>Prüfung zur bedingten Freigabe</name>
<stateStatus>enabled</stateStatus>
<versionable/>
<stateDuration>
0</stateDuration>
<signatureList count="2">
<signature>
<name>Prüfer setzt ungültig</name>
</signature>
<signature>
<name>Prüfer gibt bedingt frei</name>
</signature>
</signatureList>
</state>
<state>
<name>Bedingte Freigabe zur/für ...</name>
<stateStatus>enabled</stateStatus>
<revisionable/>
<versionable/>
<stateDuration>
0</stateDuration>
<signatureList count="2">
<signature>
<name>Vorgängerrevision in bedingter Freigabe wird ungültig</name>
</signature>
<signature>
<name>Prüfer setzt ungültig</name>
</signature>
</signatureList>
</state>
<state>
<name>Prüfung zur Beschaffung</name>
<stateStatus>enabled</stateStatus>
<actualInfo>
<datetime>2012-01-17T14:26:37Z</datetime>
</actualInfo>
<versionable/>
<stateDuration>
0</stateDuration>
<signatureList count="2">
<signature>
<name>Prüfer gibt frei zur Beschaffung</name>
<signed>
<userRef>BauerD</userRef>
<signatureType>approved</signatureType>
<valid/>
</signed>
</signature>
<signature>
<name>Prüfer setzt ungültig</name>
</signature>
</signatureList>
</state>
<state>
<name>Freigabe zur Beschaffung</name>
<stateStatus>enabled</stateStatus>
<actualInfo>
<datetime>2012-01-18T05:24:16Z</datetime>
</actualInfo>
<revisionable/>
<versionable/>
<stateDuration>
0</stateDuration>
<signatureList count="2">
<signature>
<name>Vorgängerrevision in Beschaffung wird ungültig</name>
<signed>
<userRef>BauerD</userRef>
<signatureType>approved</signatureType>
<valid/>
</signed>
</signature>
<signature>
<name>Prüfer setzt ungültig</name>
</signature>
</signatureList>
</state>
<state>
<name>Nicht mehr gültig</name>
<current/>
<stateStatus>enabled</stateStatus>
<actualInfo>
<datetime>2012-02-08T12:20:09Z</datetime>
</actualInfo>
<versionable/>
<endDate>
<datetime>2024-05-31T13:36:26Z</datetime>
</endDate>
<stateDuration>
0</stateDuration>
<signatureList count="1">
<signature>
<name>Prüfer setzt ungültig</name>
</signature>
</signatureList>
</state>
<state>
<name>Ungültig</name>
<stateStatus>enabled</stateStatus>
<revisionable/>
<versionable/>
<stateDuration>
0</stateDuration>
</state>
</stateList>
<revisions>
<total>7</total>
<previousRevision>
<businessObjectRef>
<objectType>Catia ET/ZSB</objectType>
<objectName>34610.0.001</objectName>
<objectRevision>004</objectRevision>
<vaultRef>Catia</vaultRef>
</businessObjectRef>
</previousRevision>
<nextRevision>
<businessObjectRef>
<objectType>Catia ET/ZSB</objectType>
<objectName>34610.0.001</objectName>
<objectRevision>006</objectRevision>
<vaultRef>Catia</vaultRef>
</businessObjectRef>
</nextRevision>
</revisions>
<historyList count="19">
<history>
<datetime>2011-12-22T14:08:30Z</datetime>
<agent>tpkproe</agent>
<event>modifyAttribute</event>
<stateName>In Bearbeitung</stateName>
<name>Ersteller</name>
<value>tpkproe</value>
<replaces>tpkkonn</replaces>
</history>
<history>
<datetime>2011-12-22T14:08:30Z</datetime>
<agent>tpkproe</agent>
<event>modifyAttribute</event>
<stateName>In Bearbeitung</stateName>
<name>Prüfer</name>
<value></value>
<replaces>BauerD</replaces>
</history>
<history>
<datetime>2011-12-22T14:08:30Z</datetime>
<agent>tpkproe</agent>
<event>modifyAttribute</event>
<stateName>In Bearbeitung</stateName>
<name>Datum Freigabe</name>
<value></value>
<replaces>03.05.11</replaces>
</history>
<history>
<datetime>2011-12-22T14:08:30Z</datetime>
<agent>tpkproe</agent>
<event>create</event>
<stateName>In Bearbeitung</stateName>
<previousRevision>
<businessObjectRef>
<objectType>Catia ET/ZSB</objectType>
<objectName>34610.0.001</objectName>
<objectRevision>004</objectRevision>
</businessObjectRef>
</previousRevision>
</history>
<history>
<datetime>2011-12-22T14:08:31Z</datetime>
<agent>tpkproe</agent>
<event>connect</event>
<stateName>In Bearbeitung</stateName>
<relationshipName>Technische Änderung</relationshipName>
<toObject>
<businessObjectRef>
<objectType>Technische Änderung</objectType>
<objectName>34610.0.001</objectName>
<objectRevision>005</objectRevision>
</businessObjectRef>
</toObject>
</history>
<history>
<datetime>2011-12-22T14:08:31Z</datetime>
<agent>tpkproe</agent>
<event>connect</event>
<stateName>In Bearbeitung</stateName>
<relationshipName>CAD-Dokument</relationshipName>
<fromObject>
<businessObjectRef>
<objectType>Produkt</objectType>
<objectName>34610.0.001</objectName>
<objectRevision>005</objectRevision>
</businessObjectRef>
</fromObject>
</history>
<history>
<datetime>2011-12-22T14:13:58Z</datetime>
<agent>tpkproe</agent>
<event>modifyAttribute</event>
<stateName>In Bearbeitung</stateName>
<name>Datum des Index</name>
<value>22.12.11</value>
<replaces>02.05.11</replaces>
</history>
<history>
<datetime>2011-12-22T14:13:58Z</datetime>
<agent>tpkproe</agent>
<event>modifyAttribute</event>
<stateName>In Bearbeitung</stateName>
<name>Zeichnungsindex</name>
<value>4</value>
<replaces>3</replaces>
</history>
<history>
<datetime>2012-01-17T14:26:36Z</datetime>
<agent>tpkkonn</agent>
<event>approve</event>
<stateName>In Bearbeitung</stateName>
<signatureName>Konstrukteur gibt in Prüfung zur Beschaffung</signatureName>
</history>
<history>
<datetime>2012-01-17T14:26:36Z</datetime>
<agent>tpkkonn</agent>
<event>modifyAttribute</event>
<stateName>In Bearbeitung</stateName>
<name>Datum Freigabe</name>
<value>17.01.12</value>
<replaces></replaces>
</history>
<history>
<datetime>2012-01-17T14:26:36Z</datetime>
<agent>tpkkonn</agent>
<event>modifyAttribute</event>
<stateName>In Bearbeitung</stateName>
<name>Prüfer</name>
<value>tpkkonn</value>
<replaces></replaces>
</history>
<history>
<datetime>2012-01-17T14:26:37Z</datetime>
<agent>tpkkonn</agent>
<event>promote</event>
<stateName>Prüfung zur Beschaffung</stateName>
</history>
<history>
<datetime>2012-01-18T05:24:15Z</datetime>
<agent>BauerD</agent>
<event>modifyAttribute</event>
<stateName>Prüfung zur Beschaffung</stateName>
<name>Prüfer</name>
<value>BauerD</value>
<replaces>tpkkonn</replaces>
</history>
<history>
<datetime>2012-01-18T05:24:15Z</datetime>
<agent>BauerD</agent>
<event>modifyAttribute</event>
<stateName>Prüfung zur Beschaffung</stateName>
<name>Datum Freigabe</name>
<value>18.01.12</value>
<replaces>17.01.12</replaces>
</history>
<history>
<datetime>2012-01-18T05:24:16Z</datetime>
<agent>BauerD</agent>
<event>approve</event>
<stateName>Prüfung zur Beschaffung</stateName>
<signatureName>Prüfer gibt frei zur Beschaffung</signatureName>
</history>
<history>
<datetime>2012-01-18T05:24:16Z</datetime>
<agent>BauerD</agent>
<event>promote</event>
<stateName>Freigabe zur Beschaffung</stateName>
</history>
<history>
<datetime>2012-02-08T12:02:27Z</datetime>
<agent>tpkkonn</agent>
<event>revision</event>
<stateName>Freigabe zur Beschaffung</stateName>
<previousRevision>
<businessObjectRef>
<objectType>Catia ET/ZSB</objectType>
<objectName>34610.0.001</objectName>
<objectRevision>006</objectRevision>
</businessObjectRef>
</previousRevision>
</history>
<history>
<datetime>2012-02-08T12:20:08Z</datetime>
<agent>BauerD</agent>
<event>approve</event>
<stateName>Freigabe zur Beschaffung</stateName>
<signatureName>Vorgängerrevision in Beschaffung wird ungültig</signatureName>
</history>
<history>
<datetime>2012-02-08T12:20:09Z</datetime>
<agent>BauerD</agent>
<event>promote</event>
<stateName>Nicht mehr gültig</stateName>
</history>
</historyList>
<fromRelationshipList count="1">
<relationship>
<relationshipDefRef>Technische Änderung</relationshipDefRef>
<relatedObject>
<businessObjectRef>
<objectType>Technische Änderung</objectType>
<objectName>34610.0.001</objectName>
<objectRevision>005</objectRevision>
<vaultRef>Catia</vaultRef>
</businessObjectRef>
</relatedObject>
</relationship>
</fromRelationshipList>
<toRelationshipList count="1">
<relationship>
<relationshipDefRef>CAD-Dokument</relationshipDefRef>
<relatedObject>
<businessObjectRef>
<objectType>Produkt</objectType>
<objectName>34610.0.001</objectName>
<objectRevision>005</objectRevision>
<vaultRef>Catia</vaultRef>
</businessObjectRef>
</relatedObject>
</relationship>
</toRelationshipList>
</businessObject>
</ematrix>
