<?xml version="1.0" encoding="UTF-8" ?>
<!-- (c)MatrixOne, Inc., 2000 -->
<!DOCTYPE ematrix SYSTEM "ematrixml.dtd">
<ematrix>
<creationProperties>
<release>10.6.3.0-Global</release>
<datetime>2024-05-31T13:36:23Z</datetime>
<event>export</event>
<dtdInfo>&ematrixProductDtd;</dtdInfo>
</creationProperties>
<businessObject id="27212.3559.3748.27241">
<objectType>Catia ET/ZSB</objectType>
<objectName>34610.0.200 NUR_FUER_MESSRAUM_10-09-09</objectName>
<objectRevision>003</objectRevision>
<vaultRef>Catia</vaultRef>
<policyRef>Spezielles Versandprodukt - Catia ET/ZSB</policyRef>
<owner>
<userRef>BrehmS</userRef>
</owner>
<description>Nur für Messraum</description>
<creationInfo>
<datetime>2009-09-10T10:00:24Z</datetime>
</creationInfo>
<modificationInfo>
<datetime>2009-09-10T11:03:32Z</datetime>
</modificationInfo>

<attributeList count="11">
<attribute>
<name>Beschreibung Status-Änderung</name>
<string>Nur für Messraum</string>
</attribute>
<attribute>
<name>Material - OLD</name>
<string></string>
</attribute>
<attribute>
<name>Datum Freigabe</name>
<string></string>
</attribute>
<attribute>
<name>Ersteller</name>
<string></string>
</attribute>
<attribute>
<name>Prüfer</name>
<string></string>
</attribute>
<attribute>
<name>Werkstoff</name>
<string></string>
</attribute>
<attribute>
<name>Filenummer auf Archivband</name>
<integer>0</integer>
</attribute>
<attribute>
<name>Nummer des Archivbands</name>
<string></string>
</attribute>
<attribute>
<name>Datum Archivierung</name>
<string></string>
</attribute>
<attribute>
<name>Datum des Index</name>
<string></string>
</attribute>
<attribute>
<name>Zeichnungsindex</name>
<string></string>
</attribute>
</attributeList>
<stateList count="2">
<state>
<name>In Bearbeitung</name>
<stateStatus>enabled</stateStatus>
<actualInfo>
<datetime>2009-09-10T10:00:24Z</datetime>
</actualInfo>
<versionable/>
<stateDuration>
0</stateDuration>
<signatureList count="1">
<signature>
<name>Erzeugt dokumentierten Stand</name>
</signature>
</signatureList>
</state>
<state>
<name>Dokumentierter Stand</name>
<current/>
<stateStatus>enabled</stateStatus>
<actualInfo>
<datetime>2009-09-10T10:01:47Z</datetime>
</actualInfo>
<revisionable/>
<endDate>
<datetime>2024-05-31T13:36:23Z</datetime>
</endDate>
<stateDuration>
0</stateDuration>
</state>
</stateList>
<revisions>
<total>2</total>
<nextRevision>
<businessObjectRef>
<objectType>Catia ET/ZSB</objectType>
<objectName>34610.0.200 NUR_FUER_MESSRAUM_MIT_SCHAUM_10-09-09</objectName>
<objectRevision>004</objectRevision>
<vaultRef>Catia</vaultRef>
</businessObjectRef>
</nextRevision>
</revisions>
<historyList count="7">
<history>
<datetime>2009-09-10T10:00:24Z</datetime>
<agent>BrehmS</agent>
<event>connect</event>
<stateName>In Bearbeitung</stateName>
<relationshipName>CAD-Dokument</relationshipName>
<fromObject>
<businessObjectRef>
<objectType>Spezielles Versandprodukt</objectType>
<objectName>34610.0.200 NUR_FUER_MESSRAUM_10-09-09</objectName>
<objectRevision>003</objectRevision>
</businessObjectRef>
</fromObject>
</history>
<history>
<datetime>2009-09-10T10:00:24Z</datetime>
<agent>BrehmS</agent>
<event>create</event>
<stateName>In Bearbeitung</stateName>
</history>
<history>
<datetime>2009-09-10T10:00:39Z</datetime>
<agent>BrehmS</agent>
<event>modifyDescription</event>
<stateName>In Bearbeitung</stateName>
<description>Nur für Messraum</description>
</history>
<history>
<datetime>2009-09-10T10:01:15Z</datetime>
<agent>BrehmS</agent>
<event>checkin</event>
<stateName>In Bearbeitung</stateName>
<formatRef>Format Model</formatRef>
<fileName>34610.0.200±NUR_FUER_MESSRAUM_10-09-09±REV±003.model</fileName>
</history>
<history>
<datetime>2009-09-10T10:01:47Z</datetime>
<agent>BrehmS</agent>
<event>promote</event>
<stateName>Dokumentierter Stand</stateName>
</history>
<history>
<datetime>2009-09-10T10:01:47Z</datetime>
<agent>BrehmS</agent>
<event>modifyAttribute</event>
<stateName>In Bearbeitung</stateName>
<name>Beschreibung Status-Änderung</name>
<value>Nur für Messraum</value>
<replaces></replaces>
</history>
<history>
<datetime>2009-09-10T11:03:32Z</datetime>
<agent>BrehmS</agent>
<event>revision</event>
<stateName>Dokumentierter Stand</stateName>
<previousRevision>
<businessObjectRef>
<objectType>Catia ET/ZSB</objectType>
<objectName>34610.0.200 NUR_FUER_MESSRAUM_10-09-09</objectName>
<objectRevision>004</objectRevision>
</businessObjectRef>
</previousRevision>
</history>
</historyList>
<toRelationshipList count="1">
<relationship>
<relationshipDefRef>CAD-Dokument</relationshipDefRef>
<relatedObject>
<businessObjectRef>
<objectType>Spezielles Versandprodukt</objectType>
<objectName>34610.0.200 NUR_FUER_MESSRAUM_10-09-09</objectName>
<objectRevision>003</objectRevision>
<vaultRef>Catia</vaultRef>
</businessObjectRef>
</relatedObject>
</relationship>
</toRelationshipList>
<hadFiles/>
<storeType>captured</storeType>
<folderList count="1">
<folder>
<formatRef>Format Model</formatRef>
<fileList count="1">
<file>
<storeFilename>ftp://matrix@172.16.18.46//stores0803/Catia/c5154b08.90a</storeFilename>
<storeFileAlias>c5154b08.90a</storeFileAlias>
<diskFilename>/var/tmp/Temp_20090910120114/34610.0.200±NUR_FUER_MESSRAUM_10-09-09±REV±003.model@wa57</diskFilename>
<mode>420</mode>
<uid>402</uid>
<gid>61968</gid>
<size>4362800</size>
<storeRef>Catia 08/2003</storeRef>
</file>
</fileList>
</folder>
</folderList>
</businessObject>
</ematrix>
