<?xml version="1.0" encoding="UTF-8" ?>
<!-- (c)MatrixOne, Inc., 2000 -->
<!DOCTYPE ematrix SYSTEM "ematrixml.dtd">
<ematrix>
<creationProperties>
<release>10.6.3.0-Global</release>
<datetime>2024-05-31T13:37:09Z</datetime>
<event>export</event>
<dtdInfo>&ematrixProductDtd;</dtdInfo>
</creationProperties>
<businessObject id="27212.3559.4669.28963">
<objectType>CATPart</objectType>
<objectName>34610.0.007</objectName>
<objectRevision>005</objectRevision>
<vaultRef>Catia</vaultRef>
<policyRef>Produkt - Catia V5</policyRef>
<owner>
<userRef>tpkproe</userRef>
</owner>
<creationInfo>
<datetime>2014-06-30T08:47:22Z</datetime>
</creationInfo>
<modificationInfo>
<datetime>2024-04-10T06:34:12Z</datetime>
</modificationInfo>

<attributeList count="1">
<attribute>
<name>Beschreibung Status-Änderung</name>
<string></string>
</attribute>
</attributeList>
<stateList count="8">
<state>
<name>In Bearbeitung</name>
<stateStatus>enabled</stateStatus>
<actualInfo>
<datetime>2014-06-30T08:47:22Z</datetime>
</actualInfo>
<versionable/>
<stateDuration>
0</stateDuration>
<signatureList count="4">
<signature>
<name>Konstrukteur erzeugt dokumentierten Stand</name>
</signature>
<signature>
<name>Konstrukteur gibt in Prüfung zur Beschaffung</name>
<signed>
<userRef>tpkproe</userRef>
<signatureType>approved</signatureType>
<valid/>
</signed>
</signature>
<signature>
<name>Konstrukteur setzt in Prüfung zur bedingten Freigabe</name>
</signature>
<signature>
<name>Prüfer setzt ungültig</name>
</signature>
</signatureList>
</state>
<state>
<name>Dokumentierter Stand</name>
<stateStatus>enabled</stateStatus>
<revisionable/>
<versionable/>
<stateDuration>
0</stateDuration>
<signatureList count="3">
<signature>
<name>Konstrukteur gibt Zwischenstand in Prüfung zur Beschaffung</name>
</signature>
<signature>
<name>Konstrukteur gibt Zwischenstand in Prüfung zur bedingten Freigabe</name>
</signature>
<signature>
<name>Prüfer setzt ungültig</name>
</signature>
</signatureList>
</state>
<state>
<name>Prüfung zur bedingten Freigabe</name>
<stateStatus>enabled</stateStatus>
<versionable/>
<stateDuration>
0</stateDuration>
<signatureList count="2">
<signature>
<name>Prüfer gibt bedingt frei</name>
</signature>
<signature>
<name>Prüfer setzt ungültig</name>
</signature>
</signatureList>
</state>
<state>
<name>Bedingte Freigabe zur/für ...</name>
<stateStatus>enabled</stateStatus>
<revisionable/>
<versionable/>
<stateDuration>
0</stateDuration>
<signatureList count="2">
<signature>
<name>Prüfer setzt ungültig</name>
</signature>
<signature>
<name>Vorgängerrevision in bedingter Freigabe wird ungültig</name>
</signature>
</signatureList>
</state>
<state>
<name>Prüfung zur Beschaffung</name>
<stateStatus>enabled</stateStatus>
<actualInfo>
<datetime>2014-06-30T09:00:56Z</datetime>
</actualInfo>
<versionable/>
<stateDuration>
0</stateDuration>
<signatureList count="2">
<signature>
<name>Prüfer gibt frei zur Beschaffung</name>
<signed>
<userRef>PappertF</userRef>
<signatureType>approved</signatureType>
<valid/>
</signed>
</signature>
<signature>
<name>Prüfer setzt ungültig</name>
</signature>
</signatureList>
</state>
<state>
<name>Freigabe zur Beschaffung</name>
<current/>
<stateStatus>enabled</stateStatus>
<actualInfo>
<datetime>2014-07-01T07:10:52Z</datetime>
</actualInfo>
<revisionable/>
<versionable/>
<endDate>
<datetime>2024-05-31T13:37:09Z</datetime>
</endDate>
<stateDuration>
0</stateDuration>
<signatureList count="2">
<signature>
<name>Prüfer setzt ungültig</name>
</signature>
<signature>
<name>Vorgängerrevision in Beschaffung wird ungültig</name>
</signature>
</signatureList>
</state>
<state>
<name>Nicht mehr gültig</name>
<stateStatus>enabled</stateStatus>
<versionable/>
<stateDuration>
0</stateDuration>
<signatureList count="1">
<signature>
<name>Prüfer setzt ungültig</name>
</signature>
</signatureList>
</state>
<state>
<name>Ungültig</name>
<stateStatus>enabled</stateStatus>
<revisionable/>
<versionable/>
<stateDuration>
0</stateDuration>
</state>
</stateList>
<revisions>
<total>5</total>
<previousRevision>
<businessObjectRef>
<objectType>CATPart</objectType>
<objectName>34610.0.007</objectName>
<objectRevision>004</objectRevision>
<vaultRef>Catia</vaultRef>
</businessObjectRef>
</previousRevision>
</revisions>
<historyList count="96">
<history>
<datetime>2014-06-30T08:47:22Z</datetime>
<agent>tpkproe</agent>
<event>connect</event>
<stateName>In Bearbeitung</stateName>
<relationshipName>CATPart</relationshipName>
<fromObject>
<businessObjectRef>
<objectType>Catia V5</objectType>
<objectName>34610.0.007</objectName>
<objectRevision>005</objectRevision>
</businessObjectRef>
</fromObject>
</history>
<history>
<datetime>2014-06-30T08:47:22Z</datetime>
<agent>tpkproe</agent>
<event>create</event>
<stateName>In Bearbeitung</stateName>
<previousRevision>
<businessObjectRef>
<objectType>CATPart</objectType>
<objectName>34610.0.007</objectName>
<objectRevision>004</objectRevision>
</businessObjectRef>
</previousRevision>
</history>
<history>
<datetime>2014-06-30T08:47:23Z</datetime>
<agent>tpkproe</agent>
<event>disconnect</event>
<stateName>In Bearbeitung</stateName>
<relationshipName>V5 Struktur</relationshipName>
<fromObject>
<businessObjectRef>
<objectType>CATProduct</objectType>
<objectName>34890.0.200</objectName>
<objectRevision>004</objectRevision>
</businessObjectRef>
</fromObject>
</history>
<history>
<datetime>2014-06-30T08:47:26Z</datetime>
<agent>tpkproe</agent>
<event>disconnect</event>
<stateName>In Bearbeitung</stateName>
<relationshipName>V5 Struktur</relationshipName>
<fromObject>
<businessObjectRef>
<objectType>CATProduct</objectType>
<objectName>34610.0.200</objectName>
<objectRevision>010</objectRevision>
</businessObjectRef>
</fromObject>
</history>
<history>
<datetime>2014-06-30T09:00:55Z</datetime>
<agent>tpkproe</agent>
<event>approve</event>
<stateName>In Bearbeitung</stateName>
<signatureName>Konstrukteur gibt in Prüfung zur Beschaffung</signatureName>
</history>
<history>
<datetime>2014-06-30T09:00:56Z</datetime>
<agent>tpkproe</agent>
<event>promote</event>
<stateName>Prüfung zur Beschaffung</stateName>
</history>
<history>
<datetime>2014-07-01T07:10:52Z</datetime>
<agent>PappertF</agent>
<event>promote</event>
<stateName>Freigabe zur Beschaffung</stateName>
</history>
<history>
<datetime>2014-07-01T07:10:52Z</datetime>
<agent>PappertF</agent>
<event>approve</event>
<stateName>Prüfung zur Beschaffung</stateName>
<signatureName>Prüfer gibt frei zur Beschaffung</signatureName>
</history>
<history>
<datetime>2014-07-01T13:25:15Z</datetime>
<agent>Datenaustausch</agent>
<event>connect</event>
<stateName>Freigabe zur Beschaffung</stateName>
<relationshipName>Versanddokument</relationshipName>
<fromObject>
<businessObjectRef>
<objectType>Versandauftrag</objectType>
<objectName>14-00393</objectName>
</businessObjectRef>
</fromObject>
</history>
<history>
<datetime>2014-07-01T13:26:14Z</datetime>
<agent>Datenaustausch</agent>
<event>checkout</event>
<stateName>Freigabe zur Beschaffung</stateName>
<formatRef>Catia V5 Format</formatRef>
<fileName>991.505.521.00_MONTAGEPLATTE_OB_LI-TM07.CATPart</fileName>
</history>
<history>
<datetime>2014-07-01T13:43:11Z</datetime>
<agent>KiwitzH</agent>
<event>checkout</event>
<stateName>Freigabe zur Beschaffung</stateName>
<formatRef>Catia V5 Format</formatRef>
<fileName>991.505.521.00_MONTAGEPLATTE_OB_LI-TM07.CATPart</fileName>
</history>
<history>
<datetime>2014-08-11T11:40:50Z</datetime>
<agent>tpkditz</agent>
<event>checkout</event>
<stateName>Freigabe zur Beschaffung</stateName>
<formatRef>Catia V5 Format</formatRef>
<fileName>991.505.521.00_MONTAGEPLATTE_OB_LI-TM07.CATPart</fileName>
</history>
<history>
<datetime>2014-08-11T11:42:06Z</datetime>
<agent>tpkditz</agent>
<event>checkout</event>
<stateName>Freigabe zur Beschaffung</stateName>
<formatRef>Catia V5 Format</formatRef>
<fileName>991.505.521.00_MONTAGEPLATTE_OB_LI-TM07.CATPart</fileName>
</history>
<history>
<datetime>2014-08-12T06:13:05Z</datetime>
<agent>tpkditz</agent>
<event>checkout</event>
<stateName>Freigabe zur Beschaffung</stateName>
<formatRef>Catia V5 Format</formatRef>
<fileName>991.505.521.00_MONTAGEPLATTE_OB_LI-TM07.CATPart</fileName>
</history>
<history>
<datetime>2014-08-12T09:07:00Z</datetime>
<agent>tpkditz</agent>
<event>checkout</event>
<stateName>Freigabe zur Beschaffung</stateName>
<formatRef>Catia V5 Format</formatRef>
<fileName>991.505.521.00_MONTAGEPLATTE_OB_LI-TM07.CATPart</fileName>
</history>
<history>
<datetime>2014-08-13T13:45:44Z</datetime>
<agent>tpkditz</agent>
<event>checkout</event>
<stateName>Freigabe zur Beschaffung</stateName>
<formatRef>Catia V5 Format</formatRef>
<fileName>991.505.521.00_MONTAGEPLATTE_OB_LI-TM07.CATPart</fileName>
</history>
<history>
<datetime>2014-08-13T13:52:24Z</datetime>
<agent>tpkditz</agent>
<event>checkout</event>
<stateName>Freigabe zur Beschaffung</stateName>
<formatRef>Catia V5 Format</formatRef>
<fileName>991.505.521.00_MONTAGEPLATTE_OB_LI-TM07.CATPart</fileName>
</history>
<history>
<datetime>2014-08-13T13:56:16Z</datetime>
<agent>tpkditz</agent>
<event>checkout</event>
<stateName>Freigabe zur Beschaffung</stateName>
<formatRef>Catia V5 Format</formatRef>
<fileName>991.505.521.00_MONTAGEPLATTE_OB_LI-TM07.CATPart</fileName>
</history>
<history>
<datetime>2014-08-13T13:59:54Z</datetime>
<agent>tpkditz</agent>
<event>checkout</event>
<stateName>Freigabe zur Beschaffung</stateName>
<formatRef>Catia V5 Format</formatRef>
<fileName>991.505.521.00_MONTAGEPLATTE_OB_LI-TM07.CATPart</fileName>
</history>
<history>
<datetime>2014-08-14T06:17:37Z</datetime>
<agent>tpkditz</agent>
<event>checkout</event>
<stateName>Freigabe zur Beschaffung</stateName>
<formatRef>Catia V5 Format</formatRef>
<fileName>991.505.521.00_MONTAGEPLATTE_OB_LI-TM07.CATPart</fileName>
</history>
<history>
<datetime>2014-08-14T06:21:02Z</datetime>
<agent>tpkditz</agent>
<event>checkout</event>
<stateName>Freigabe zur Beschaffung</stateName>
<formatRef>Catia V5 Format</formatRef>
<fileName>991.505.521.00_MONTAGEPLATTE_OB_LI-TM07.CATPart</fileName>
</history>
<history>
<datetime>2014-08-14T10:52:47Z</datetime>
<agent>tpkditz</agent>
<event>checkout</event>
<stateName>Freigabe zur Beschaffung</stateName>
<formatRef>Catia V5 Format</formatRef>
<fileName>991.505.521.00_MONTAGEPLATTE_OB_LI-TM07.CATPart</fileName>
</history>
<history>
<datetime>2014-08-14T10:53:04Z</datetime>
<agent>tpkditz</agent>
<event>checkout</event>
<stateName>Freigabe zur Beschaffung</stateName>
<formatRef>Catia V5 Format</formatRef>
<fileName>991.505.521.00_MONTAGEPLATTE_OB_LI-TM07.CATPart</fileName>
</history>
<history>
<datetime>2014-08-14T10:53:33Z</datetime>
<agent>tpkditz</agent>
<event>checkout</event>
<stateName>Freigabe zur Beschaffung</stateName>
<formatRef>Catia V5 Format</formatRef>
<fileName>991.505.521.00_MONTAGEPLATTE_OB_LI-TM07.CATPart</fileName>
</history>
<history>
<datetime>2014-08-14T10:54:02Z</datetime>
<agent>tpkditz</agent>
<event>checkout</event>
<stateName>Freigabe zur Beschaffung</stateName>
<formatRef>Catia V5 Format</formatRef>
<fileName>991.505.521.00_MONTAGEPLATTE_OB_LI-TM07.CATPart</fileName>
</history>
<history>
<datetime>2014-08-14T10:54:42Z</datetime>
<agent>tpkditz</agent>
<event>checkout</event>
<stateName>Freigabe zur Beschaffung</stateName>
<formatRef>Catia V5 Format</formatRef>
<fileName>991.505.521.00_MONTAGEPLATTE_OB_LI-TM07.CATPart</fileName>
</history>
<history>
<datetime>2014-08-14T15:00:05Z</datetime>
<agent>tqmmahr</agent>
<event>checkout</event>
<stateName>Freigabe zur Beschaffung</stateName>
<formatRef>Catia V5 Format</formatRef>
<fileName>991.505.521.00_MONTAGEPLATTE_OB_LI-TM07.CATPart</fileName>
</history>
<history>
<datetime>2014-08-27T08:45:54Z</datetime>
<agent>tpklang</agent>
<event>checkout</event>
<stateName>Freigabe zur Beschaffung</stateName>
<formatRef>Catia V5 Format</formatRef>
<fileName>991.505.521.00_MONTAGEPLATTE_OB_LI-TM07.CATPart</fileName>
</history>
<history>
<datetime>2014-08-27T11:30:49Z</datetime>
<agent>tpkditz</agent>
<event>checkout</event>
<stateName>Freigabe zur Beschaffung</stateName>
<formatRef>Catia V5 Format</formatRef>
<fileName>991.505.521.00_MONTAGEPLATTE_OB_LI-TM07.CATPart</fileName>
</history>
<history>
<datetime>2014-09-05T09:19:38Z</datetime>
<agent>tpkditz</agent>
<event>checkout</event>
<stateName>Freigabe zur Beschaffung</stateName>
<formatRef>Catia V5 Format</formatRef>
<fileName>991.505.521.00_MONTAGEPLATTE_OB_LI-TM07.CATPart</fileName>
</history>
<history>
<datetime>2014-09-05T10:41:14Z</datetime>
<agent>tpkditz</agent>
<event>checkout</event>
<stateName>Freigabe zur Beschaffung</stateName>
<formatRef>Catia V5 Format</formatRef>
<fileName>991.505.521.00_MONTAGEPLATTE_OB_LI-TM07.CATPart</fileName>
</history>
<history>
<datetime>2014-09-17T13:08:13Z</datetime>
<agent>tpkditz</agent>
<event>checkout</event>
<stateName>Freigabe zur Beschaffung</stateName>
<formatRef>Catia V5 Format</formatRef>
<fileName>991.505.521.00_MONTAGEPLATTE_OB_LI-TM07.CATPart</fileName>
</history>
<history>
<datetime>2014-09-17T13:08:57Z</datetime>
<agent>tpkditz</agent>
<event>checkout</event>
<stateName>Freigabe zur Beschaffung</stateName>
<formatRef>Catia V5 Format</formatRef>
<fileName>991.505.521.00_MONTAGEPLATTE_OB_LI-TM07.CATPart</fileName>
</history>
<history>
<datetime>2014-12-15T13:27:53Z</datetime>
<agent>tpklang</agent>
<event>checkout</event>
<stateName>Freigabe zur Beschaffung</stateName>
<formatRef>Catia V5 Format</formatRef>
<fileName>991.505.521.00_MONTAGEPLATTE_OB_LI-TM07.CATPart</fileName>
</history>
<history>
<datetime>2014-12-15T13:33:11Z</datetime>
<agent>tpklang</agent>
<event>checkout</event>
<stateName>Freigabe zur Beschaffung</stateName>
<formatRef>Catia V5 Format</formatRef>
<fileName>991.505.521.00_MONTAGEPLATTE_OB_LI-TM07.CATPart</fileName>
</history>
<history>
<datetime>2014-12-15T13:35:29Z</datetime>
<agent>FleischerP</agent>
<event>checkout</event>
<stateName>Freigabe zur Beschaffung</stateName>
<formatRef>Catia V5 Format</formatRef>
<fileName>991.505.521.00_MONTAGEPLATTE_OB_LI-TM07.CATPart</fileName>
</history>
<history>
<datetime>2014-12-15T13:35:59Z</datetime>
<agent>FleischerP</agent>
<event>checkout</event>
<stateName>Freigabe zur Beschaffung</stateName>
<formatRef>Catia V5 Format</formatRef>
<fileName>991.505.521.00_MONTAGEPLATTE_OB_LI-TM07.CATPart</fileName>
</history>
<history>
<datetime>2014-12-15T13:41:12Z</datetime>
<agent>FleischerP</agent>
<event>checkout</event>
<stateName>Freigabe zur Beschaffung</stateName>
<formatRef>Catia V5 Format</formatRef>
<fileName>991.505.521.00_MONTAGEPLATTE_OB_LI-TM07.CATPart</fileName>
</history>
<history>
<datetime>2014-12-15T14:00:56Z</datetime>
<agent>FleischerP</agent>
<event>checkout</event>
<stateName>Freigabe zur Beschaffung</stateName>
<formatRef>Catia V5 Format</formatRef>
<fileName>991.505.521.00_MONTAGEPLATTE_OB_LI-TM07.CATPart</fileName>
</history>
<history>
<datetime>2014-12-15T14:12:02Z</datetime>
<agent>FleischerP</agent>
<event>checkout</event>
<stateName>Freigabe zur Beschaffung</stateName>
<formatRef>Catia V5 Format</formatRef>
<fileName>991.505.521.00_MONTAGEPLATTE_OB_LI-TM07.CATPart</fileName>
</history>
<history>
<datetime>2014-12-15T14:26:35Z</datetime>
<agent>FleischerP</agent>
<event>checkout</event>
<stateName>Freigabe zur Beschaffung</stateName>
<formatRef>Catia V5 Format</formatRef>
<fileName>991.505.521.00_MONTAGEPLATTE_OB_LI-TM07.CATPart</fileName>
</history>
<history>
<datetime>2014-12-16T06:43:57Z</datetime>
<agent>tpklang</agent>
<event>checkout</event>
<stateName>Freigabe zur Beschaffung</stateName>
<formatRef>Catia V5 Format</formatRef>
<fileName>991.505.521.00_MONTAGEPLATTE_OB_LI-TM07.CATPart</fileName>
</history>
<history>
<datetime>2014-12-16T06:44:18Z</datetime>
<agent>tpklang</agent>
<event>checkout</event>
<stateName>Freigabe zur Beschaffung</stateName>
<formatRef>Catia V5 Format</formatRef>
<fileName>991.505.521.00_MONTAGEPLATTE_OB_LI-TM07.CATPart</fileName>
</history>
<history>
<datetime>2015-01-07T08:19:45Z</datetime>
<agent>tpkditz</agent>
<event>checkout</event>
<stateName>Freigabe zur Beschaffung</stateName>
<formatRef>Catia V5 Format</formatRef>
<fileName>991.505.521.00_MONTAGEPLATTE_OB_LI-TM07.CATPart</fileName>
</history>
<history>
<datetime>2015-01-07T08:24:10Z</datetime>
<agent>tpkditz</agent>
<event>checkout</event>
<stateName>Freigabe zur Beschaffung</stateName>
<formatRef>Catia V5 Format</formatRef>
<fileName>991.505.521.00_MONTAGEPLATTE_OB_LI-TM07.CATPart</fileName>
</history>
<history>
<datetime>2015-01-07T14:42:41Z</datetime>
<agent>tpkditz</agent>
<event>checkout</event>
<stateName>Freigabe zur Beschaffung</stateName>
<formatRef>Catia V5 Format</formatRef>
<fileName>991.505.521.00_MONTAGEPLATTE_OB_LI-TM07.CATPart</fileName>
</history>
<history>
<datetime>2015-01-08T13:58:32Z</datetime>
<agent>tpkditz</agent>
<event>checkout</event>
<stateName>Freigabe zur Beschaffung</stateName>
<formatRef>Catia V5 Format</formatRef>
<fileName>991.505.521.00_MONTAGEPLATTE_OB_LI-TM07.CATPart</fileName>
</history>
<history>
<datetime>2015-01-27T09:58:38Z</datetime>
<agent>tpkuebe</agent>
<event>checkout</event>
<stateName>Freigabe zur Beschaffung</stateName>
<formatRef>Catia V5 Format</formatRef>
<fileName>991.505.521.00_MONTAGEPLATTE_OB_LI-TM07.CATPart</fileName>
</history>
<history>
<datetime>2015-01-27T09:59:14Z</datetime>
<agent>tpkuebe</agent>
<event>checkout</event>
<stateName>Freigabe zur Beschaffung</stateName>
<formatRef>Catia V5 Format</formatRef>
<fileName>991.505.521.00_MONTAGEPLATTE_OB_LI-TM07.CATPart</fileName>
</history>
<history>
<datetime>2015-01-27T09:59:36Z</datetime>
<agent>tpkuebe</agent>
<event>checkout</event>
<stateName>Freigabe zur Beschaffung</stateName>
<formatRef>Catia V5 Format</formatRef>
<fileName>991.505.521.00_MONTAGEPLATTE_OB_LI-TM07.CATPart</fileName>
</history>
<history>
<datetime>2015-05-05T07:23:27Z</datetime>
<agent>tpkditz</agent>
<event>checkout</event>
<stateName>Freigabe zur Beschaffung</stateName>
<formatRef>Catia V5 Format</formatRef>
<fileName>991.505.521.00_MONTAGEPLATTE_OB_LI-TM07.CATPart</fileName>
</history>
<history>
<datetime>2015-05-22T12:04:43Z</datetime>
<agent>HaunJ</agent>
<event>checkout</event>
<stateName>Freigabe zur Beschaffung</stateName>
<formatRef>Catia V5 Format</formatRef>
<fileName>991.505.521.00_MONTAGEPLATTE_OB_LI-TM07.CATPart</fileName>
</history>
<history>
<datetime>2015-05-22T12:12:55Z</datetime>
<agent>HaunJ</agent>
<event>checkout</event>
<stateName>Freigabe zur Beschaffung</stateName>
<formatRef>Catia V5 Format</formatRef>
<fileName>991.505.521.00_MONTAGEPLATTE_OB_LI-TM07.CATPart</fileName>
</history>
<history>
<datetime>2015-05-22T12:14:40Z</datetime>
<agent>tpkuebe</agent>
<event>checkout</event>
<stateName>Freigabe zur Beschaffung</stateName>
<formatRef>Catia V5 Format</formatRef>
<fileName>991.505.521.00_MONTAGEPLATTE_OB_LI-TM07.CATPart</fileName>
</history>
<history>
<datetime>2015-09-21T07:27:09Z</datetime>
<agent>tpklang</agent>
<event>checkout</event>
<stateName>Freigabe zur Beschaffung</stateName>
<formatRef>Catia V5 Format</formatRef>
<fileName>991.505.521.00_MONTAGEPLATTE_OB_LI-TM07.CATPart</fileName>
</history>
<history>
<datetime>2015-09-22T13:39:30Z</datetime>
<agent>tpkproe</agent>
<event>checkout</event>
<stateName>Freigabe zur Beschaffung</stateName>
<formatRef>Catia V5 Format</formatRef>
<fileName>991.505.521.00_MONTAGEPLATTE_OB_LI-TM07.CATPart</fileName>
</history>
<history>
<datetime>2015-09-22T13:40:55Z</datetime>
<agent>tpkproe</agent>
<event>checkout</event>
<stateName>Freigabe zur Beschaffung</stateName>
<formatRef>Catia V5 Format</formatRef>
<fileName>991.505.521.00_MONTAGEPLATTE_OB_LI-TM07.CATPart</fileName>
</history>
<history>
<datetime>2015-09-22T13:42:30Z</datetime>
<agent>tpkproe</agent>
<event>checkout</event>
<stateName>Freigabe zur Beschaffung</stateName>
<formatRef>Catia V5 Format</formatRef>
<fileName>991.505.521.00_MONTAGEPLATTE_OB_LI-TM07.CATPart</fileName>
</history>
<history>
<datetime>2015-09-23T08:34:13Z</datetime>
<agent>tpkditz</agent>
<event>checkout</event>
<stateName>Freigabe zur Beschaffung</stateName>
<formatRef>Catia V5 Format</formatRef>
<fileName>991.505.521.00_MONTAGEPLATTE_OB_LI-TM07.CATPart</fileName>
</history>
<history>
<datetime>2015-10-12T08:19:36Z</datetime>
<agent>tpklang</agent>
<event>checkout</event>
<stateName>Freigabe zur Beschaffung</stateName>
<formatRef>Catia V5 Format</formatRef>
<fileName>991.505.521.00_MONTAGEPLATTE_OB_LI-TM07.CATPart</fileName>
</history>
<history>
<datetime>2016-03-15T08:21:32Z</datetime>
<agent>tpklang</agent>
<event>checkout</event>
<stateName>Freigabe zur Beschaffung</stateName>
<formatRef>Catia V5 Format</formatRef>
<fileName>991.505.521.00_MONTAGEPLATTE_OB_LI-TM07.CATPart</fileName>
</history>
<history>
<datetime>2016-07-19T05:44:09Z</datetime>
<agent>tpklang</agent>
<event>checkout</event>
<stateName>Freigabe zur Beschaffung</stateName>
<formatRef>Catia V5 Format</formatRef>
<fileName>991.505.521.00_MONTAGEPLATTE_OB_LI-TM07.CATPart</fileName>
</history>
<history>
<datetime>2016-07-19T05:44:40Z</datetime>
<agent>tpklang</agent>
<event>checkout</event>
<stateName>Freigabe zur Beschaffung</stateName>
<formatRef>Catia V5 Format</formatRef>
<fileName>991.505.521.00_MONTAGEPLATTE_OB_LI-TM07.CATPart</fileName>
</history>
<history>
<datetime>2016-07-19T05:45:59Z</datetime>
<agent>tpklang</agent>
<event>checkout</event>
<stateName>Freigabe zur Beschaffung</stateName>
<formatRef>Catia V5 Format</formatRef>
<fileName>991.505.521.00_MONTAGEPLATTE_OB_LI-TM07.CATPart</fileName>
</history>
<history>
<datetime>2016-07-19T05:50:00Z</datetime>
<agent>tpklang</agent>
<event>checkout</event>
<stateName>Freigabe zur Beschaffung</stateName>
<formatRef>Catia V5 Format</formatRef>
<fileName>991.505.521.00_MONTAGEPLATTE_OB_LI-TM07.CATPart</fileName>
</history>
<history>
<datetime>2016-07-19T05:50:38Z</datetime>
<agent>tpklang</agent>
<event>checkout</event>
<stateName>Freigabe zur Beschaffung</stateName>
<formatRef>Catia V5 Format</formatRef>
<fileName>991.505.521.00_MONTAGEPLATTE_OB_LI-TM07.CATPart</fileName>
</history>
<history>
<datetime>2016-07-19T05:51:55Z</datetime>
<agent>tpklang</agent>
<event>checkout</event>
<stateName>Freigabe zur Beschaffung</stateName>
<formatRef>Catia V5 Format</formatRef>
<fileName>991.505.521.00_MONTAGEPLATTE_OB_LI-TM07.CATPart</fileName>
</history>
<history>
<datetime>2016-07-19T06:32:03Z</datetime>
<agent>tpklang</agent>
<event>checkout</event>
<stateName>Freigabe zur Beschaffung</stateName>
<formatRef>Catia V5 Format</formatRef>
<fileName>991.505.521.00_MONTAGEPLATTE_OB_LI-TM07.CATPart</fileName>
</history>
<history>
<datetime>2016-07-19T06:32:37Z</datetime>
<agent>tpklang</agent>
<event>checkout</event>
<stateName>Freigabe zur Beschaffung</stateName>
<formatRef>Catia V5 Format</formatRef>
<fileName>991.505.521.00_MONTAGEPLATTE_OB_LI-TM07.CATPart</fileName>
</history>
<history>
<datetime>2016-07-19T06:33:43Z</datetime>
<agent>tpklang</agent>
<event>checkout</event>
<stateName>Freigabe zur Beschaffung</stateName>
<formatRef>Catia V5 Format</formatRef>
<fileName>991.505.521.00_MONTAGEPLATTE_OB_LI-TM07.CATPart</fileName>
</history>
<history>
<datetime>2016-07-19T06:36:39Z</datetime>
<agent>tpklang</agent>
<event>checkout</event>
<stateName>Freigabe zur Beschaffung</stateName>
<formatRef>Catia V5 Format</formatRef>
<fileName>991.505.521.00_MONTAGEPLATTE_OB_LI-TM07.CATPart</fileName>
</history>
<history>
<datetime>2016-07-19T06:42:01Z</datetime>
<agent>tpklang</agent>
<event>checkout</event>
<stateName>Freigabe zur Beschaffung</stateName>
<formatRef>Catia V5 Format</formatRef>
<fileName>991.505.521.00_MONTAGEPLATTE_OB_LI-TM07.CATPart</fileName>
</history>
<history>
<datetime>2016-07-27T11:34:56Z</datetime>
<agent>tpklang</agent>
<event>checkout</event>
<stateName>Freigabe zur Beschaffung</stateName>
<formatRef>Catia V5 Format</formatRef>
<fileName>991.505.521.00_MONTAGEPLATTE_OB_LI-TM07.CATPart</fileName>
</history>
<history>
<datetime>2016-11-22T09:20:20Z</datetime>
<agent>tpklang</agent>
<event>checkout</event>
<stateName>Freigabe zur Beschaffung</stateName>
<formatRef>Catia V5 Format</formatRef>
<fileName>991.505.521.00_MONTAGEPLATTE_OB_LI-TM07.CATPart</fileName>
</history>
<history>
<datetime>2017-07-18T08:47:56Z</datetime>
<agent>tpklang</agent>
<event>checkout</event>
<stateName>Freigabe zur Beschaffung</stateName>
<formatRef>Catia V5 Format</formatRef>
<fileName>991.505.521.00_MONTAGEPLATTE_OB_LI-TM07.CATPart</fileName>
</history>
<history>
<datetime>2018-01-03T07:09:53Z</datetime>
<agent>tpklang</agent>
<event>checkout</event>
<stateName>Freigabe zur Beschaffung</stateName>
<formatRef>Catia V5 Format</formatRef>
<fileName>991.505.521.00_MONTAGEPLATTE_OB_LI-TM07.CATPart</fileName>
</history>
<history>
<datetime>2018-01-03T07:10:26Z</datetime>
<agent>tpklang</agent>
<event>checkout</event>
<stateName>Freigabe zur Beschaffung</stateName>
<formatRef>Catia V5 Format</formatRef>
<fileName>991.505.521.00_MONTAGEPLATTE_OB_LI-TM07.CATPart</fileName>
</history>
<history>
<datetime>2018-01-03T07:11:01Z</datetime>
<agent>tpklang</agent>
<event>checkout</event>
<stateName>Freigabe zur Beschaffung</stateName>
<formatRef>Catia V5 Format</formatRef>
<fileName>991.505.521.00_MONTAGEPLATTE_OB_LI-TM07.CATPart</fileName>
</history>
<history>
<datetime>2018-01-03T07:11:19Z</datetime>
<agent>tpklang</agent>
<event>checkout</event>
<stateName>Freigabe zur Beschaffung</stateName>
<formatRef>Catia V5 Format</formatRef>
<fileName>991.505.521.00_MONTAGEPLATTE_OB_LI-TM07.CATPart</fileName>
</history>
<history>
<datetime>2018-01-03T07:21:04Z</datetime>
<agent>tpklang</agent>
<event>checkout</event>
<stateName>Freigabe zur Beschaffung</stateName>
<formatRef>Catia V5 Format</formatRef>
<fileName>991.505.521.00_MONTAGEPLATTE_OB_LI-TM07.CATPart</fileName>
</history>
<history>
<datetime>2018-11-13T13:56:37Z</datetime>
<agent>tpkkonn</agent>
<event>checkout</event>
<stateName>Freigabe zur Beschaffung</stateName>
<formatRef>Catia V5 Format</formatRef>
<fileName>991.505.521.00_MONTAGEPLATTE_OB_LI-TM07.CATPart</fileName>
</history>
<history>
<datetime>2018-11-13T13:56:47Z</datetime>
<agent>tpkkonn</agent>
<event>checkout</event>
<stateName>Freigabe zur Beschaffung</stateName>
<formatRef>Catia V5 Format</formatRef>
<fileName>991.505.521.00_MONTAGEPLATTE_OB_LI-TM07.CATPart</fileName>
</history>
<history>
<datetime>2018-11-13T13:56:56Z</datetime>
<agent>tpkkonn</agent>
<event>checkout</event>
<stateName>Freigabe zur Beschaffung</stateName>
<formatRef>Catia V5 Format</formatRef>
<fileName>991.505.521.00_MONTAGEPLATTE_OB_LI-TM07.CATPart</fileName>
</history>
<history>
<datetime>2018-11-13T13:57:00Z</datetime>
<agent>tpkkonn</agent>
<event>checkout</event>
<stateName>Freigabe zur Beschaffung</stateName>
<formatRef>Catia V5 Format</formatRef>
<fileName>991.505.521.00_MONTAGEPLATTE_OB_LI-TM07.CATPart</fileName>
</history>
<history>
<datetime>2019-03-15T09:38:03Z</datetime>
<agent>PichlL</agent>
<event>checkout</event>
<stateName>Freigabe zur Beschaffung</stateName>
<formatRef>Catia V5 Format</formatRef>
<fileName>991.505.521.00_MONTAGEPLATTE_OB_LI-TM07.CATPart</fileName>
</history>
<history>
<datetime>2019-04-04T06:51:25Z</datetime>
<agent>tpklang</agent>
<event>checkout</event>
<stateName>Freigabe zur Beschaffung</stateName>
<formatRef>Catia V5 Format</formatRef>
<fileName>991.505.521.00_MONTAGEPLATTE_OB_LI-TM07.CATPart</fileName>
</history>
<history>
<datetime>2019-04-04T06:52:07Z</datetime>
<agent>tpklang</agent>
<event>checkout</event>
<stateName>Freigabe zur Beschaffung</stateName>
<formatRef>Catia V5 Format</formatRef>
<fileName>991.505.521.00_MONTAGEPLATTE_OB_LI-TM07.CATPart</fileName>
</history>
<history>
<datetime>2019-04-04T08:04:22Z</datetime>
<agent>tpklang</agent>
<event>checkout</event>
<stateName>Freigabe zur Beschaffung</stateName>
<formatRef>Catia V5 Format</formatRef>
<fileName>991.505.521.00_MONTAGEPLATTE_OB_LI-TM07.CATPart</fileName>
</history>
<history>
<datetime>2019-04-04T08:30:42Z</datetime>
<agent>tpklang</agent>
<event>checkout</event>
<stateName>Freigabe zur Beschaffung</stateName>
<formatRef>Catia V5 Format</formatRef>
<fileName>991.505.521.00_MONTAGEPLATTE_OB_LI-TM07.CATPart</fileName>
</history>
<history>
<datetime>2019-07-03T11:56:10Z</datetime>
<agent>tpkamrh</agent>
<event>checkout</event>
<stateName>Freigabe zur Beschaffung</stateName>
<formatRef>Catia V5 Format</formatRef>
<fileName>991.505.521.00_MONTAGEPLATTE_OB_LI-TM07.CATPart</fileName>
</history>
<history>
<datetime>2019-07-03T12:15:32Z</datetime>
<agent>tpkamrh</agent>
<event>checkout</event>
<stateName>Freigabe zur Beschaffung</stateName>
<formatRef>Catia V5 Format</formatRef>
<fileName>991.505.521.00_MONTAGEPLATTE_OB_LI-TM07.CATPart</fileName>
</history>
<history>
<datetime>2020-03-26T09:16:57Z</datetime>
<agent>HoffmannD</agent>
<event>checkout</event>
<stateName>Freigabe zur Beschaffung</stateName>
<formatRef>Catia V5 Format</formatRef>
<fileName>991.505.521.00_MONTAGEPLATTE_OB_LI-TM07.CATPart</fileName>
</history>
<history>
<datetime>2024-03-12T13:01:26Z</datetime>
<agent>FranzL</agent>
<event>checkout</event>
<stateName>Freigabe zur Beschaffung</stateName>
<formatRef>Catia V5 Format</formatRef>
<fileName>991.505.521.00_MONTAGEPLATTE_OB_LI-TM07.CATPart</fileName>
</history>
<history>
<datetime>2024-04-10T05:38:11Z</datetime>
<agent>tpkamrh</agent>
<event>checkout</event>
<stateName>Freigabe zur Beschaffung</stateName>
<formatRef>Catia V5 Format</formatRef>
<fileName>991.505.521.00_MONTAGEPLATTE_OB_LI-TM07.CATPart</fileName>
</history>
<history>
<datetime>2024-04-10T06:20:57Z</datetime>
<agent>tpkamrh</agent>
<event>checkout</event>
<stateName>Freigabe zur Beschaffung</stateName>
<formatRef>Catia V5 Format</formatRef>
<fileName>991.505.521.00_MONTAGEPLATTE_OB_LI-TM07.CATPart</fileName>
</history>
<history>
<datetime>2024-04-10T06:34:12Z</datetime>
<agent>tpkamrh</agent>
<event>checkout</event>
<stateName>Freigabe zur Beschaffung</stateName>
<formatRef>Catia V5 Format</formatRef>
<fileName>991.505.521.00_MONTAGEPLATTE_OB_LI-TM07.CATPart</fileName>
</history>
</historyList>
<toRelationshipList count="30">
<relationship>
<relationshipDefRef>V5 Struktur</relationshipDefRef>
<relatedObject>
<businessObjectRef>
<objectType>CATProduct</objectType>
<objectName>34610.0.200</objectName>
<objectRevision>008</objectRevision>
<vaultRef>Catia</vaultRef>
</businessObjectRef>
</relatedObject>
</relationship>
<relationship>
<relationshipDefRef>V5 Struktur</relationshipDefRef>
<relatedObject>
<businessObjectRef>
<objectType>CATProduct</objectType>
<objectName>34610.0.200</objectName>
<objectRevision>001</objectRevision>
<vaultRef>Catia</vaultRef>
</businessObjectRef>
</relatedObject>
</relationship>
<relationship>
<relationshipDefRef>V5 Struktur</relationshipDefRef>
<relatedObject>
<businessObjectRef>
<objectType>CATProduct</objectType>
<objectName>34610.0.200</objectName>
<objectRevision>002</objectRevision>
<vaultRef>Catia</vaultRef>
</businessObjectRef>
</relatedObject>
</relationship>
<relationship>
<relationshipDefRef>V5 Struktur</relationshipDefRef>
<relatedObject>
<businessObjectRef>
<objectType>CATProduct</objectType>
<objectName>34610.0.200</objectName>
<objectRevision>004</objectRevision>
<vaultRef>Catia</vaultRef>
</businessObjectRef>
</relatedObject>
</relationship>
<relationship>
<relationshipDefRef>V5 Struktur</relationshipDefRef>
<relatedObject>
<businessObjectRef>
<objectType>CATProduct</objectType>
<objectName>34610.0.200</objectName>
<objectRevision>005</objectRevision>
<vaultRef>Catia</vaultRef>
</businessObjectRef>
</relatedObject>
</relationship>
<relationship>
<relationshipDefRef>V5 Struktur</relationshipDefRef>
<relatedObject>
<businessObjectRef>
<objectType>CATProduct</objectType>
<objectName>34610.0.200</objectName>
<objectRevision>006</objectRevision>
<vaultRef>Catia</vaultRef>
</businessObjectRef>
</relatedObject>
</relationship>
<relationship>
<relationshipDefRef>V5 Struktur</relationshipDefRef>
<relatedObject>
<businessObjectRef>
<objectType>CATProduct</objectType>
<objectName>32010863.KON1.BE.200</objectName>
<objectRevision>001</objectRevision>
<vaultRef>Catia</vaultRef>
</businessObjectRef>
</relatedObject>
</relationship>
<relationship>
<relationshipDefRef>V5 Struktur</relationshipDefRef>
<relatedObject>
<businessObjectRef>
<objectType>CATProduct</objectType>
<objectName>32010863.BST1.BE.200</objectName>
<objectRevision>001</objectRevision>
<vaultRef>Catia</vaultRef>
</businessObjectRef>
</relatedObject>
</relationship>
<relationship>
<relationshipDefRef>V5 Struktur</relationshipDefRef>
<relatedObject>
<businessObjectRef>
<objectType>CATProduct</objectType>
<objectName>32010863.BST1.BE.200</objectName>
<objectRevision>002</objectRevision>
<vaultRef>Catia</vaultRef>
</businessObjectRef>
</relatedObject>
</relationship>
<relationship>
<relationshipDefRef>V5 Struktur</relationshipDefRef>
<relatedObject>
<businessObjectRef>
<objectType>CATProduct</objectType>
<objectName>34610.0.200</objectName>
<objectRevision>007</objectRevision>
<vaultRef>Catia</vaultRef>
</businessObjectRef>
</relatedObject>
</relationship>
<relationship>
<relationshipDefRef>V5 Struktur</relationshipDefRef>
<relatedObject>
<businessObjectRef>
<objectType>CATProduct</objectType>
<objectName>32010863.BST1.BE.200</objectName>
<objectRevision>003</objectRevision>
<vaultRef>Catia</vaultRef>
</businessObjectRef>
</relatedObject>
</relationship>
<relationship>
<relationshipDefRef>V5 Struktur</relationshipDefRef>
<relatedObject>
<businessObjectRef>
<objectType>CATProduct</objectType>
<objectName>32010863.BST1.BE.200</objectName>
<objectRevision>004</objectRevision>
<vaultRef>Catia</vaultRef>
</businessObjectRef>
</relatedObject>
</relationship>
<relationship>
<relationshipDefRef>V5 Struktur</relationshipDefRef>
<relatedObject>
<businessObjectRef>
<objectType>CATProduct</objectType>
<objectName>34810.0.200</objectName>
<objectRevision>001</objectRevision>
<vaultRef>Catia</vaultRef>
</businessObjectRef>
</relatedObject>
</relationship>
<relationship>
<relationshipDefRef>V5 Struktur</relationshipDefRef>
<relatedObject>
<businessObjectRef>
<objectType>CATProduct</objectType>
<objectName>34820.0.200</objectName>
<objectRevision>001</objectRevision>
<vaultRef>Catia</vaultRef>
</businessObjectRef>
</relatedObject>
</relationship>
<relationship>
<relationshipDefRef>V5 Struktur</relationshipDefRef>
<relatedObject>
<businessObjectRef>
<objectType>CATProduct</objectType>
<objectName>34890.0.200</objectName>
<objectRevision>001</objectRevision>
<vaultRef>Catia</vaultRef>
</businessObjectRef>
</relatedObject>
</relationship>
<relationship>
<relationshipDefRef>CATPart</relationshipDefRef>
<relatedObject>
<businessObjectRef>
<objectType>Catia V5</objectType>
<objectName>34610.0.007</objectName>
<objectRevision>005</objectRevision>
<vaultRef>Catia</vaultRef>
</businessObjectRef>
</relatedObject>
</relationship>
<relationship>
<relationshipDefRef>V5 Struktur</relationshipDefRef>
<relatedObject>
<businessObjectRef>
<objectType>CATProduct</objectType>
<objectName>34820.0.200</objectName>
<objectRevision>002</objectRevision>
<vaultRef>Catia</vaultRef>
</businessObjectRef>
</relatedObject>
</relationship>
<relationship>
<relationshipDefRef>V5 Struktur</relationshipDefRef>
<relatedObject>
<businessObjectRef>
<objectType>CATProduct</objectType>
<objectName>34810.0.200</objectName>
<objectRevision>002</objectRevision>
<vaultRef>Catia</vaultRef>
</businessObjectRef>
</relatedObject>
</relationship>
<relationship>
<relationshipDefRef>V5 Struktur</relationshipDefRef>
<relatedObject>
<businessObjectRef>
<objectType>CATProduct</objectType>
<objectName>34810.0.200</objectName>
<objectRevision>003</objectRevision>
<vaultRef>Catia</vaultRef>
</businessObjectRef>
</relatedObject>
</relationship>
<relationship>
<relationshipDefRef>V5 Struktur</relationshipDefRef>
<relatedObject>
<businessObjectRef>
<objectType>CATProduct</objectType>
<objectName>34610.0.200</objectName>
<objectRevision>009</objectRevision>
<vaultRef>Catia</vaultRef>
</businessObjectRef>
</relatedObject>
</relationship>
<relationship>
<relationshipDefRef>V5 Struktur</relationshipDefRef>
<relatedObject>
<businessObjectRef>
<objectType>CATProduct</objectType>
<objectName>34890.0.200</objectName>
<objectRevision>002</objectRevision>
<vaultRef>Catia</vaultRef>
</businessObjectRef>
</relatedObject>
</relationship>
<relationship>
<relationshipDefRef>V5 Struktur</relationshipDefRef>
<relatedObject>
<businessObjectRef>
<objectType>CATProduct</objectType>
<objectName>34890.0.200</objectName>
<objectRevision>003</objectRevision>
<vaultRef>Catia</vaultRef>
</businessObjectRef>
</relatedObject>
</relationship>
<relationship>
<relationshipDefRef>V5 Struktur</relationshipDefRef>
<relatedObject>
<businessObjectRef>
<objectType>CATProduct</objectType>
<objectName>34820.0.200</objectName>
<objectRevision>003</objectRevision>
<vaultRef>Catia</vaultRef>
</businessObjectRef>
</relatedObject>
</relationship>
<relationship>
<relationshipDefRef>V5 Struktur</relationshipDefRef>
<relatedObject>
<businessObjectRef>
<objectType>CATProduct</objectType>
<objectName>34810.0.200</objectName>
<objectRevision>004</objectRevision>
<vaultRef>Catia</vaultRef>
</businessObjectRef>
</relatedObject>
</relationship>
<relationship>
<relationshipDefRef>V5 Struktur</relationshipDefRef>
<relatedObject>
<businessObjectRef>
<objectType>CATProduct</objectType>
<objectName>34810.0.200</objectName>
<objectRevision>005</objectRevision>
<vaultRef>Catia</vaultRef>
</businessObjectRef>
</relatedObject>
</relationship>
<relationship>
<relationshipDefRef>V5 Struktur</relationshipDefRef>
<relatedObject>
<businessObjectRef>
<objectType>CATProduct</objectType>
<objectName>34820.0.200</objectName>
<objectRevision>004</objectRevision>
<vaultRef>Catia</vaultRef>
</businessObjectRef>
</relatedObject>
</relationship>
<relationship>
<relationshipDefRef>V5 Struktur</relationshipDefRef>
<relatedObject>
<businessObjectRef>
<objectType>CATProduct</objectType>
<objectName>35150.0.200</objectName>
<objectRevision>001</objectRevision>
<vaultRef>Catia</vaultRef>
</businessObjectRef>
</relatedObject>
</relationship>
<relationship>
<relationshipDefRef>V5 Struktur</relationshipDefRef>
<relatedObject>
<businessObjectRef>
<objectType>CATProduct</objectType>
<objectName>34890.0.200</objectName>
<objectRevision>005</objectRevision>
<vaultRef>Catia</vaultRef>
</businessObjectRef>
</relatedObject>
</relationship>
<relationship>
<relationshipDefRef>V5 Struktur</relationshipDefRef>
<relatedObject>
<businessObjectRef>
<objectType>CATProduct</objectType>
<objectName>34610.0.200</objectName>
<objectRevision>011</objectRevision>
<vaultRef>Catia</vaultRef>
</businessObjectRef>
</relatedObject>
</relationship>
<relationship>
<relationshipDefRef>Versanddokument</relationshipDefRef>
<relatedObject>
<businessObjectRef>
<objectType>Versandauftrag</objectType>
<objectName>14-00393</objectName>
<objectRevision></objectRevision>
<vaultRef>Catia</vaultRef>
</businessObjectRef>
</relatedObject>
<attributeList count="5">
<attribute>
<name>Versand-Status</name>
<string>ERLEDIGT</string>
</attribute>
<attribute>
<name>Postcheck</name>
<string>NEIN</string>
</attribute>
<attribute>
<name>Neuer Modellname</name>
<string></string>
</attribute>
<attribute>
<name>Dateiname</name>
<string>a0039301.vda</string>
</attribute>
<attribute>
<name>Dokumentname</name>
<string>991.505.521.00_MONTAGEPLATTE_OB_LI-TM07.CATPart</string>
</attribute>
</attributeList>
</relationship>
</toRelationshipList>
</businessObject>
</ematrix>
