<?xml version="1.0" encoding="UTF-8" ?>
<!-- (c)MatrixOne, Inc., 2000 -->
<!DOCTYPE ematrix SYSTEM "ematrixml.dtd">
<ematrix>
<creationProperties>
<release>10.6.3.0-Global</release>
<datetime>2024-05-31T13:37:10Z</datetime>
<event>export</event>
<dtdInfo>&ematrixProductDtd;</dtdInfo>
</creationProperties>
<businessObject id="27212.3559.10743.7379">
<objectType>CATPart</objectType>
<objectName>34610.0.000 _06_09_2011</objectName>
<objectRevision>010</objectRevision>
<vaultRef>Catia</vaultRef>
<policyRef>Spezielles Versandprodukt - Catia V5</policyRef>
<owner>
<userRef>tpkkonn</userRef>
</owner>
<creationInfo>
<datetime>2011-09-07T11:21:55Z</datetime>
</creationInfo>
<modificationInfo>
<datetime>2014-03-15T11:55:39Z</datetime>
</modificationInfo>

<attributeList count="1">
<attribute>
<name>Beschreibung Status-Änderung</name>
<string></string>
</attribute>
</attributeList>
<stateList count="2">
<state>
<name>In Bearbeitung</name>
<stateStatus>enabled</stateStatus>
<actualInfo>
<datetime>2011-09-07T11:21:55Z</datetime>
</actualInfo>
<versionable/>
<stateDuration>
0</stateDuration>
<signatureList count="1">
<signature>
<name>Erzeugt dokumentierten Stand</name>
</signature>
</signatureList>
</state>
<state>
<name>Dokumentierter Stand</name>
<current/>
<stateStatus>enabled</stateStatus>
<actualInfo>
<datetime>2011-09-07T11:23:33Z</datetime>
</actualInfo>
<revisionable/>
<endDate>
<datetime>2024-05-31T13:37:10Z</datetime>
</endDate>
<stateDuration>
0</stateDuration>
</state>
</stateList>
<historyList count="9">
<history>
<datetime>2011-09-07T11:21:55Z</datetime>
<agent>tpkkonn</agent>
<event>create</event>
<stateName>In Bearbeitung</stateName>
</history>
<history>
<datetime>2011-09-07T11:21:55Z</datetime>
<agent>tpkkonn</agent>
<event>connect</event>
<stateName>In Bearbeitung</stateName>
<relationshipName>CATPart</relationshipName>
<fromObject>
<businessObjectRef>
<objectType>Catia V5</objectType>
<objectName>34610.0.000 _06_09_2011</objectName>
<objectRevision>010</objectRevision>
</businessObjectRef>
</fromObject>
</history>
<history>
<datetime>2011-09-07T11:23:04Z</datetime>
<agent>tpkkonn</agent>
<event>checkin</event>
<stateName>In Bearbeitung</stateName>
<formatRef>Catia V5 Format</formatRef>
<fileName>991.505.121.00_06-09-2011.CATPart</fileName>
</history>
<history>
<datetime>2011-09-07T11:23:33Z</datetime>
<agent>tpkkonn</agent>
<event>promote</event>
<stateName>Dokumentierter Stand</stateName>
</history>
<history>
<datetime>2011-09-07T11:26:01Z</datetime>
<agent>Datenaustausch</agent>
<event>connect</event>
<stateName>Dokumentierter Stand</stateName>
<relationshipName>Versanddokument</relationshipName>
<fromObject>
<businessObjectRef>
<objectType>Versandauftrag</objectType>
<objectName>11-00302</objectName>
</businessObjectRef>
</fromObject>
</history>
<history>
<datetime>2011-09-07T11:27:00Z</datetime>
<agent>Datenaustausch</agent>
<event>connect</event>
<stateName>Dokumentierter Stand</stateName>
<relationshipName>Versanddokument</relationshipName>
<fromObject>
<businessObjectRef>
<objectType>Versandauftrag</objectType>
<objectName>11-00303</objectName>
</businessObjectRef>
</fromObject>
</history>
<history>
<datetime>2011-09-07T11:28:11Z</datetime>
<agent>Datenaustausch</agent>
<event>checkout</event>
<stateName>Dokumentierter Stand</stateName>
<formatRef>Catia V5 Format</formatRef>
<fileName>991.505.121.00_06-09-2011.CATPart</fileName>
</history>
<history>
<datetime>2011-09-08T13:09:34Z</datetime>
<agent>Datenaustausch</agent>
<event>checkout</event>
<stateName>Dokumentierter Stand</stateName>
<formatRef>Catia V5 Format</formatRef>
<fileName>991.505.121.00_06-09-2011.CATPart</fileName>
</history>
<history>
<datetime>2014-03-15T11:55:39Z</datetime>
<agent>HockS</agent>
<event>checkout</event>
<stateName>Dokumentierter Stand</stateName>
<formatRef>Catia V5 Format</formatRef>
<fileName>991.505.121.00_06-09-2011.CATPart</fileName>
</history>
</historyList>
<toRelationshipList count="3">
<relationship>
<relationshipDefRef>CATPart</relationshipDefRef>
<relatedObject>
<businessObjectRef>
<objectType>Catia V5</objectType>
<objectName>34610.0.000 _06_09_2011</objectName>
<objectRevision>010</objectRevision>
<vaultRef>Catia</vaultRef>
</businessObjectRef>
</relatedObject>
</relationship>
<relationship>
<relationshipDefRef>Versanddokument</relationshipDefRef>
<relatedObject>
<businessObjectRef>
<objectType>Versandauftrag</objectType>
<objectName>11-00302</objectName>
<objectRevision></objectRevision>
<vaultRef>Catia</vaultRef>
</businessObjectRef>
</relatedObject>
<attributeList count="5">
<attribute>
<name>Versand-Status</name>
<string>ERLEDIGT</string>
</attribute>
<attribute>
<name>Postcheck</name>
<string>NEIN</string>
</attribute>
<attribute>
<name>Neuer Modellname</name>
<string></string>
</attribute>
<attribute>
<name>Dateiname</name>
<string>a0030201.vda</string>
</attribute>
<attribute>
<name>Dokumentname</name>
<string>991.505.121.00_06-09-2011.CATPart</string>
</attribute>
</attributeList>
</relationship>
<relationship>
<relationshipDefRef>Versanddokument</relationshipDefRef>
<relatedObject>
<businessObjectRef>
<objectType>Versandauftrag</objectType>
<objectName>11-00303</objectName>
<objectRevision></objectRevision>
<vaultRef>Catia</vaultRef>
</businessObjectRef>
</relatedObject>
<attributeList count="5">
<attribute>
<name>Versand-Status</name>
<string>ERLEDIGT</string>
</attribute>
<attribute>
<name>Postcheck</name>
<string>NEIN</string>
</attribute>
<attribute>
<name>Neuer Modellname</name>
<string></string>
</attribute>
<attribute>
<name>Dateiname</name>
<string>a0030301.vda</string>
</attribute>
<attribute>
<name>Dokumentname</name>
<string>991.505.121.00_06-09-2011.CATPart</string>
</attribute>
</attributeList>
</relationship>
</toRelationshipList>
<hadFiles/>
<storeType>captured</storeType>
<folderList count="1">
<folder>
<formatRef>Catia V5 Format</formatRef>
<fileList count="1">
<file>
<storeFilename>ftp://matrix@172.16.18.46//stores0910/Catia_V5/97935761.7cf</storeFilename>
<storeFileAlias>97935761.7cf</storeFileAlias>
<diskFilename>/P/mod/prodentw/tpkkonn/Porsche/Serie Aktuelle Daten/9X1 Bug oben/20110810_Einlegeteil_Verstärkung/991.505.121.00_06-09-2011.CATPart@walde113</diskFilename>
<mode>438</mode>
<uid>0</uid>
<gid>448</gid>
<size>17467290</size>
<storeRef>Catia_V5_Daten</storeRef>
</file>
</fileList>
</folder>
</folderList>
</businessObject>
</ematrix>
