<?xml version="1.0" encoding="UTF-8" ?>
<!-- (c)MatrixOne, Inc., 2000 -->
<!DOCTYPE ematrix SYSTEM "ematrixml.dtd">
<ematrix>
<creationProperties>
<release>10.6.3.0-Global</release>
<datetime>2024-05-31T13:37:12Z</datetime>
<event>export</event>
<dtdInfo>&ematrixProductDtd;</dtdInfo>
</creationProperties>
<businessObject id="27212.3559.26040.39951">
<objectType>CATPart</objectType>
<objectName>34610.0.010</objectName>
<objectRevision>014</objectRevision>
<vaultRef>Catia</vaultRef>
<policyRef>Produkt - Catia V5</policyRef>
<owner>
<userRef>tpklang</userRef>
</owner>
<creationInfo>
<datetime>2015-06-15T12:52:50Z</datetime>
</creationInfo>
<modificationInfo>
<datetime>2024-04-10T06:49:42Z</datetime>
</modificationInfo>

<attributeList count="1">
<attribute>
<name>Beschreibung Status-Änderung</name>
<string></string>
</attribute>
</attributeList>
<stateList count="8">
<state>
<name>In Bearbeitung</name>
<stateStatus>enabled</stateStatus>
<actualInfo>
<datetime>2015-06-15T12:52:50Z</datetime>
</actualInfo>
<versionable/>
<stateDuration>
0</stateDuration>
<signatureList count="4">
<signature>
<name>Konstrukteur erzeugt dokumentierten Stand</name>
</signature>
<signature>
<name>Konstrukteur gibt in Prüfung zur Beschaffung</name>
<signed>
<userRef>tpklang</userRef>
<signatureType>approved</signatureType>
<valid/>
</signed>
</signature>
<signature>
<name>Konstrukteur setzt in Prüfung zur bedingten Freigabe</name>
</signature>
<signature>
<name>Prüfer setzt ungültig</name>
</signature>
</signatureList>
</state>
<state>
<name>Dokumentierter Stand</name>
<stateStatus>enabled</stateStatus>
<revisionable/>
<versionable/>
<stateDuration>
0</stateDuration>
<signatureList count="3">
<signature>
<name>Konstrukteur gibt Zwischenstand in Prüfung zur Beschaffung</name>
</signature>
<signature>
<name>Konstrukteur gibt Zwischenstand in Prüfung zur bedingten Freigabe</name>
</signature>
<signature>
<name>Prüfer setzt ungültig</name>
</signature>
</signatureList>
</state>
<state>
<name>Prüfung zur bedingten Freigabe</name>
<stateStatus>enabled</stateStatus>
<versionable/>
<stateDuration>
0</stateDuration>
<signatureList count="2">
<signature>
<name>Prüfer gibt bedingt frei</name>
</signature>
<signature>
<name>Prüfer setzt ungültig</name>
</signature>
</signatureList>
</state>
<state>
<name>Bedingte Freigabe zur/für ...</name>
<stateStatus>enabled</stateStatus>
<revisionable/>
<versionable/>
<stateDuration>
0</stateDuration>
<signatureList count="2">
<signature>
<name>Prüfer setzt ungültig</name>
</signature>
<signature>
<name>Vorgängerrevision in bedingter Freigabe wird ungültig</name>
</signature>
</signatureList>
</state>
<state>
<name>Prüfung zur Beschaffung</name>
<stateStatus>enabled</stateStatus>
<actualInfo>
<datetime>2015-06-16T06:51:52Z</datetime>
</actualInfo>
<versionable/>
<stateDuration>
0</stateDuration>
<signatureList count="2">
<signature>
<name>Prüfer gibt frei zur Beschaffung</name>
<signed>
<userRef>BauerD</userRef>
<signatureType>approved</signatureType>
<valid/>
</signed>
</signature>
<signature>
<name>Prüfer setzt ungültig</name>
</signature>
</signatureList>
</state>
<state>
<name>Freigabe zur Beschaffung</name>
<current/>
<stateStatus>enabled</stateStatus>
<actualInfo>
<datetime>2015-06-16T12:31:29Z</datetime>
</actualInfo>
<revisionable/>
<versionable/>
<endDate>
<datetime>2024-05-31T13:37:12Z</datetime>
</endDate>
<stateDuration>
0</stateDuration>
<signatureList count="2">
<signature>
<name>Prüfer setzt ungültig</name>
</signature>
<signature>
<name>Vorgängerrevision in Beschaffung wird ungültig</name>
</signature>
</signatureList>
</state>
<state>
<name>Nicht mehr gültig</name>
<stateStatus>enabled</stateStatus>
<versionable/>
<stateDuration>
0</stateDuration>
<signatureList count="1">
<signature>
<name>Prüfer setzt ungültig</name>
</signature>
</signatureList>
</state>
<state>
<name>Ungültig</name>
<stateStatus>enabled</stateStatus>
<revisionable/>
<versionable/>
<stateDuration>
0</stateDuration>
</state>
</stateList>
<revisions>
<total>10</total>
<previousRevision>
<businessObjectRef>
<objectType>CATPart</objectType>
<objectName>34610.0.010</objectName>
<objectRevision>013</objectRevision>
<vaultRef>Catia</vaultRef>
</businessObjectRef>
</previousRevision>
</revisions>
<historyList count="14">
<history>
<datetime>2015-06-15T12:52:50Z</datetime>
<agent>tpklang</agent>
<event>connect</event>
<stateName>In Bearbeitung</stateName>
<relationshipName>CATPart</relationshipName>
<fromObject>
<businessObjectRef>
<objectType>Catia V5</objectType>
<objectName>34610.0.010</objectName>
<objectRevision>014</objectRevision>
</businessObjectRef>
</fromObject>
</history>
<history>
<datetime>2015-06-15T12:52:50Z</datetime>
<agent>tpklang</agent>
<event>create</event>
<stateName>In Bearbeitung</stateName>
<previousRevision>
<businessObjectRef>
<objectType>CATPart</objectType>
<objectName>34610.0.010</objectName>
<objectRevision>013</objectRevision>
</businessObjectRef>
</previousRevision>
</history>
<history>
<datetime>2015-06-15T12:52:52Z</datetime>
<agent>tpklang</agent>
<event>disconnect</event>
<stateName>In Bearbeitung</stateName>
<relationshipName>V5 Struktur</relationshipName>
<fromObject>
<businessObjectRef>
<objectType>CATProduct</objectType>
<objectName>34610.0.201</objectName>
<objectRevision>010</objectRevision>
</businessObjectRef>
</fromObject>
</history>
<history>
<datetime>2015-06-16T06:40:49Z</datetime>
<agent>tpklang</agent>
<event>checkin</event>
<stateName>In Bearbeitung</stateName>
<formatRef>Catia V5 Format</formatRef>
<fileName>991.505.777.00-TM.CATPart</fileName>
<replaces>991.505.777.00-TM.CATPart </replaces>
</history>
<history>
<datetime>2015-06-16T06:43:31Z</datetime>
<agent>tpklang</agent>
<event>checkout</event>
<stateName>In Bearbeitung</stateName>
<formatRef>Catia V5 Format</formatRef>
<fileName>991.505.777.00-TM.CATPart</fileName>
</history>
<history>
<datetime>2015-06-16T06:45:55Z</datetime>
<agent>tpklang</agent>
<event>checkout</event>
<stateName>In Bearbeitung</stateName>
<formatRef>Catia V5 Format</formatRef>
<fileName>991.505.777.00-TM.CATPart</fileName>
</history>
<history>
<datetime>2015-06-16T06:51:52Z</datetime>
<agent>tpklang</agent>
<event>promote</event>
<stateName>Prüfung zur Beschaffung</stateName>
</history>
<history>
<datetime>2015-06-16T06:51:52Z</datetime>
<agent>tpklang</agent>
<event>approve</event>
<stateName>In Bearbeitung</stateName>
<signatureName>Konstrukteur gibt in Prüfung zur Beschaffung</signatureName>
</history>
<history>
<datetime>2015-06-16T12:31:29Z</datetime>
<agent>BauerD</agent>
<event>approve</event>
<stateName>Prüfung zur Beschaffung</stateName>
<signatureName>Prüfer gibt frei zur Beschaffung</signatureName>
</history>
<history>
<datetime>2015-06-16T12:31:29Z</datetime>
<agent>BauerD</agent>
<event>promote</event>
<stateName>Freigabe zur Beschaffung</stateName>
</history>
<history>
<datetime>2015-09-29T06:35:02Z</datetime>
<agent>tpklang</agent>
<event>checkout</event>
<stateName>Freigabe zur Beschaffung</stateName>
<formatRef>Catia V5 Format</formatRef>
<fileName>991.505.777.00-TM.CATPart</fileName>
</history>
<history>
<datetime>2016-08-25T05:00:36Z</datetime>
<agent>PichlL</agent>
<event>checkout</event>
<stateName>Freigabe zur Beschaffung</stateName>
<formatRef>Catia V5 Format</formatRef>
<fileName>991.505.777.00-TM.CATPart</fileName>
</history>
<history>
<datetime>2024-04-10T06:21:02Z</datetime>
<agent>tpkamrh</agent>
<event>checkout</event>
<stateName>Freigabe zur Beschaffung</stateName>
<formatRef>Catia V5 Format</formatRef>
<fileName>991.505.777.00-TM.CATPart</fileName>
</history>
<history>
<datetime>2024-04-10T06:49:42Z</datetime>
<agent>tpkamrh</agent>
<event>checkout</event>
<stateName>Freigabe zur Beschaffung</stateName>
<formatRef>Catia V5 Format</formatRef>
<fileName>991.505.777.00-TM.CATPart</fileName>
</history>
</historyList>
<toRelationshipList count="6">
<relationship>
<relationshipDefRef>V5 Struktur</relationshipDefRef>
<relatedObject>
<businessObjectRef>
<objectType>CATProduct</objectType>
<objectName>34610.0.201</objectName>
<objectRevision>004</objectRevision>
<vaultRef>Catia</vaultRef>
</businessObjectRef>
</relatedObject>
</relationship>
<relationship>
<relationshipDefRef>V5 Struktur</relationshipDefRef>
<relatedObject>
<businessObjectRef>
<objectType>CATProduct</objectType>
<objectName>34610.0.201</objectName>
<objectRevision>006</objectRevision>
<vaultRef>Catia</vaultRef>
</businessObjectRef>
</relatedObject>
</relationship>
<relationship>
<relationshipDefRef>V5 Struktur</relationshipDefRef>
<relatedObject>
<businessObjectRef>
<objectType>CATProduct</objectType>
<objectName>34610.0.201</objectName>
<objectRevision>005</objectRevision>
<vaultRef>Catia</vaultRef>
</businessObjectRef>
</relatedObject>
</relationship>
<relationship>
<relationshipDefRef>CATPart</relationshipDefRef>
<relatedObject>
<businessObjectRef>
<objectType>Catia V5</objectType>
<objectName>34610.0.010</objectName>
<objectRevision>014</objectRevision>
<vaultRef>Catia</vaultRef>
</businessObjectRef>
</relatedObject>
</relationship>
<relationship>
<relationshipDefRef>V5 Struktur</relationshipDefRef>
<relatedObject>
<businessObjectRef>
<objectType>CATProduct</objectType>
<objectName>34610.0.201</objectName>
<objectRevision>008</objectRevision>
<vaultRef>Catia</vaultRef>
</businessObjectRef>
</relatedObject>
</relationship>
<relationship>
<relationshipDefRef>V5 Struktur</relationshipDefRef>
<relatedObject>
<businessObjectRef>
<objectType>CATProduct</objectType>
<objectName>34610.0.201</objectName>
<objectRevision>011</objectRevision>
<vaultRef>Catia</vaultRef>
</businessObjectRef>
</relatedObject>
</relationship>
</toRelationshipList>
<hadFiles/>
<storeType>captured</storeType>
<folderList count="1">
<folder>
<formatRef>Catia V5 Format</formatRef>
<fileList count="1">
<file>
<storeFilename>ftp://matrix@172.16.18.46//stores0910/Catia_V5/b4d2f2b2.5dc</storeFilename>
<storeFileAlias>b4d2f2b2.5dc</storeFileAlias>
<diskFilename>/P/mod/prodentw/tpklang/Catia_V5/Porsche/Zeichnungen_Einlegeteil/991.505.777.00-TM.CATPart@ts01</diskFilename>
<mode>438</mode>
<uid>0</uid>
<gid>0</gid>
<size>27370320</size>
<storeRef>Catia_V5_Daten</storeRef>
</file>
</fileList>
</folder>
</folderList>
</businessObject>
</ematrix>
