<?xml version="1.0" encoding="UTF-8" ?>
<!-- (c)MatrixOne, Inc., 2000 -->
<!DOCTYPE ematrix SYSTEM "ematrixml.dtd">
<ematrix>
<creationProperties>
<release>10.6.3.0-Global</release>
<datetime>2024-05-31T13:37:12Z</datetime>
<event>export</event>
<dtdInfo>&ematrixProductDtd;</dtdInfo>
</creationProperties>
<businessObject id="27212.3559.28281.4462">
<objectType>CATPart</objectType>
<objectName>34610.0.010</objectName>
<objectRevision>003</objectRevision>
<vaultRef>Catia</vaultRef>
<policyRef>Produkt - Catia V5</policyRef>
<owner>
<userRef>tpkkonn</userRef>
</owner>
<creationInfo>
<datetime>2009-09-22T14:17:52Z</datetime>
</creationInfo>
<modificationInfo>
<datetime>2009-10-05T14:57:49Z</datetime>
</modificationInfo>

<attributeList count="1">
<attribute>
<name>Beschreibung Status-Änderung</name>
<string></string>
</attribute>
</attributeList>
<stateList count="8">
<state>
<name>In Bearbeitung</name>
<stateStatus>enabled</stateStatus>
<actualInfo>
<datetime>2009-09-22T14:17:52Z</datetime>
</actualInfo>
<versionable/>
<stateDuration>
0</stateDuration>
<signatureList count="4">
<signature>
<name>Konstrukteur erzeugt dokumentierten Stand</name>
<signed>
<userRef>tpkkonn</userRef>
<signatureType>approved</signatureType>
<valid/>
</signed>
</signature>
<signature>
<name>Konstrukteur gibt in Prüfung zur Beschaffung</name>
</signature>
<signature>
<name>Konstrukteur setzt in Prüfung zur bedingten Freigabe</name>
</signature>
<signature>
<name>Prüfer setzt ungültig</name>
</signature>
</signatureList>
</state>
<state>
<name>Dokumentierter Stand</name>
<current/>
<stateStatus>enabled</stateStatus>
<actualInfo>
<datetime>2009-09-22T14:19:29Z</datetime>
</actualInfo>
<revisionable/>
<versionable/>
<endDate>
<datetime>2024-05-31T13:37:12Z</datetime>
</endDate>
<stateDuration>
0</stateDuration>
<signatureList count="3">
<signature>
<name>Konstrukteur gibt Zwischenstand in Prüfung zur Beschaffung</name>
</signature>
<signature>
<name>Konstrukteur gibt Zwischenstand in Prüfung zur bedingten Freigabe</name>
</signature>
<signature>
<name>Prüfer setzt ungültig</name>
</signature>
</signatureList>
</state>
<state>
<name>Prüfung zur bedingten Freigabe</name>
<stateStatus>enabled</stateStatus>
<versionable/>
<stateDuration>
0</stateDuration>
<signatureList count="2">
<signature>
<name>Prüfer gibt bedingt frei</name>
</signature>
<signature>
<name>Prüfer setzt ungültig</name>
</signature>
</signatureList>
</state>
<state>
<name>Bedingte Freigabe zur/für ...</name>
<stateStatus>enabled</stateStatus>
<revisionable/>
<versionable/>
<stateDuration>
0</stateDuration>
<signatureList count="2">
<signature>
<name>Prüfer setzt ungültig</name>
</signature>
<signature>
<name>Vorgängerrevision in bedingter Freigabe wird ungültig</name>
</signature>
</signatureList>
</state>
<state>
<name>Prüfung zur Beschaffung</name>
<stateStatus>enabled</stateStatus>
<versionable/>
<stateDuration>
0</stateDuration>
<signatureList count="2">
<signature>
<name>Prüfer gibt frei zur Beschaffung</name>
</signature>
<signature>
<name>Prüfer setzt ungültig</name>
</signature>
</signatureList>
</state>
<state>
<name>Freigabe zur Beschaffung</name>
<stateStatus>enabled</stateStatus>
<revisionable/>
<versionable/>
<stateDuration>
0</stateDuration>
<signatureList count="2">
<signature>
<name>Prüfer setzt ungültig</name>
</signature>
<signature>
<name>Vorgängerrevision in Beschaffung wird ungültig</name>
</signature>
</signatureList>
</state>
<state>
<name>Nicht mehr gültig</name>
<stateStatus>enabled</stateStatus>
<versionable/>
<stateDuration>
0</stateDuration>
<signatureList count="1">
<signature>
<name>Prüfer setzt ungültig</name>
</signature>
</signatureList>
</state>
<state>
<name>Ungültig</name>
<stateStatus>enabled</stateStatus>
<revisionable/>
<versionable/>
<stateDuration>
0</stateDuration>
</state>
</stateList>
<revisions>
<total>4</total>
<previousRevision>
<businessObjectRef>
<objectType>CATPart</objectType>
<objectName>34610.0.010</objectName>
<objectRevision>002</objectRevision>
<vaultRef>Catia</vaultRef>
</businessObjectRef>
</previousRevision>
<nextRevision>
<businessObjectRef>
<objectType>CATPart</objectType>
<objectName>34610.0.010</objectName>
<objectRevision>004</objectRevision>
<vaultRef>Catia</vaultRef>
</businessObjectRef>
</nextRevision>
</revisions>
<historyList count="10">
<history>
<datetime>2009-09-22T14:17:52Z</datetime>
<agent>tpkkonn</agent>
<event>create</event>
<stateName>In Bearbeitung</stateName>
<previousRevision>
<businessObjectRef>
<objectType>CATPart</objectType>
<objectName>34610.0.010</objectName>
<objectRevision>002</objectRevision>
</businessObjectRef>
</previousRevision>
</history>
<history>
<datetime>2009-09-22T14:17:52Z</datetime>
<agent>tpkkonn</agent>
<event>connect</event>
<stateName>In Bearbeitung</stateName>
<relationshipName>CATPart</relationshipName>
<fromObject>
<businessObjectRef>
<objectType>Catia V5</objectType>
<objectName>34610.0.010</objectName>
<objectRevision>003</objectRevision>
</businessObjectRef>
</fromObject>
</history>
<history>
<datetime>2009-09-22T14:19:04Z</datetime>
<agent>tpkkonn</agent>
<event>checkin</event>
<stateName>In Bearbeitung</stateName>
<formatRef>Catia V5 Format</formatRef>
<fileName>991.505.777.00-TM.CATPart</fileName>
<replaces>991.505.777.00_REV002.CATPart </replaces>
</history>
<history>
<datetime>2009-09-22T14:19:29Z</datetime>
<agent>tpkkonn</agent>
<event>approve</event>
<stateName>In Bearbeitung</stateName>
<signatureName>Konstrukteur erzeugt dokumentierten Stand</signatureName>
</history>
<history>
<datetime>2009-09-22T14:19:29Z</datetime>
<agent>tpkkonn</agent>
<event>promote</event>
<stateName>Dokumentierter Stand</stateName>
</history>
<history>
<datetime>2009-09-22T14:20:47Z</datetime>
<agent>Datenaustausch</agent>
<event>connect</event>
<stateName>Dokumentierter Stand</stateName>
<relationshipName>Versanddokument</relationshipName>
<fromObject>
<businessObjectRef>
<objectType>Versandauftrag</objectType>
<objectName>09-00365</objectName>
</businessObjectRef>
</fromObject>
</history>
<history>
<datetime>2009-09-22T14:23:00Z</datetime>
<agent>Datenaustausch</agent>
<event>checkout</event>
<stateName>Dokumentierter Stand</stateName>
<formatRef>Catia V5 Format</formatRef>
<fileName>991.505.777.00-TM.CATPart</fileName>
</history>
<history>
<datetime>2009-09-29T06:02:11Z</datetime>
<agent>tpkkonn</agent>
<event>revision</event>
<stateName>Dokumentierter Stand</stateName>
<previousRevision>
<businessObjectRef>
<objectType>CATPart</objectType>
<objectName>34610.0.010</objectName>
<objectRevision>004</objectRevision>
</businessObjectRef>
</previousRevision>
</history>
<history>
<datetime>2009-09-29T06:02:11Z</datetime>
<agent>tpkkonn</agent>
<event>disconnect</event>
<stateName>Dokumentierter Stand</stateName>
<relationshipName>V5 Struktur</relationshipName>
<fromObject>
<businessObjectRef>
<objectType>CATProduct</objectType>
<objectName>34610.0.201</objectName>
<objectRevision>003</objectRevision>
</businessObjectRef>
</fromObject>
</history>
<history>
<datetime>2009-10-05T14:57:49Z</datetime>
<agent>tpkkonn</agent>
<event>checkout</event>
<stateName>Dokumentierter Stand</stateName>
<formatRef>Catia V5 Format</formatRef>
<fileName>991.505.777.00-TM.CATPart</fileName>
</history>
</historyList>
<toRelationshipList count="4">
<relationship>
<relationshipDefRef>V5 Struktur</relationshipDefRef>
<relatedObject>
<businessObjectRef>
<objectType>CATProduct</objectType>
<objectName>34610.0.201</objectName>
<objectRevision>002</objectRevision>
<vaultRef>Catia</vaultRef>
</businessObjectRef>
</relatedObject>
</relationship>
<relationship>
<relationshipDefRef>V5 Struktur</relationshipDefRef>
<relatedObject>
<businessObjectRef>
<objectType>CATProduct</objectType>
<objectName>34610.0.201</objectName>
<objectRevision>001</objectRevision>
<vaultRef>Catia</vaultRef>
</businessObjectRef>
</relatedObject>
</relationship>
<relationship>
<relationshipDefRef>CATPart</relationshipDefRef>
<relatedObject>
<businessObjectRef>
<objectType>Catia V5</objectType>
<objectName>34610.0.010</objectName>
<objectRevision>003</objectRevision>
<vaultRef>Catia</vaultRef>
</businessObjectRef>
</relatedObject>
</relationship>
<relationship>
<relationshipDefRef>Versanddokument</relationshipDefRef>
<relatedObject>
<businessObjectRef>
<objectType>Versandauftrag</objectType>
<objectName>09-00365</objectName>
<objectRevision></objectRevision>
<vaultRef>Catia</vaultRef>
</businessObjectRef>
</relatedObject>
<attributeList count="5">
<attribute>
<name>Versand-Status</name>
<string>ERLEDIGT</string>
</attribute>
<attribute>
<name>Postcheck</name>
<string>NEIN</string>
</attribute>
<attribute>
<name>Neuer Modellname</name>
<string></string>
</attribute>
<attribute>
<name>Dateiname</name>
<string>a0036501.vda</string>
</attribute>
<attribute>
<name>Dokumentname</name>
<string>991.505.777.00-TM.CATPart</string>
</attribute>
</attributeList>
</relationship>
</toRelationshipList>
<hadFiles/>
<storeType>captured</storeType>
<folderList count="1">
<folder>
<formatRef>Catia V5 Format</formatRef>
<fileList count="1">
<file>
<storeFilename>ftp://matrix@172.16.18.46//stores0803/Catia_V5/6484d22e.3cf</storeFilename>
<storeFileAlias>6484d22e.3cf</storeFileAlias>
<diskFilename>/P/tpkkonn/Porsche/Serie Aktuelle Daten/9X1 Bug oben/20090922-9X1 -Serie-Vorbereitung/991.505.777.00-TM.CATPart@walde113</diskFilename>
<mode>438</mode>
<uid>0</uid>
<gid>0</gid>
<size>10412217</size>
<storeRef>Catia V5 Daten</storeRef>
</file>
</fileList>
</folder>
</folderList>
</businessObject>
</ematrix>
