<?xml version="1.0" encoding="UTF-8" ?>
<!-- (c)MatrixOne, Inc., 2000 -->
<!DOCTYPE ematrix SYSTEM "ematrixml.dtd">
<ematrix>
<creationProperties>
<release>10.6.3.0-Global</release>
<datetime>2024-05-31T13:37:08Z</datetime>
<event>export</event>
<dtdInfo>&ematrixProductDtd;</dtdInfo>
</creationProperties>
<businessObject id="27212.3559.25989.58954">
<objectType>CATProduct</objectType>
<objectName>34610.0.000</objectName>
<objectRevision>014</objectRevision>
<vaultRef>Catia</vaultRef>
<policyRef>Produkt - Catia V5</policyRef>
<owner>
<userRef>tpklang</userRef>
</owner>
<creationInfo>
<datetime>2015-06-15T12:52:51Z</datetime>
</creationInfo>
<modificationInfo>
<datetime>2024-04-10T06:20:50Z</datetime>
</modificationInfo>

<attributeList count="1">
<attribute>
<name>Beschreibung Status-Änderung</name>
<string></string>
</attribute>
</attributeList>
<stateList count="8">
<state>
<name>In Bearbeitung</name>
<current/>
<stateStatus>enabled</stateStatus>
<actualInfo>
<datetime>2015-06-15T12:52:51Z</datetime>
</actualInfo>
<versionable/>
<endDate>
<datetime>2024-05-31T13:37:08Z</datetime>
</endDate>
<stateDuration>
0</stateDuration>
<signatureList count="4">
<signature>
<name>Konstrukteur erzeugt dokumentierten Stand</name>
</signature>
<signature>
<name>Konstrukteur gibt in Prüfung zur Beschaffung</name>
</signature>
<signature>
<name>Konstrukteur setzt in Prüfung zur bedingten Freigabe</name>
</signature>
<signature>
<name>Prüfer setzt ungültig</name>
</signature>
</signatureList>
</state>
<state>
<name>Dokumentierter Stand</name>
<stateStatus>enabled</stateStatus>
<revisionable/>
<versionable/>
<stateDuration>
0</stateDuration>
<signatureList count="3">
<signature>
<name>Konstrukteur gibt Zwischenstand in Prüfung zur Beschaffung</name>
</signature>
<signature>
<name>Konstrukteur gibt Zwischenstand in Prüfung zur bedingten Freigabe</name>
</signature>
<signature>
<name>Prüfer setzt ungültig</name>
</signature>
</signatureList>
</state>
<state>
<name>Prüfung zur bedingten Freigabe</name>
<stateStatus>enabled</stateStatus>
<versionable/>
<stateDuration>
0</stateDuration>
<signatureList count="2">
<signature>
<name>Prüfer gibt bedingt frei</name>
</signature>
<signature>
<name>Prüfer setzt ungültig</name>
</signature>
</signatureList>
</state>
<state>
<name>Bedingte Freigabe zur/für ...</name>
<stateStatus>enabled</stateStatus>
<revisionable/>
<versionable/>
<stateDuration>
0</stateDuration>
<signatureList count="2">
<signature>
<name>Prüfer setzt ungültig</name>
</signature>
<signature>
<name>Vorgängerrevision in bedingter Freigabe wird ungültig</name>
</signature>
</signatureList>
</state>
<state>
<name>Prüfung zur Beschaffung</name>
<stateStatus>enabled</stateStatus>
<versionable/>
<stateDuration>
0</stateDuration>
<signatureList count="2">
<signature>
<name>Prüfer gibt frei zur Beschaffung</name>
</signature>
<signature>
<name>Prüfer setzt ungültig</name>
</signature>
</signatureList>
</state>
<state>
<name>Freigabe zur Beschaffung</name>
<stateStatus>enabled</stateStatus>
<revisionable/>
<versionable/>
<stateDuration>
0</stateDuration>
<signatureList count="2">
<signature>
<name>Prüfer setzt ungültig</name>
</signature>
<signature>
<name>Vorgängerrevision in Beschaffung wird ungültig</name>
</signature>
</signatureList>
</state>
<state>
<name>Nicht mehr gültig</name>
<stateStatus>enabled</stateStatus>
<versionable/>
<stateDuration>
0</stateDuration>
<signatureList count="1">
<signature>
<name>Prüfer setzt ungültig</name>
</signature>
</signatureList>
</state>
<state>
<name>Ungültig</name>
<stateStatus>enabled</stateStatus>
<revisionable/>
<versionable/>
<stateDuration>
0</stateDuration>
</state>
</stateList>
<revisions>
<total>14</total>
<previousRevision>
<businessObjectRef>
<objectType>CATProduct</objectType>
<objectName>34610.0.000</objectName>
<objectRevision>013</objectRevision>
<vaultRef>Catia</vaultRef>
</businessObjectRef>
</previousRevision>
</revisions>
<historyList count="7">
<history>
<datetime>2015-06-15T12:52:51Z</datetime>
<agent>tpklang</agent>
<event>connect</event>
<stateName>In Bearbeitung</stateName>
<relationshipName>CATProduct</relationshipName>
<fromObject>
<businessObjectRef>
<objectType>Catia V5</objectType>
<objectName>34610.0.000</objectName>
<objectRevision>014</objectRevision>
</businessObjectRef>
</fromObject>
</history>
<history>
<datetime>2015-06-15T12:52:51Z</datetime>
<agent>tpklang</agent>
<event>create</event>
<stateName>In Bearbeitung</stateName>
<previousRevision>
<businessObjectRef>
<objectType>CATProduct</objectType>
<objectName>34610.0.000</objectName>
<objectRevision>013</objectRevision>
</businessObjectRef>
</previousRevision>
</history>
<history>
<datetime>2015-06-15T12:52:52Z</datetime>
<agent>tpklang</agent>
<event>disconnect</event>
<stateName>In Bearbeitung</stateName>
<relationshipName>V5 Struktur</relationshipName>
<toObject>
<businessObjectRef>
<objectType>CATProduct</objectType>
<objectName>34610.0.201</objectName>
<objectRevision>010</objectRevision>
</businessObjectRef>
</toObject>
</history>
<history>
<datetime>2015-06-15T12:52:52Z</datetime>
<agent>tpklang</agent>
<event>disconnect</event>
<stateName>In Bearbeitung</stateName>
<relationshipName>V5 Struktur</relationshipName>
<fromObject>
<businessObjectRef>
<objectType>CATProduct</objectType>
<objectName>34610.0.701</objectName>
<objectRevision>009</objectRevision>
</businessObjectRef>
</fromObject>
</history>
<history>
<datetime>2024-03-14T08:18:12Z</datetime>
<agent>FranzL</agent>
<event>checkout</event>
<stateName>In Bearbeitung</stateName>
<formatRef>Catia V5 Format</formatRef>
<fileName>991.505.121.00.CATProduct</fileName>
</history>
<history>
<datetime>2024-04-10T05:24:16Z</datetime>
<agent>tpkamrh</agent>
<event>checkout</event>
<stateName>In Bearbeitung</stateName>
<formatRef>Catia V5 Format</formatRef>
<fileName>991.505.121.00.CATProduct</fileName>
</history>
<history>
<datetime>2024-04-10T06:20:50Z</datetime>
<agent>tpkamrh</agent>
<event>checkout</event>
<stateName>In Bearbeitung</stateName>
<formatRef>Catia V5 Format</formatRef>
<fileName>991.505.121.00.CATProduct</fileName>
</history>
</historyList>
<fromRelationshipList count="2">
<relationship>
<relationshipDefRef>V5 Struktur</relationshipDefRef>
<relatedObject>
<businessObjectRef>
<objectType>CATProduct</objectType>
<objectName>34610.0.201</objectName>
<objectRevision>011</objectRevision>
<vaultRef>Catia</vaultRef>
</businessObjectRef>
</relatedObject>
</relationship>
<relationship>
<relationshipDefRef>V5 Struktur</relationshipDefRef>
<relatedObject>
<businessObjectRef>
<objectType>CATProduct</objectType>
<objectName>34610.0.200</objectName>
<objectRevision>011</objectRevision>
<vaultRef>Catia</vaultRef>
</businessObjectRef>
</relatedObject>
</relationship>
</fromRelationshipList>
<toRelationshipList count="11">
<relationship>
<relationshipDefRef>V5 Struktur</relationshipDefRef>
<relatedObject>
<businessObjectRef>
<objectType>CATProduct</objectType>
<objectName>34610.0.700</objectName>
<objectRevision>007</objectRevision>
<vaultRef>Catia</vaultRef>
</businessObjectRef>
</relatedObject>
</relationship>
<relationship>
<relationshipDefRef>V5 Struktur</relationshipDefRef>
<relatedObject>
<businessObjectRef>
<objectType>CATProduct</objectType>
<objectName>34610.0.701</objectName>
<objectRevision>001</objectRevision>
<vaultRef>Catia</vaultRef>
</businessObjectRef>
</relatedObject>
</relationship>
<relationship>
<relationshipDefRef>V5 Struktur</relationshipDefRef>
<relatedObject>
<businessObjectRef>
<objectType>CATProduct</objectType>
<objectName>34610.0.701</objectName>
<objectRevision>002</objectRevision>
<vaultRef>Catia</vaultRef>
</businessObjectRef>
</relatedObject>
</relationship>
<relationship>
<relationshipDefRef>V5 Struktur</relationshipDefRef>
<relatedObject>
<businessObjectRef>
<objectType>CATProduct</objectType>
<objectName>34610.0.701</objectName>
<objectRevision>003</objectRevision>
<vaultRef>Catia</vaultRef>
</businessObjectRef>
</relatedObject>
</relationship>
<relationship>
<relationshipDefRef>V5 Struktur</relationshipDefRef>
<relatedObject>
<businessObjectRef>
<objectType>CATProduct</objectType>
<objectName>34610.0.701</objectName>
<objectRevision>004</objectRevision>
<vaultRef>Catia</vaultRef>
</businessObjectRef>
</relatedObject>
</relationship>
<relationship>
<relationshipDefRef>V5 Struktur</relationshipDefRef>
<relatedObject>
<businessObjectRef>
<objectType>CATProduct</objectType>
<objectName>34610.0.701</objectName>
<objectRevision>005</objectRevision>
<vaultRef>Catia</vaultRef>
</businessObjectRef>
</relatedObject>
</relationship>
<relationship>
<relationshipDefRef>V5 Struktur</relationshipDefRef>
<relatedObject>
<businessObjectRef>
<objectType>CATProduct</objectType>
<objectName>34610.0.701</objectName>
<objectRevision>006</objectRevision>
<vaultRef>Catia</vaultRef>
</businessObjectRef>
</relatedObject>
</relationship>
<relationship>
<relationshipDefRef>V5 Struktur</relationshipDefRef>
<relatedObject>
<businessObjectRef>
<objectType>CATProduct</objectType>
<objectName>34610.0.701</objectName>
<objectRevision>007</objectRevision>
<vaultRef>Catia</vaultRef>
</businessObjectRef>
</relatedObject>
</relationship>
<relationship>
<relationshipDefRef>V5 Struktur</relationshipDefRef>
<relatedObject>
<businessObjectRef>
<objectType>CATProduct</objectType>
<objectName>34610.0.701</objectName>
<objectRevision>008</objectRevision>
<vaultRef>Catia</vaultRef>
</businessObjectRef>
</relatedObject>
</relationship>
<relationship>
<relationshipDefRef>CATProduct</relationshipDefRef>
<relatedObject>
<businessObjectRef>
<objectType>Catia V5</objectType>
<objectName>34610.0.000</objectName>
<objectRevision>014</objectRevision>
<vaultRef>Catia</vaultRef>
</businessObjectRef>
</relatedObject>
</relationship>
<relationship>
<relationshipDefRef>V5 Struktur</relationshipDefRef>
<relatedObject>
<businessObjectRef>
<objectType>CATProduct</objectType>
<objectName>34610.0.701</objectName>
<objectRevision>010</objectRevision>
<vaultRef>Catia</vaultRef>
</businessObjectRef>
</relatedObject>
</relationship>
</toRelationshipList>
</businessObject>
</ematrix>
