<?xml version="1.0" encoding="UTF-8" ?>
<!-- (c)MatrixOne, Inc., 2000 -->
<!DOCTYPE ematrix SYSTEM "ematrixml.dtd">
<ematrix>
<creationProperties>
<release>10.6.3.0-Global</release>
<datetime>2024-05-31T13:37:10Z</datetime>
<event>export</event>
<dtdInfo>&ematrixProductDtd;</dtdInfo>
</creationProperties>
<businessObject id="27212.3559.11490.27450">
<objectType>CATPart</objectType>
<objectName>34610.0.030</objectName>
<objectRevision>003</objectRevision>
<vaultRef>Catia</vaultRef>
<policyRef>Produkt - Catia V5</policyRef>
<owner>
<userRef>tpkkonn</userRef>
</owner>
<creationInfo>
<datetime>2010-06-21T12:23:06Z</datetime>
</creationInfo>
<modificationInfo>
<datetime>2011-01-14T10:55:35Z</datetime>
</modificationInfo>

<attributeList count="1">
<attribute>
<name>Beschreibung Status-Änderung</name>
<string></string>
</attribute>
</attributeList>
<stateList count="8">
<state>
<name>In Bearbeitung</name>
<stateStatus>enabled</stateStatus>
<actualInfo>
<datetime>2010-06-21T12:23:06Z</datetime>
</actualInfo>
<versionable/>
<stateDuration>
0</stateDuration>
<signatureList count="4">
<signature>
<name>Konstrukteur erzeugt dokumentierten Stand</name>
</signature>
<signature>
<name>Konstrukteur gibt in Prüfung zur Beschaffung</name>
<signed>
<userRef>tpkkonn</userRef>
<signatureType>approved</signatureType>
<valid/>
</signed>
</signature>
<signature>
<name>Konstrukteur setzt in Prüfung zur bedingten Freigabe</name>
</signature>
<signature>
<name>Prüfer setzt ungültig</name>
</signature>
</signatureList>
</state>
<state>
<name>Dokumentierter Stand</name>
<stateStatus>enabled</stateStatus>
<revisionable/>
<versionable/>
<stateDuration>
0</stateDuration>
<signatureList count="3">
<signature>
<name>Konstrukteur gibt Zwischenstand in Prüfung zur Beschaffung</name>
</signature>
<signature>
<name>Konstrukteur gibt Zwischenstand in Prüfung zur bedingten Freigabe</name>
</signature>
<signature>
<name>Prüfer setzt ungültig</name>
</signature>
</signatureList>
</state>
<state>
<name>Prüfung zur bedingten Freigabe</name>
<stateStatus>enabled</stateStatus>
<versionable/>
<stateDuration>
0</stateDuration>
<signatureList count="2">
<signature>
<name>Prüfer gibt bedingt frei</name>
</signature>
<signature>
<name>Prüfer setzt ungültig</name>
</signature>
</signatureList>
</state>
<state>
<name>Bedingte Freigabe zur/für ...</name>
<stateStatus>enabled</stateStatus>
<revisionable/>
<versionable/>
<stateDuration>
0</stateDuration>
<signatureList count="2">
<signature>
<name>Prüfer setzt ungültig</name>
</signature>
<signature>
<name>Vorgängerrevision in bedingter Freigabe wird ungültig</name>
</signature>
</signatureList>
</state>
<state>
<name>Prüfung zur Beschaffung</name>
<stateStatus>enabled</stateStatus>
<actualInfo>
<datetime>2010-06-23T08:38:04Z</datetime>
</actualInfo>
<versionable/>
<stateDuration>
0</stateDuration>
<signatureList count="2">
<signature>
<name>Prüfer gibt frei zur Beschaffung</name>
<signed>
<userRef>BauerD</userRef>
<signatureType>approved</signatureType>
<valid/>
</signed>
</signature>
<signature>
<name>Prüfer setzt ungültig</name>
</signature>
</signatureList>
</state>
<state>
<name>Freigabe zur Beschaffung</name>
<stateStatus>enabled</stateStatus>
<actualInfo>
<datetime>2010-06-23T11:02:48Z</datetime>
</actualInfo>
<revisionable/>
<versionable/>
<stateDuration>
0</stateDuration>
<signatureList count="2">
<signature>
<name>Prüfer setzt ungültig</name>
</signature>
<signature>
<name>Vorgängerrevision in Beschaffung wird ungültig</name>
<signed>
<userRef>BauerD</userRef>
<signatureType>approved</signatureType>
<valid/>
</signed>
</signature>
</signatureList>
</state>
<state>
<name>Nicht mehr gültig</name>
<stateStatus>enabled</stateStatus>
<versionable/>
<stateDuration>
0</stateDuration>
<signatureList count="1">
<signature>
<name>Prüfer setzt ungültig</name>
</signature>
</signatureList>
</state>
<state>
<name>Ungültig</name>
<current/>
<stateStatus>enabled</stateStatus>
<actualInfo>
<datetime>2011-01-14T10:55:35Z</datetime>
</actualInfo>
<revisionable/>
<versionable/>
<endDate>
<datetime>2024-05-31T13:37:10Z</datetime>
</endDate>
<stateDuration>
0</stateDuration>
</state>
</stateList>
<revisions>
<total>4</total>
<previousRevision>
<businessObjectRef>
<objectType>CATPart</objectType>
<objectName>34610.0.030</objectName>
<objectRevision>002</objectRevision>
<vaultRef>Catia</vaultRef>
</businessObjectRef>
</previousRevision>
<nextRevision>
<businessObjectRef>
<objectType>CATPart</objectType>
<objectName>34610.0.030</objectName>
<objectRevision>004</objectRevision>
<vaultRef>Catia</vaultRef>
</businessObjectRef>
</nextRevision>
</revisions>
<historyList count="20">
<history>
<datetime>2010-06-21T12:23:06Z</datetime>
<agent>tpkkonn</agent>
<event>create</event>
<stateName>In Bearbeitung</stateName>
<previousRevision>
<businessObjectRef>
<objectType>CATPart</objectType>
<objectName>34610.0.030</objectName>
<objectRevision>002</objectRevision>
</businessObjectRef>
</previousRevision>
</history>
<history>
<datetime>2010-06-21T12:23:06Z</datetime>
<agent>tpkkonn</agent>
<event>connect</event>
<stateName>In Bearbeitung</stateName>
<relationshipName>CATPart</relationshipName>
<fromObject>
<businessObjectRef>
<objectType>Catia V5</objectType>
<objectName>34610.0.030</objectName>
<objectRevision>003</objectRevision>
</businessObjectRef>
</fromObject>
</history>
<history>
<datetime>2010-06-23T08:36:43Z</datetime>
<agent>tpkkonn</agent>
<event>checkin</event>
<stateName>In Bearbeitung</stateName>
<formatRef>Catia V5 Format</formatRef>
<fileName>991.505.521.00_SPACER-TM30.CATPart</fileName>
<replaces>991.505.521.00_SPACER-TM30.CATPart </replaces>
</history>
<history>
<datetime>2010-06-23T08:38:04Z</datetime>
<agent>tpkkonn</agent>
<event>approve</event>
<stateName>In Bearbeitung</stateName>
<signatureName>Konstrukteur gibt in Prüfung zur Beschaffung</signatureName>
</history>
<history>
<datetime>2010-06-23T08:38:04Z</datetime>
<agent>tpkkonn</agent>
<event>promote</event>
<stateName>Prüfung zur Beschaffung</stateName>
</history>
<history>
<datetime>2010-06-23T11:02:48Z</datetime>
<agent>BauerD</agent>
<event>promote</event>
<stateName>Freigabe zur Beschaffung</stateName>
</history>
<history>
<datetime>2010-06-23T11:02:48Z</datetime>
<agent>BauerD</agent>
<event>approve</event>
<stateName>Prüfung zur Beschaffung</stateName>
<signatureName>Prüfer gibt frei zur Beschaffung</signatureName>
</history>
<history>
<datetime>2010-07-08T09:29:44Z</datetime>
<agent>tpkkonn</agent>
<event>checkout</event>
<stateName>Freigabe zur Beschaffung</stateName>
<formatRef>Catia V5 Format</formatRef>
<fileName>991.505.521.00_SPACER-TM30.CATPart</fileName>
</history>
<history>
<datetime>2010-08-05T06:05:48Z</datetime>
<agent>tpkkonn</agent>
<event>checkout</event>
<stateName>Freigabe zur Beschaffung</stateName>
<formatRef>Catia V5 Format</formatRef>
<fileName>991.505.521.00_SPACER-TM30.CATPart</fileName>
</history>
<history>
<datetime>2010-11-02T12:55:02Z</datetime>
<agent>tpkkonn</agent>
<event>connect</event>
<stateName>Freigabe zur Beschaffung</stateName>
<relationshipName>V5 Struktur</relationshipName>
<fromObject>
<businessObjectRef>
<objectType>CATProduct</objectType>
<objectName>32010863.KON1.BE.200</objectName>
<objectRevision>001</objectRevision>
</businessObjectRef>
</fromObject>
</history>
<history>
<datetime>2010-11-02T13:13:51Z</datetime>
<agent>tpkkonn</agent>
<event>checkout</event>
<stateName>Freigabe zur Beschaffung</stateName>
<formatRef>Catia V5 Format</formatRef>
<fileName>991.505.521.00_SPACER-TM30.CATPart</fileName>
</history>
<history>
<datetime>2010-11-05T12:40:45Z</datetime>
<agent>tpkkonn</agent>
<event>connect</event>
<stateName>Freigabe zur Beschaffung</stateName>
<relationshipName>V5 Struktur</relationshipName>
<fromObject>
<businessObjectRef>
<objectType>CATProduct</objectType>
<objectName>32010863.BST1.BE.200</objectName>
<objectRevision>001</objectRevision>
</businessObjectRef>
</fromObject>
</history>
<history>
<datetime>2010-11-05T12:48:31Z</datetime>
<agent>tpkkonn</agent>
<event>checkout</event>
<stateName>Freigabe zur Beschaffung</stateName>
<formatRef>Catia V5 Format</formatRef>
<fileName>991.505.521.00_SPACER-TM30.CATPart</fileName>
</history>
<history>
<datetime>2010-12-08T07:24:01Z</datetime>
<agent>tbejoer</agent>
<event>checkout</event>
<stateName>Freigabe zur Beschaffung</stateName>
<formatRef>Catia V5 Format</formatRef>
<fileName>991.505.521.00_SPACER-TM30.CATPart</fileName>
</history>
<history>
<datetime>2011-01-11T09:35:25Z</datetime>
<agent>tpkkonn</agent>
<event>disconnect</event>
<stateName>Freigabe zur Beschaffung</stateName>
<relationshipName>V5 Struktur</relationshipName>
<fromObject>
<businessObjectRef>
<objectType>CATProduct</objectType>
<objectName>32010863.BST1.BE.200</objectName>
<objectRevision>002</objectRevision>
</businessObjectRef>
</fromObject>
</history>
<history>
<datetime>2011-01-11T09:35:25Z</datetime>
<agent>tpkkonn</agent>
<event>disconnect</event>
<stateName>Freigabe zur Beschaffung</stateName>
<relationshipName>V5 Struktur</relationshipName>
<fromObject>
<businessObjectRef>
<objectType>CATProduct</objectType>
<objectName>32010863.KON1.BE.200</objectName>
<objectRevision>001</objectRevision>
</businessObjectRef>
</fromObject>
</history>
<history>
<datetime>2011-01-11T09:35:25Z</datetime>
<agent>tpkkonn</agent>
<event>revision</event>
<stateName>Freigabe zur Beschaffung</stateName>
<previousRevision>
<businessObjectRef>
<objectType>CATPart</objectType>
<objectName>34610.0.030</objectName>
<objectRevision>004</objectRevision>
</businessObjectRef>
</previousRevision>
</history>
<history>
<datetime>2011-01-11T09:35:26Z</datetime>
<agent>tpkkonn</agent>
<event>disconnect</event>
<stateName>Freigabe zur Beschaffung</stateName>
<relationshipName>V5 Struktur</relationshipName>
<fromObject>
<businessObjectRef>
<objectType>CATProduct</objectType>
<objectName>34610.0.200</objectName>
<objectRevision>007</objectRevision>
</businessObjectRef>
</fromObject>
</history>
<history>
<datetime>2011-01-14T10:55:34Z</datetime>
<agent>BauerD</agent>
<event>approve</event>
<stateName>Freigabe zur Beschaffung</stateName>
<signatureName>Vorgängerrevision in Beschaffung wird ungültig</signatureName>
</history>
<history>
<datetime>2011-01-14T10:55:35Z</datetime>
<agent>BauerD</agent>
<event>promote</event>
<stateName>Ungültig</stateName>
</history>
</historyList>
<toRelationshipList count="6">
<relationship>
<relationshipDefRef>V5 Struktur</relationshipDefRef>
<relatedObject>
<businessObjectRef>
<objectType>CATProduct</objectType>
<objectName>34610.0.200</objectName>
<objectRevision>004</objectRevision>
<vaultRef>Catia</vaultRef>
</businessObjectRef>
</relatedObject>
</relationship>
<relationship>
<relationshipDefRef>V5 Struktur</relationshipDefRef>
<relatedObject>
<businessObjectRef>
<objectType>CATProduct</objectType>
<objectName>34610.0.200</objectName>
<objectRevision>005</objectRevision>
<vaultRef>Catia</vaultRef>
</businessObjectRef>
</relatedObject>
</relationship>
<relationship>
<relationshipDefRef>V5 Struktur</relationshipDefRef>
<relatedObject>
<businessObjectRef>
<objectType>CATProduct</objectType>
<objectName>34610.0.200</objectName>
<objectRevision>006</objectRevision>
<vaultRef>Catia</vaultRef>
</businessObjectRef>
</relatedObject>
</relationship>
<relationship>
<relationshipDefRef>CATPart</relationshipDefRef>
<relatedObject>
<businessObjectRef>
<objectType>Catia V5</objectType>
<objectName>34610.0.030</objectName>
<objectRevision>003</objectRevision>
<vaultRef>Catia</vaultRef>
</businessObjectRef>
</relatedObject>
</relationship>
<relationship>
<relationshipDefRef>V5 Struktur</relationshipDefRef>
<relatedObject>
<businessObjectRef>
<objectType>CATProduct</objectType>
<objectName>34610.0.200</objectName>
<objectRevision>003</objectRevision>
<vaultRef>Catia</vaultRef>
</businessObjectRef>
</relatedObject>
</relationship>
<relationship>
<relationshipDefRef>V5 Struktur</relationshipDefRef>
<relatedObject>
<businessObjectRef>
<objectType>CATProduct</objectType>
<objectName>32010863.BST1.BE.200</objectName>
<objectRevision>001</objectRevision>
<vaultRef>Catia</vaultRef>
</businessObjectRef>
</relatedObject>
</relationship>
</toRelationshipList>
<hadFiles/>
<storeType>captured</storeType>
<folderList count="1">
<folder>
<formatRef>Catia V5 Format</formatRef>
<fileList count="1">
<file>
<storeFilename>ftp://matrix@172.16.18.46//stores0803/Catia_V5/68b6ddd8.791</storeFilename>
<storeFileAlias>68b6ddd8.791</storeFileAlias>
<diskFilename>/P/mod/prodentw/tpkkonn/Porsche/Serie Aktuelle Daten/9X1 Bug oben/20100621-9X1_ Daten ins PDMU/991.505.521.00_SPACER-TM30.CATPart@walde113</diskFilename>
<mode>438</mode>
<uid>0</uid>
<gid>0</gid>
<size>290629</size>
<storeRef>Catia V5 Daten</storeRef>
</file>
</fileList>
</folder>
</folderList>
</businessObject>
</ematrix>
