<?xml version="1.0" encoding="UTF-8" ?>
<!-- (c)MatrixOne, Inc., 2000 -->
<!DOCTYPE ematrix SYSTEM "ematrixml.dtd">
<ematrix>
<creationProperties>
<release>10.6.3.0-Global</release>
<datetime>2024-05-31T13:37:09Z</datetime>
<event>export</event>
<dtdInfo>&ematrixProductDtd;</dtdInfo>
</creationProperties>
<businessObject id="27212.3559.2845.42357">
<objectType>CATPart</objectType>
<objectName>34610.0.009</objectName>
<objectRevision>005</objectRevision>
<vaultRef>Catia</vaultRef>
<policyRef>Produkt - Catia V5</policyRef>
<owner>
<userRef>tpkkonn</userRef>
</owner>
<creationInfo>
<datetime>2010-01-26T16:18:30Z</datetime>
</creationInfo>
<modificationInfo>
<datetime>2010-06-23T11:03:19Z</datetime>
</modificationInfo>

<attributeList count="1">
<attribute>
<name>Beschreibung Status-Änderung</name>
<string></string>
</attribute>
</attributeList>
<stateList count="8">
<state>
<name>In Bearbeitung</name>
<stateStatus>enabled</stateStatus>
<actualInfo>
<datetime>2010-01-26T16:18:30Z</datetime>
</actualInfo>
<versionable/>
<stateDuration>
0</stateDuration>
<signatureList count="4">
<signature>
<name>Konstrukteur erzeugt dokumentierten Stand</name>
</signature>
<signature>
<name>Konstrukteur gibt in Prüfung zur Beschaffung</name>
<signed>
<userRef>tpkkonn</userRef>
<signatureType>approved</signatureType>
<valid/>
</signed>
</signature>
<signature>
<name>Konstrukteur setzt in Prüfung zur bedingten Freigabe</name>
</signature>
<signature>
<name>Prüfer setzt ungültig</name>
</signature>
</signatureList>
</state>
<state>
<name>Dokumentierter Stand</name>
<stateStatus>enabled</stateStatus>
<revisionable/>
<versionable/>
<stateDuration>
0</stateDuration>
<signatureList count="3">
<signature>
<name>Konstrukteur gibt Zwischenstand in Prüfung zur Beschaffung</name>
</signature>
<signature>
<name>Konstrukteur gibt Zwischenstand in Prüfung zur bedingten Freigabe</name>
</signature>
<signature>
<name>Prüfer setzt ungültig</name>
</signature>
</signatureList>
</state>
<state>
<name>Prüfung zur bedingten Freigabe</name>
<stateStatus>enabled</stateStatus>
<versionable/>
<stateDuration>
0</stateDuration>
<signatureList count="2">
<signature>
<name>Prüfer gibt bedingt frei</name>
</signature>
<signature>
<name>Prüfer setzt ungültig</name>
</signature>
</signatureList>
</state>
<state>
<name>Bedingte Freigabe zur/für ...</name>
<stateStatus>enabled</stateStatus>
<revisionable/>
<versionable/>
<stateDuration>
0</stateDuration>
<signatureList count="2">
<signature>
<name>Prüfer setzt ungültig</name>
</signature>
<signature>
<name>Vorgängerrevision in bedingter Freigabe wird ungültig</name>
</signature>
</signatureList>
</state>
<state>
<name>Prüfung zur Beschaffung</name>
<stateStatus>enabled</stateStatus>
<actualInfo>
<datetime>2010-03-12T13:24:18Z</datetime>
</actualInfo>
<versionable/>
<stateDuration>
0</stateDuration>
<signatureList count="2">
<signature>
<name>Prüfer gibt frei zur Beschaffung</name>
<signed>
<userRef>BauerD</userRef>
<signatureType>approved</signatureType>
<valid/>
</signed>
</signature>
<signature>
<name>Prüfer setzt ungültig</name>
</signature>
</signatureList>
</state>
<state>
<name>Freigabe zur Beschaffung</name>
<stateStatus>enabled</stateStatus>
<actualInfo>
<datetime>2010-03-12T14:19:05Z</datetime>
</actualInfo>
<revisionable/>
<versionable/>
<stateDuration>
0</stateDuration>
<signatureList count="2">
<signature>
<name>Prüfer setzt ungültig</name>
</signature>
<signature>
<name>Vorgängerrevision in Beschaffung wird ungültig</name>
<signed>
<userRef>BauerD</userRef>
<signatureType>approved</signatureType>
<valid/>
</signed>
</signature>
</signatureList>
</state>
<state>
<name>Nicht mehr gültig</name>
<stateStatus>enabled</stateStatus>
<versionable/>
<stateDuration>
0</stateDuration>
<signatureList count="1">
<signature>
<name>Prüfer setzt ungültig</name>
</signature>
</signatureList>
</state>
<state>
<name>Ungültig</name>
<current/>
<stateStatus>enabled</stateStatus>
<actualInfo>
<datetime>2010-06-23T11:03:19Z</datetime>
</actualInfo>
<revisionable/>
<versionable/>
<endDate>
<datetime>2024-05-31T13:37:09Z</datetime>
</endDate>
<stateDuration>
0</stateDuration>
</state>
</stateList>
<revisions>
<total>10</total>
<previousRevision>
<businessObjectRef>
<objectType>CATPart</objectType>
<objectName>34610.0.009</objectName>
<objectRevision>004</objectRevision>
<vaultRef>Catia</vaultRef>
</businessObjectRef>
</previousRevision>
<nextRevision>
<businessObjectRef>
<objectType>CATPart</objectType>
<objectName>34610.0.009</objectName>
<objectRevision>006</objectRevision>
<vaultRef>Catia</vaultRef>
</businessObjectRef>
</nextRevision>
</revisions>
<historyList count="17">
<history>
<datetime>2010-01-26T16:18:30Z</datetime>
<agent>tpkkonn</agent>
<event>create</event>
<stateName>In Bearbeitung</stateName>
<previousRevision>
<businessObjectRef>
<objectType>CATPart</objectType>
<objectName>34610.0.009</objectName>
<objectRevision>004</objectRevision>
</businessObjectRef>
</previousRevision>
</history>
<history>
<datetime>2010-01-26T16:18:30Z</datetime>
<agent>tpkkonn</agent>
<event>connect</event>
<stateName>In Bearbeitung</stateName>
<relationshipName>CATPart</relationshipName>
<fromObject>
<businessObjectRef>
<objectType>Catia V5</objectType>
<objectName>34610.0.009</objectName>
<objectRevision>005</objectRevision>
</businessObjectRef>
</fromObject>
</history>
<history>
<datetime>2010-01-26T16:21:41Z</datetime>
<agent>tpkkonn</agent>
<event>checkin</event>
<stateName>In Bearbeitung</stateName>
<formatRef>Catia V5 Format</formatRef>
<fileName>991.505.521.00_VERSTAERKUNG-TM09.CATPart</fileName>
<replaces>991.505.521.00_VERSTAERKUNG-TM09.CATPart </replaces>
</history>
<history>
<datetime>2010-01-26T16:22:06Z</datetime>
<agent>tpkkonn</agent>
<event>checkout</event>
<stateName>In Bearbeitung</stateName>
<formatRef>Catia V5 Format</formatRef>
<fileName>991.505.521.00_VERSTAERKUNG-TM09.CATPart</fileName>
</history>
<history>
<datetime>2010-03-12T13:13:47Z</datetime>
<agent>tpkkonn</agent>
<event>checkin</event>
<stateName>In Bearbeitung</stateName>
<formatRef>Catia V5 Format</formatRef>
<fileName>991.505.521.00_VERSTAERKUNG-TM09.CATPart</fileName>
<replaces>991.505.521.00_VERSTAERKUNG-TM09.CATPart </replaces>
</history>
<history>
<datetime>2010-03-12T13:24:18Z</datetime>
<agent>tpkkonn</agent>
<event>approve</event>
<stateName>In Bearbeitung</stateName>
<signatureName>Konstrukteur gibt in Prüfung zur Beschaffung</signatureName>
</history>
<history>
<datetime>2010-03-12T13:24:18Z</datetime>
<agent>tpkkonn</agent>
<event>promote</event>
<stateName>Prüfung zur Beschaffung</stateName>
</history>
<history>
<datetime>2010-03-12T14:19:05Z</datetime>
<agent>BauerD</agent>
<event>promote</event>
<stateName>Freigabe zur Beschaffung</stateName>
</history>
<history>
<datetime>2010-03-12T14:19:05Z</datetime>
<agent>BauerD</agent>
<event>approve</event>
<stateName>Prüfung zur Beschaffung</stateName>
<signatureName>Prüfer gibt frei zur Beschaffung</signatureName>
</history>
<history>
<datetime>2010-03-12T14:24:43Z</datetime>
<agent>Datenaustausch</agent>
<event>connect</event>
<stateName>Freigabe zur Beschaffung</stateName>
<relationshipName>Versanddokument</relationshipName>
<fromObject>
<businessObjectRef>
<objectType>Versandauftrag</objectType>
<objectName>10-00195</objectName>
</businessObjectRef>
</fromObject>
</history>
<history>
<datetime>2010-03-12T14:28:00Z</datetime>
<agent>Datenaustausch</agent>
<event>checkout</event>
<stateName>Freigabe zur Beschaffung</stateName>
<formatRef>Catia V5 Format</formatRef>
<fileName>991.505.521.00_VERSTAERKUNG-TM09.CATPart</fileName>
</history>
<history>
<datetime>2010-03-17T12:20:37Z</datetime>
<agent>tpkkonn</agent>
<event>checkout</event>
<stateName>Freigabe zur Beschaffung</stateName>
<formatRef>Catia V5 Format</formatRef>
<fileName>991.505.521.00_VERSTAERKUNG-TM09.CATPart</fileName>
</history>
<history>
<datetime>2010-03-17T12:22:38Z</datetime>
<agent>tpkkonn</agent>
<event>checkout</event>
<stateName>Freigabe zur Beschaffung</stateName>
<formatRef>Catia V5 Format</formatRef>
<fileName>991.505.521.00_VERSTAERKUNG-TM09.CATPart</fileName>
</history>
<history>
<datetime>2010-06-23T09:13:48Z</datetime>
<agent>tpkkonn</agent>
<event>revision</event>
<stateName>Freigabe zur Beschaffung</stateName>
<previousRevision>
<businessObjectRef>
<objectType>CATPart</objectType>
<objectName>34610.0.009</objectName>
<objectRevision>006</objectRevision>
</businessObjectRef>
</previousRevision>
</history>
<history>
<datetime>2010-06-23T09:13:48Z</datetime>
<agent>tpkkonn</agent>
<event>disconnect</event>
<stateName>Freigabe zur Beschaffung</stateName>
<relationshipName>V5 Struktur</relationshipName>
<fromObject>
<businessObjectRef>
<objectType>CATProduct</objectType>
<objectName>34610.0.200</objectName>
<objectRevision>006</objectRevision>
</businessObjectRef>
</fromObject>
</history>
<history>
<datetime>2010-06-23T11:03:19Z</datetime>
<agent>BauerD</agent>
<event>approve</event>
<stateName>Freigabe zur Beschaffung</stateName>
<signatureName>Vorgängerrevision in Beschaffung wird ungültig</signatureName>
</history>
<history>
<datetime>2010-06-23T11:03:19Z</datetime>
<agent>BauerD</agent>
<event>promote</event>
<stateName>Ungültig</stateName>
</history>
</historyList>
<toRelationshipList count="6">
<relationship>
<relationshipDefRef>V5 Struktur</relationshipDefRef>
<relatedObject>
<businessObjectRef>
<objectType>CATProduct</objectType>
<objectName>34610.0.200</objectName>
<objectRevision>002</objectRevision>
<vaultRef>Catia</vaultRef>
</businessObjectRef>
</relatedObject>
</relationship>
<relationship>
<relationshipDefRef>V5 Struktur</relationshipDefRef>
<relatedObject>
<businessObjectRef>
<objectType>CATProduct</objectType>
<objectName>34610.0.200</objectName>
<objectRevision>003</objectRevision>
<vaultRef>Catia</vaultRef>
</businessObjectRef>
</relatedObject>
</relationship>
<relationship>
<relationshipDefRef>V5 Struktur</relationshipDefRef>
<relatedObject>
<businessObjectRef>
<objectType>CATProduct</objectType>
<objectName>34610.0.200</objectName>
<objectRevision>005</objectRevision>
<vaultRef>Catia</vaultRef>
</businessObjectRef>
</relatedObject>
</relationship>
<relationship>
<relationshipDefRef>CATPart</relationshipDefRef>
<relatedObject>
<businessObjectRef>
<objectType>Catia V5</objectType>
<objectName>34610.0.009</objectName>
<objectRevision>005</objectRevision>
<vaultRef>Catia</vaultRef>
</businessObjectRef>
</relatedObject>
</relationship>
<relationship>
<relationshipDefRef>V5 Struktur</relationshipDefRef>
<relatedObject>
<businessObjectRef>
<objectType>CATProduct</objectType>
<objectName>34610.0.200</objectName>
<objectRevision>004</objectRevision>
<vaultRef>Catia</vaultRef>
</businessObjectRef>
</relatedObject>
</relationship>
<relationship>
<relationshipDefRef>Versanddokument</relationshipDefRef>
<relatedObject>
<businessObjectRef>
<objectType>Versandauftrag</objectType>
<objectName>10-00195</objectName>
<objectRevision></objectRevision>
<vaultRef>Catia</vaultRef>
</businessObjectRef>
</relatedObject>
<attributeList count="5">
<attribute>
<name>Versand-Status</name>
<string>ERLEDIGT</string>
</attribute>
<attribute>
<name>Postcheck</name>
<string>NEIN</string>
</attribute>
<attribute>
<name>Neuer Modellname</name>
<string></string>
</attribute>
<attribute>
<name>Dateiname</name>
<string>a0019502.vda</string>
</attribute>
<attribute>
<name>Dokumentname</name>
<string>991.505.521.00_VERSTAERKUNG-TM09.CATPart</string>
</attribute>
</attributeList>
</relationship>
</toRelationshipList>
<hadFiles/>
<storeType>captured</storeType>
<folderList count="1">
<folder>
<formatRef>Catia V5 Format</formatRef>
<fileList count="1">
<file>
<storeFilename>ftp://matrix@172.16.18.46//stores0803/Catia_V5/4067521e.c7e</storeFilename>
<storeFileAlias>4067521e.c7e</storeFileAlias>
<diskFilename>/P/mod/prodentw/tpkkonn/Porsche/Serie Aktuelle Daten/9X1 Bug oben/20100301-9X1 -Daten ins PDMU/991.505.521.00_VERSTAERKUNG-TM09.CATPart@walde113</diskFilename>
<mode>438</mode>
<uid>0</uid>
<gid>0</gid>
<size>3814434</size>
<storeRef>Catia V5 Daten</storeRef>
</file>
</fileList>
</folder>
</folderList>
</businessObject>
</ematrix>
