<?xml version="1.0" encoding="UTF-8" ?>
<!-- (c)MatrixOne, Inc., 2000 -->
<!DOCTYPE ematrix SYSTEM "ematrixml.dtd">
<ematrix>
<creationProperties>
<release>10.6.3.0-Global</release>
<datetime>2024-05-31T13:37:10Z</datetime>
<event>export</event>
<dtdInfo>&ematrixProductDtd;</dtdInfo>
</creationProperties>
<businessObject id="27212.3559.11547.24040">
<objectType>CATPart</objectType>
<objectName>34610.0.250</objectName>
<objectRevision>005</objectRevision>
<vaultRef>Catia</vaultRef>
<policyRef>Produkt - Catia V5</policyRef>
<owner>
<userRef>tpkkonn</userRef>
</owner>
<creationInfo>
<datetime>2010-06-21T12:21:41Z</datetime>
</creationInfo>
<modificationInfo>
<datetime>2024-04-10T06:47:44Z</datetime>
</modificationInfo>

<attributeList count="1">
<attribute>
<name>Beschreibung Status-Änderung</name>
<string></string>
</attribute>
</attributeList>
<stateList count="8">
<state>
<name>In Bearbeitung</name>
<stateStatus>enabled</stateStatus>
<actualInfo>
<datetime>2010-06-21T12:21:41Z</datetime>
</actualInfo>
<versionable/>
<stateDuration>
0</stateDuration>
<signatureList count="4">
<signature>
<name>Konstrukteur erzeugt dokumentierten Stand</name>
<signed>
<userRef>tpkkonn</userRef>
<signatureType>approved</signatureType>
<valid/>
</signed>
</signature>
<signature>
<name>Konstrukteur gibt in Prüfung zur Beschaffung</name>
</signature>
<signature>
<name>Konstrukteur setzt in Prüfung zur bedingten Freigabe</name>
</signature>
<signature>
<name>Prüfer setzt ungültig</name>
</signature>
</signatureList>
</state>
<state>
<name>Dokumentierter Stand</name>
<stateStatus>enabled</stateStatus>
<actualInfo>
<datetime>2010-06-29T08:24:47Z</datetime>
</actualInfo>
<revisionable/>
<versionable/>
<stateDuration>
0</stateDuration>
<signatureList count="3">
<signature>
<name>Konstrukteur gibt Zwischenstand in Prüfung zur Beschaffung</name>
<signed>
<userRef>SterczF</userRef>
<signatureType>approved</signatureType>
<valid/>
</signed>
</signature>
<signature>
<name>Konstrukteur gibt Zwischenstand in Prüfung zur bedingten Freigabe</name>
</signature>
<signature>
<name>Prüfer setzt ungültig</name>
</signature>
</signatureList>
</state>
<state>
<name>Prüfung zur bedingten Freigabe</name>
<stateStatus>enabled</stateStatus>
<versionable/>
<stateDuration>
0</stateDuration>
<signatureList count="2">
<signature>
<name>Prüfer gibt bedingt frei</name>
</signature>
<signature>
<name>Prüfer setzt ungültig</name>
</signature>
</signatureList>
</state>
<state>
<name>Bedingte Freigabe zur/für ...</name>
<stateStatus>enabled</stateStatus>
<revisionable/>
<versionable/>
<stateDuration>
0</stateDuration>
<signatureList count="2">
<signature>
<name>Prüfer setzt ungültig</name>
</signature>
<signature>
<name>Vorgängerrevision in bedingter Freigabe wird ungültig</name>
</signature>
</signatureList>
</state>
<state>
<name>Prüfung zur Beschaffung</name>
<stateStatus>enabled</stateStatus>
<actualInfo>
<datetime>2010-06-29T10:29:58Z</datetime>
</actualInfo>
<versionable/>
<stateDuration>
0</stateDuration>
<signatureList count="2">
<signature>
<name>Prüfer gibt frei zur Beschaffung</name>
<signed>
<userRef>BauerD</userRef>
<signatureType>approved</signatureType>
<valid/>
</signed>
</signature>
<signature>
<name>Prüfer setzt ungültig</name>
</signature>
</signatureList>
</state>
<state>
<name>Freigabe zur Beschaffung</name>
<current/>
<stateStatus>enabled</stateStatus>
<actualInfo>
<datetime>2010-07-02T05:38:42Z</datetime>
</actualInfo>
<revisionable/>
<versionable/>
<endDate>
<datetime>2024-05-31T13:37:10Z</datetime>
</endDate>
<stateDuration>
0</stateDuration>
<signatureList count="2">
<signature>
<name>Prüfer setzt ungültig</name>
</signature>
<signature>
<name>Vorgängerrevision in Beschaffung wird ungültig</name>
</signature>
</signatureList>
</state>
<state>
<name>Nicht mehr gültig</name>
<stateStatus>enabled</stateStatus>
<versionable/>
<stateDuration>
0</stateDuration>
<signatureList count="1">
<signature>
<name>Prüfer setzt ungültig</name>
</signature>
</signatureList>
</state>
<state>
<name>Ungültig</name>
<stateStatus>enabled</stateStatus>
<revisionable/>
<versionable/>
<stateDuration>
0</stateDuration>
</state>
</stateList>
<revisions>
<total>5</total>
<previousRevision>
<businessObjectRef>
<objectType>CATPart</objectType>
<objectName>34610.0.250</objectName>
<objectRevision>004</objectRevision>
<vaultRef>Catia</vaultRef>
</businessObjectRef>
</previousRevision>
</revisions>
<historyList count="87">
<history>
<datetime>2010-06-21T12:21:41Z</datetime>
<agent>tpkkonn</agent>
<event>create</event>
<stateName>In Bearbeitung</stateName>
<previousRevision>
<businessObjectRef>
<objectType>CATPart</objectType>
<objectName>34610.0.250</objectName>
<objectRevision>004</objectRevision>
</businessObjectRef>
</previousRevision>
</history>
<history>
<datetime>2010-06-21T12:21:41Z</datetime>
<agent>tpkkonn</agent>
<event>connect</event>
<stateName>In Bearbeitung</stateName>
<relationshipName>CATPart</relationshipName>
<fromObject>
<businessObjectRef>
<objectType>Catia V5</objectType>
<objectName>34610.0.250</objectName>
<objectRevision>005</objectRevision>
</businessObjectRef>
</fromObject>
</history>
<history>
<datetime>2010-06-29T08:02:53Z</datetime>
<agent>tpkkonn</agent>
<event>checkin</event>
<stateName>In Bearbeitung</stateName>
<formatRef>Catia V5 Format</formatRef>
<fileName>991.505.521.00_SCHWEISSNAEHTE-TM25.CATPart</fileName>
<replaces>991.505.521.00_SCHWEISSNAEHTE-TM25.CATPart </replaces>
</history>
<history>
<datetime>2010-06-29T08:24:47Z</datetime>
<agent>tpkkonn</agent>
<event>promote</event>
<stateName>Dokumentierter Stand</stateName>
</history>
<history>
<datetime>2010-06-29T08:24:47Z</datetime>
<agent>tpkkonn</agent>
<event>approve</event>
<stateName>In Bearbeitung</stateName>
<signatureName>Konstrukteur erzeugt dokumentierten Stand</signatureName>
</history>
<history>
<datetime>2010-06-29T10:29:58Z</datetime>
<agent>SterczF</agent>
<event>promote</event>
<stateName>Prüfung zur Beschaffung</stateName>
</history>
<history>
<datetime>2010-06-29T10:29:58Z</datetime>
<agent>SterczF</agent>
<event>approve</event>
<stateName>Dokumentierter Stand</stateName>
<signatureName>Konstrukteur gibt Zwischenstand in Prüfung zur Beschaffung</signatureName>
</history>
<history>
<datetime>2010-07-02T05:38:42Z</datetime>
<agent>BauerD</agent>
<event>approve</event>
<stateName>Prüfung zur Beschaffung</stateName>
<signatureName>Prüfer gibt frei zur Beschaffung</signatureName>
</history>
<history>
<datetime>2010-07-02T05:38:42Z</datetime>
<agent>BauerD</agent>
<event>promote</event>
<stateName>Freigabe zur Beschaffung</stateName>
</history>
<history>
<datetime>2010-07-08T09:29:45Z</datetime>
<agent>tpkkonn</agent>
<event>checkout</event>
<stateName>Freigabe zur Beschaffung</stateName>
<formatRef>Catia V5 Format</formatRef>
<fileName>991.505.521.00_SCHWEISSNAEHTE-TM25.CATPart</fileName>
</history>
<history>
<datetime>2010-08-05T06:05:49Z</datetime>
<agent>tpkkonn</agent>
<event>checkout</event>
<stateName>Freigabe zur Beschaffung</stateName>
<formatRef>Catia V5 Format</formatRef>
<fileName>991.505.521.00_SCHWEISSNAEHTE-TM25.CATPart</fileName>
</history>
<history>
<datetime>2011-01-31T07:25:34Z</datetime>
<agent>tbejoer</agent>
<event>checkout</event>
<stateName>Freigabe zur Beschaffung</stateName>
<formatRef>Catia V5 Format</formatRef>
<fileName>991.505.521.00_SCHWEISSNAEHTE-TM25.CATPart</fileName>
</history>
<history>
<datetime>2011-01-31T07:49:03Z</datetime>
<agent>tbejoer</agent>
<event>checkout</event>
<stateName>Freigabe zur Beschaffung</stateName>
<formatRef>Catia V5 Format</formatRef>
<fileName>991.505.521.00_SCHWEISSNAEHTE-TM25.CATPart</fileName>
</history>
<history>
<datetime>2011-05-06T06:34:09Z</datetime>
<agent>tpkkonn</agent>
<event>checkout</event>
<stateName>Freigabe zur Beschaffung</stateName>
<formatRef>Catia V5 Format</formatRef>
<fileName>991.505.521.00_SCHWEISSNAEHTE-TM25.CATPart</fileName>
</history>
<history>
<datetime>2012-04-18T09:59:32Z</datetime>
<agent>tpkbrin</agent>
<event>checkout</event>
<stateName>Freigabe zur Beschaffung</stateName>
<formatRef>Catia V5 Format</formatRef>
<fileName>991.505.521.00_SCHWEISSNAEHTE-TM25.CATPart</fileName>
</history>
<history>
<datetime>2012-11-29T10:56:35Z</datetime>
<agent>tpknovr</agent>
<event>checkout</event>
<stateName>Freigabe zur Beschaffung</stateName>
<formatRef>Catia V5 Format</formatRef>
<fileName>991.505.521.00_SCHWEISSNAEHTE-TM25.CATPart</fileName>
</history>
<history>
<datetime>2013-05-21T13:35:53Z</datetime>
<agent>tpkbrin</agent>
<event>checkout</event>
<stateName>Freigabe zur Beschaffung</stateName>
<formatRef>Catia V5 Format</formatRef>
<fileName>991.505.521.00_SCHWEISSNAEHTE-TM25.CATPart</fileName>
</history>
<history>
<datetime>2013-07-09T12:13:00Z</datetime>
<agent>tpkproe</agent>
<event>checkout</event>
<stateName>Freigabe zur Beschaffung</stateName>
<formatRef>Catia V5 Format</formatRef>
<fileName>991.505.521.00_SCHWEISSNAEHTE-TM25.CATPart</fileName>
</history>
<history>
<datetime>2013-07-10T10:59:18Z</datetime>
<agent>tpkproe</agent>
<event>checkout</event>
<stateName>Freigabe zur Beschaffung</stateName>
<formatRef>Catia V5 Format</formatRef>
<fileName>991.505.521.00_SCHWEISSNAEHTE-TM25.CATPart</fileName>
</history>
<history>
<datetime>2013-08-01T07:20:17Z</datetime>
<agent>tpkproe</agent>
<event>checkout</event>
<stateName>Freigabe zur Beschaffung</stateName>
<formatRef>Catia V5 Format</formatRef>
<fileName>991.505.521.00_SCHWEISSNAEHTE-TM25.CATPart</fileName>
</history>
<history>
<datetime>2013-09-11T11:55:25Z</datetime>
<agent>tpkbrin</agent>
<event>checkout</event>
<stateName>Freigabe zur Beschaffung</stateName>
<formatRef>Catia V5 Format</formatRef>
<fileName>991.505.521.00_SCHWEISSNAEHTE-TM25.CATPart</fileName>
</history>
<history>
<datetime>2013-09-11T11:58:38Z</datetime>
<agent>tpkbrin</agent>
<event>checkout</event>
<stateName>Freigabe zur Beschaffung</stateName>
<formatRef>Catia V5 Format</formatRef>
<fileName>991.505.521.00_SCHWEISSNAEHTE-TM25.CATPart</fileName>
</history>
<history>
<datetime>2013-09-11T13:21:45Z</datetime>
<agent>tpkproe</agent>
<event>checkout</event>
<stateName>Freigabe zur Beschaffung</stateName>
<formatRef>Catia V5 Format</formatRef>
<fileName>991.505.521.00_SCHWEISSNAEHTE-TM25.CATPart</fileName>
</history>
<history>
<datetime>2013-10-09T12:03:43Z</datetime>
<agent>tpkproe</agent>
<event>checkout</event>
<stateName>Freigabe zur Beschaffung</stateName>
<formatRef>Catia V5 Format</formatRef>
<fileName>991.505.521.00_SCHWEISSNAEHTE-TM25.CATPart</fileName>
</history>
<history>
<datetime>2013-10-09T12:06:29Z</datetime>
<agent>tpkproe</agent>
<event>checkout</event>
<stateName>Freigabe zur Beschaffung</stateName>
<formatRef>Catia V5 Format</formatRef>
<fileName>991.505.521.00_SCHWEISSNAEHTE-TM25.CATPart</fileName>
</history>
<history>
<datetime>2013-10-09T12:07:42Z</datetime>
<agent>tpkproe</agent>
<event>checkout</event>
<stateName>Freigabe zur Beschaffung</stateName>
<formatRef>Catia V5 Format</formatRef>
<fileName>991.505.521.00_SCHWEISSNAEHTE-TM25.CATPart</fileName>
</history>
<history>
<datetime>2013-10-09T12:08:29Z</datetime>
<agent>tpkproe</agent>
<event>checkout</event>
<stateName>Freigabe zur Beschaffung</stateName>
<formatRef>Catia V5 Format</formatRef>
<fileName>991.505.521.00_SCHWEISSNAEHTE-TM25.CATPart</fileName>
</history>
<history>
<datetime>2013-10-09T12:09:05Z</datetime>
<agent>tpkproe</agent>
<event>checkout</event>
<stateName>Freigabe zur Beschaffung</stateName>
<formatRef>Catia V5 Format</formatRef>
<fileName>991.505.521.00_SCHWEISSNAEHTE-TM25.CATPart</fileName>
</history>
<history>
<datetime>2013-12-19T12:32:22Z</datetime>
<agent>tpkproe</agent>
<event>checkout</event>
<stateName>Freigabe zur Beschaffung</stateName>
<formatRef>Catia V5 Format</formatRef>
<fileName>991.505.521.00_SCHWEISSNAEHTE-TM25.CATPart</fileName>
</history>
<history>
<datetime>2014-01-10T09:15:28Z</datetime>
<agent>tpklang</agent>
<event>checkout</event>
<stateName>Freigabe zur Beschaffung</stateName>
<formatRef>Catia V5 Format</formatRef>
<fileName>991.505.521.00_SCHWEISSNAEHTE-TM25.CATPart</fileName>
</history>
<history>
<datetime>2014-01-22T12:17:39Z</datetime>
<agent>tpkproe</agent>
<event>checkout</event>
<stateName>Freigabe zur Beschaffung</stateName>
<formatRef>Catia V5 Format</formatRef>
<fileName>991.505.521.00_SCHWEISSNAEHTE-TM25.CATPart</fileName>
</history>
<history>
<datetime>2014-01-22T12:53:50Z</datetime>
<agent>tpkproe</agent>
<event>checkout</event>
<stateName>Freigabe zur Beschaffung</stateName>
<formatRef>Catia V5 Format</formatRef>
<fileName>991.505.521.00_SCHWEISSNAEHTE-TM25.CATPart</fileName>
</history>
<history>
<datetime>2014-01-27T12:45:44Z</datetime>
<agent>tpklang</agent>
<event>checkout</event>
<stateName>Freigabe zur Beschaffung</stateName>
<formatRef>Catia V5 Format</formatRef>
<fileName>991.505.521.00_SCHWEISSNAEHTE-TM25.CATPart</fileName>
</history>
<history>
<datetime>2014-02-17T10:05:12Z</datetime>
<agent>tpkproe</agent>
<event>checkout</event>
<stateName>Freigabe zur Beschaffung</stateName>
<formatRef>Catia V5 Format</formatRef>
<fileName>991.505.521.00_SCHWEISSNAEHTE-TM25.CATPart</fileName>
</history>
<history>
<datetime>2014-02-17T12:07:56Z</datetime>
<agent>tpklang</agent>
<event>checkout</event>
<stateName>Freigabe zur Beschaffung</stateName>
<formatRef>Catia V5 Format</formatRef>
<fileName>991.505.521.00_SCHWEISSNAEHTE-TM25.CATPart</fileName>
</history>
<history>
<datetime>2014-02-18T14:28:24Z</datetime>
<agent>tpkproe</agent>
<event>checkout</event>
<stateName>Freigabe zur Beschaffung</stateName>
<formatRef>Catia V5 Format</formatRef>
<fileName>991.505.521.00_SCHWEISSNAEHTE-TM25.CATPart</fileName>
</history>
<history>
<datetime>2014-03-12T13:25:17Z</datetime>
<agent>tpkproe</agent>
<event>checkout</event>
<stateName>Freigabe zur Beschaffung</stateName>
<formatRef>Catia V5 Format</formatRef>
<fileName>991.505.521.00_SCHWEISSNAEHTE-TM25.CATPart</fileName>
</history>
<history>
<datetime>2014-03-12T13:26:21Z</datetime>
<agent>tpkproe</agent>
<event>checkout</event>
<stateName>Freigabe zur Beschaffung</stateName>
<formatRef>Catia V5 Format</formatRef>
<fileName>991.505.521.00_SCHWEISSNAEHTE-TM25.CATPart</fileName>
</history>
<history>
<datetime>2014-03-12T13:34:30Z</datetime>
<agent>tpkfech</agent>
<event>checkout</event>
<stateName>Freigabe zur Beschaffung</stateName>
<formatRef>Catia V5 Format</formatRef>
<fileName>991.505.521.00_SCHWEISSNAEHTE-TM25.CATPart</fileName>
</history>
<history>
<datetime>2014-03-15T11:48:48Z</datetime>
<agent>tbejoer</agent>
<event>checkout</event>
<stateName>Freigabe zur Beschaffung</stateName>
<formatRef>Catia V5 Format</formatRef>
<fileName>991.505.521.00_SCHWEISSNAEHTE-TM25.CATPart</fileName>
</history>
<history>
<datetime>2014-04-09T06:02:18Z</datetime>
<agent>tpkproe</agent>
<event>checkout</event>
<stateName>Freigabe zur Beschaffung</stateName>
<formatRef>Catia V5 Format</formatRef>
<fileName>991.505.521.00_SCHWEISSNAEHTE-TM25.CATPart</fileName>
</history>
<history>
<datetime>2014-04-09T06:08:37Z</datetime>
<agent>tpkproe</agent>
<event>checkout</event>
<stateName>Freigabe zur Beschaffung</stateName>
<formatRef>Catia V5 Format</formatRef>
<fileName>991.505.521.00_SCHWEISSNAEHTE-TM25.CATPart</fileName>
</history>
<history>
<datetime>2014-04-15T11:16:28Z</datetime>
<agent>tpkproe</agent>
<event>checkout</event>
<stateName>Freigabe zur Beschaffung</stateName>
<formatRef>Catia V5 Format</formatRef>
<fileName>991.505.521.00_SCHWEISSNAEHTE-TM25.CATPart</fileName>
</history>
<history>
<datetime>2014-06-11T12:41:26Z</datetime>
<agent>tpkproe</agent>
<event>checkout</event>
<stateName>Freigabe zur Beschaffung</stateName>
<formatRef>Catia V5 Format</formatRef>
<fileName>991.505.521.00_SCHWEISSNAEHTE-TM25.CATPart</fileName>
</history>
<history>
<datetime>2014-06-16T07:28:46Z</datetime>
<agent>tpkbrin</agent>
<event>checkout</event>
<stateName>Freigabe zur Beschaffung</stateName>
<formatRef>Catia V5 Format</formatRef>
<fileName>991.505.521.00_SCHWEISSNAEHTE-TM25.CATPart</fileName>
</history>
<history>
<datetime>2014-08-12T06:13:09Z</datetime>
<agent>tpkditz</agent>
<event>checkout</event>
<stateName>Freigabe zur Beschaffung</stateName>
<formatRef>Catia V5 Format</formatRef>
<fileName>991.505.521.00_SCHWEISSNAEHTE-TM25.CATPart</fileName>
</history>
<history>
<datetime>2014-08-13T13:59:55Z</datetime>
<agent>tpkditz</agent>
<event>checkout</event>
<stateName>Freigabe zur Beschaffung</stateName>
<formatRef>Catia V5 Format</formatRef>
<fileName>991.505.521.00_SCHWEISSNAEHTE-TM25.CATPart</fileName>
</history>
<history>
<datetime>2014-08-14T06:21:03Z</datetime>
<agent>tpkditz</agent>
<event>checkout</event>
<stateName>Freigabe zur Beschaffung</stateName>
<formatRef>Catia V5 Format</formatRef>
<fileName>991.505.521.00_SCHWEISSNAEHTE-TM25.CATPart</fileName>
</history>
<history>
<datetime>2014-08-14T15:00:06Z</datetime>
<agent>tqmmahr</agent>
<event>checkout</event>
<stateName>Freigabe zur Beschaffung</stateName>
<formatRef>Catia V5 Format</formatRef>
<fileName>991.505.521.00_SCHWEISSNAEHTE-TM25.CATPart</fileName>
</history>
<history>
<datetime>2014-08-27T08:46:15Z</datetime>
<agent>tpklang</agent>
<event>checkout</event>
<stateName>Freigabe zur Beschaffung</stateName>
<formatRef>Catia V5 Format</formatRef>
<fileName>991.505.521.00_SCHWEISSNAEHTE-TM25.CATPart</fileName>
</history>
<history>
<datetime>2014-12-15T13:27:54Z</datetime>
<agent>tpklang</agent>
<event>checkout</event>
<stateName>Freigabe zur Beschaffung</stateName>
<formatRef>Catia V5 Format</formatRef>
<fileName>991.505.521.00_SCHWEISSNAEHTE-TM25.CATPart</fileName>
</history>
<history>
<datetime>2014-12-15T13:33:12Z</datetime>
<agent>tpklang</agent>
<event>checkout</event>
<stateName>Freigabe zur Beschaffung</stateName>
<formatRef>Catia V5 Format</formatRef>
<fileName>991.505.521.00_SCHWEISSNAEHTE-TM25.CATPart</fileName>
</history>
<history>
<datetime>2014-12-15T13:35:32Z</datetime>
<agent>FleischerP</agent>
<event>checkout</event>
<stateName>Freigabe zur Beschaffung</stateName>
<formatRef>Catia V5 Format</formatRef>
<fileName>991.505.521.00_SCHWEISSNAEHTE-TM25.CATPart</fileName>
</history>
<history>
<datetime>2014-12-15T13:36:00Z</datetime>
<agent>FleischerP</agent>
<event>checkout</event>
<stateName>Freigabe zur Beschaffung</stateName>
<formatRef>Catia V5 Format</formatRef>
<fileName>991.505.521.00_SCHWEISSNAEHTE-TM25.CATPart</fileName>
</history>
<history>
<datetime>2014-12-15T13:41:15Z</datetime>
<agent>FleischerP</agent>
<event>checkout</event>
<stateName>Freigabe zur Beschaffung</stateName>
<formatRef>Catia V5 Format</formatRef>
<fileName>991.505.521.00_SCHWEISSNAEHTE-TM25.CATPart</fileName>
</history>
<history>
<datetime>2014-12-15T14:00:56Z</datetime>
<agent>FleischerP</agent>
<event>checkout</event>
<stateName>Freigabe zur Beschaffung</stateName>
<formatRef>Catia V5 Format</formatRef>
<fileName>991.505.521.00_SCHWEISSNAEHTE-TM25.CATPart</fileName>
</history>
<history>
<datetime>2014-12-15T14:12:03Z</datetime>
<agent>FleischerP</agent>
<event>checkout</event>
<stateName>Freigabe zur Beschaffung</stateName>
<formatRef>Catia V5 Format</formatRef>
<fileName>991.505.521.00_SCHWEISSNAEHTE-TM25.CATPart</fileName>
</history>
<history>
<datetime>2014-12-15T14:26:39Z</datetime>
<agent>FleischerP</agent>
<event>checkout</event>
<stateName>Freigabe zur Beschaffung</stateName>
<formatRef>Catia V5 Format</formatRef>
<fileName>991.505.521.00_SCHWEISSNAEHTE-TM25.CATPart</fileName>
</history>
<history>
<datetime>2014-12-16T06:43:57Z</datetime>
<agent>tpklang</agent>
<event>checkout</event>
<stateName>Freigabe zur Beschaffung</stateName>
<formatRef>Catia V5 Format</formatRef>
<fileName>991.505.521.00_SCHWEISSNAEHTE-TM25.CATPart</fileName>
</history>
<history>
<datetime>2014-12-16T06:44:33Z</datetime>
<agent>tpklang</agent>
<event>checkout</event>
<stateName>Freigabe zur Beschaffung</stateName>
<formatRef>Catia V5 Format</formatRef>
<fileName>991.505.521.00_SCHWEISSNAEHTE-TM25.CATPart</fileName>
</history>
<history>
<datetime>2015-01-07T08:19:46Z</datetime>
<agent>tpkditz</agent>
<event>checkout</event>
<stateName>Freigabe zur Beschaffung</stateName>
<formatRef>Catia V5 Format</formatRef>
<fileName>991.505.521.00_SCHWEISSNAEHTE-TM25.CATPart</fileName>
</history>
<history>
<datetime>2015-01-07T08:24:17Z</datetime>
<agent>tpkditz</agent>
<event>checkout</event>
<stateName>Freigabe zur Beschaffung</stateName>
<formatRef>Catia V5 Format</formatRef>
<fileName>991.505.521.00_SCHWEISSNAEHTE-TM25.CATPart</fileName>
</history>
<history>
<datetime>2015-01-07T14:42:42Z</datetime>
<agent>tpkditz</agent>
<event>checkout</event>
<stateName>Freigabe zur Beschaffung</stateName>
<formatRef>Catia V5 Format</formatRef>
<fileName>991.505.521.00_SCHWEISSNAEHTE-TM25.CATPart</fileName>
</history>
<history>
<datetime>2015-01-08T13:58:45Z</datetime>
<agent>tpkditz</agent>
<event>checkout</event>
<stateName>Freigabe zur Beschaffung</stateName>
<formatRef>Catia V5 Format</formatRef>
<fileName>991.505.521.00_SCHWEISSNAEHTE-TM25.CATPart</fileName>
</history>
<history>
<datetime>2015-01-27T09:58:44Z</datetime>
<agent>tpkuebe</agent>
<event>checkout</event>
<stateName>Freigabe zur Beschaffung</stateName>
<formatRef>Catia V5 Format</formatRef>
<fileName>991.505.521.00_SCHWEISSNAEHTE-TM25.CATPart</fileName>
</history>
<history>
<datetime>2015-01-27T09:59:25Z</datetime>
<agent>tpkuebe</agent>
<event>checkout</event>
<stateName>Freigabe zur Beschaffung</stateName>
<formatRef>Catia V5 Format</formatRef>
<fileName>991.505.521.00_SCHWEISSNAEHTE-TM25.CATPart</fileName>
</history>
<history>
<datetime>2015-05-05T07:23:41Z</datetime>
<agent>tpkditz</agent>
<event>checkout</event>
<stateName>Freigabe zur Beschaffung</stateName>
<formatRef>Catia V5 Format</formatRef>
<fileName>991.505.521.00_SCHWEISSNAEHTE-TM25.CATPart</fileName>
</history>
<history>
<datetime>2015-05-22T12:04:44Z</datetime>
<agent>HaunJ</agent>
<event>checkout</event>
<stateName>Freigabe zur Beschaffung</stateName>
<formatRef>Catia V5 Format</formatRef>
<fileName>991.505.521.00_SCHWEISSNAEHTE-TM25.CATPart</fileName>
</history>
<history>
<datetime>2015-05-22T12:12:55Z</datetime>
<agent>HaunJ</agent>
<event>checkout</event>
<stateName>Freigabe zur Beschaffung</stateName>
<formatRef>Catia V5 Format</formatRef>
<fileName>991.505.521.00_SCHWEISSNAEHTE-TM25.CATPart</fileName>
</history>
<history>
<datetime>2015-05-22T12:14:40Z</datetime>
<agent>tpkuebe</agent>
<event>checkout</event>
<stateName>Freigabe zur Beschaffung</stateName>
<formatRef>Catia V5 Format</formatRef>
<fileName>991.505.521.00_SCHWEISSNAEHTE-TM25.CATPart</fileName>
</history>
<history>
<datetime>2015-09-21T07:27:12Z</datetime>
<agent>tpklang</agent>
<event>checkout</event>
<stateName>Freigabe zur Beschaffung</stateName>
<formatRef>Catia V5 Format</formatRef>
<fileName>991.505.521.00_SCHWEISSNAEHTE-TM25.CATPart</fileName>
</history>
<history>
<datetime>2015-09-22T13:39:36Z</datetime>
<agent>tpkproe</agent>
<event>checkout</event>
<stateName>Freigabe zur Beschaffung</stateName>
<formatRef>Catia V5 Format</formatRef>
<fileName>991.505.521.00_SCHWEISSNAEHTE-TM25.CATPart</fileName>
</history>
<history>
<datetime>2015-09-22T13:40:56Z</datetime>
<agent>tpkproe</agent>
<event>checkout</event>
<stateName>Freigabe zur Beschaffung</stateName>
<formatRef>Catia V5 Format</formatRef>
<fileName>991.505.521.00_SCHWEISSNAEHTE-TM25.CATPart</fileName>
</history>
<history>
<datetime>2015-09-22T13:42:38Z</datetime>
<agent>tpkproe</agent>
<event>checkout</event>
<stateName>Freigabe zur Beschaffung</stateName>
<formatRef>Catia V5 Format</formatRef>
<fileName>991.505.521.00_SCHWEISSNAEHTE-TM25.CATPart</fileName>
</history>
<history>
<datetime>2015-09-23T08:34:19Z</datetime>
<agent>tpkditz</agent>
<event>checkout</event>
<stateName>Freigabe zur Beschaffung</stateName>
<formatRef>Catia V5 Format</formatRef>
<fileName>991.505.521.00_SCHWEISSNAEHTE-TM25.CATPart</fileName>
</history>
<history>
<datetime>2015-10-12T08:19:52Z</datetime>
<agent>tpklang</agent>
<event>checkout</event>
<stateName>Freigabe zur Beschaffung</stateName>
<formatRef>Catia V5 Format</formatRef>
<fileName>991.505.521.00_SCHWEISSNAEHTE-TM25.CATPart</fileName>
</history>
<history>
<datetime>2018-01-03T07:10:28Z</datetime>
<agent>tpklang</agent>
<event>checkout</event>
<stateName>Freigabe zur Beschaffung</stateName>
<formatRef>Catia V5 Format</formatRef>
<fileName>991.505.521.00_SCHWEISSNAEHTE-TM25.CATPart</fileName>
</history>
<history>
<datetime>2018-01-03T07:11:04Z</datetime>
<agent>tpklang</agent>
<event>checkout</event>
<stateName>Freigabe zur Beschaffung</stateName>
<formatRef>Catia V5 Format</formatRef>
<fileName>991.505.521.00_SCHWEISSNAEHTE-TM25.CATPart</fileName>
</history>
<history>
<datetime>2018-11-13T13:56:48Z</datetime>
<agent>tpkkonn</agent>
<event>checkout</event>
<stateName>Freigabe zur Beschaffung</stateName>
<formatRef>Catia V5 Format</formatRef>
<fileName>991.505.521.00_SCHWEISSNAEHTE-TM25.CATPart</fileName>
</history>
<history>
<datetime>2018-11-13T13:56:57Z</datetime>
<agent>tpkkonn</agent>
<event>checkout</event>
<stateName>Freigabe zur Beschaffung</stateName>
<formatRef>Catia V5 Format</formatRef>
<fileName>991.505.521.00_SCHWEISSNAEHTE-TM25.CATPart</fileName>
</history>
<history>
<datetime>2019-07-03T11:57:32Z</datetime>
<agent>tpkamrh</agent>
<event>checkout</event>
<stateName>Freigabe zur Beschaffung</stateName>
<formatRef>Catia V5 Format</formatRef>
<fileName>991.505.521.00_SCHWEISSNAEHTE-TM25.CATPart</fileName>
</history>
<history>
<datetime>2019-07-03T12:14:51Z</datetime>
<agent>tpkamrh</agent>
<event>checkout</event>
<stateName>Freigabe zur Beschaffung</stateName>
<formatRef>Catia V5 Format</formatRef>
<fileName>991.505.521.00_SCHWEISSNAEHTE-TM25.CATPart</fileName>
</history>
<history>
<datetime>2019-07-03T12:15:32Z</datetime>
<agent>tpkamrh</agent>
<event>checkout</event>
<stateName>Freigabe zur Beschaffung</stateName>
<formatRef>Catia V5 Format</formatRef>
<fileName>991.505.521.00_SCHWEISSNAEHTE-TM25.CATPart</fileName>
</history>
<history>
<datetime>2020-03-26T09:16:59Z</datetime>
<agent>HoffmannD</agent>
<event>checkout</event>
<stateName>Freigabe zur Beschaffung</stateName>
<formatRef>Catia V5 Format</formatRef>
<fileName>991.505.521.00_SCHWEISSNAEHTE-TM25.CATPart</fileName>
</history>
<history>
<datetime>2024-03-12T13:04:04Z</datetime>
<agent>FranzL</agent>
<event>checkout</event>
<stateName>Freigabe zur Beschaffung</stateName>
<formatRef>Catia V5 Format</formatRef>
<fileName>991.505.521.00_SCHWEISSNAEHTE-TM25.CATPart</fileName>
</history>
<history>
<datetime>2024-04-10T06:20:58Z</datetime>
<agent>tpkamrh</agent>
<event>checkout</event>
<stateName>Freigabe zur Beschaffung</stateName>
<formatRef>Catia V5 Format</formatRef>
<fileName>991.505.521.00_SCHWEISSNAEHTE-TM25.CATPart</fileName>
</history>
<history>
<datetime>2024-04-10T06:47:44Z</datetime>
<agent>tpkamrh</agent>
<event>checkout</event>
<stateName>Freigabe zur Beschaffung</stateName>
<formatRef>Catia V5 Format</formatRef>
<fileName>991.505.521.00_SCHWEISSNAEHTE-TM25.CATPart</fileName>
</history>
</historyList>
<toRelationshipList count="12">
<relationship>
<relationshipDefRef>V5 Struktur</relationshipDefRef>
<relatedObject>
<businessObjectRef>
<objectType>CATProduct</objectType>
<objectName>34610.0.200</objectName>
<objectRevision>001</objectRevision>
<vaultRef>Catia</vaultRef>
</businessObjectRef>
</relatedObject>
</relationship>
<relationship>
<relationshipDefRef>V5 Struktur</relationshipDefRef>
<relatedObject>
<businessObjectRef>
<objectType>CATProduct</objectType>
<objectName>34610.0.200</objectName>
<objectRevision>002</objectRevision>
<vaultRef>Catia</vaultRef>
</businessObjectRef>
</relatedObject>
</relationship>
<relationship>
<relationshipDefRef>V5 Struktur</relationshipDefRef>
<relatedObject>
<businessObjectRef>
<objectType>CATProduct</objectType>
<objectName>34610.0.200</objectName>
<objectRevision>004</objectRevision>
<vaultRef>Catia</vaultRef>
</businessObjectRef>
</relatedObject>
</relationship>
<relationship>
<relationshipDefRef>V5 Struktur</relationshipDefRef>
<relatedObject>
<businessObjectRef>
<objectType>CATProduct</objectType>
<objectName>34610.0.200</objectName>
<objectRevision>003</objectRevision>
<vaultRef>Catia</vaultRef>
</businessObjectRef>
</relatedObject>
</relationship>
<relationship>
<relationshipDefRef>V5 Struktur</relationshipDefRef>
<relatedObject>
<businessObjectRef>
<objectType>CATProduct</objectType>
<objectName>34610.0.200</objectName>
<objectRevision>005</objectRevision>
<vaultRef>Catia</vaultRef>
</businessObjectRef>
</relatedObject>
</relationship>
<relationship>
<relationshipDefRef>V5 Struktur</relationshipDefRef>
<relatedObject>
<businessObjectRef>
<objectType>CATProduct</objectType>
<objectName>34610.0.200</objectName>
<objectRevision>006</objectRevision>
<vaultRef>Catia</vaultRef>
</businessObjectRef>
</relatedObject>
</relationship>
<relationship>
<relationshipDefRef>CATPart</relationshipDefRef>
<relatedObject>
<businessObjectRef>
<objectType>Catia V5</objectType>
<objectName>34610.0.250</objectName>
<objectRevision>005</objectRevision>
<vaultRef>Catia</vaultRef>
</businessObjectRef>
</relatedObject>
</relationship>
<relationship>
<relationshipDefRef>V5 Struktur</relationshipDefRef>
<relatedObject>
<businessObjectRef>
<objectType>CATProduct</objectType>
<objectName>34610.0.200</objectName>
<objectRevision>007</objectRevision>
<vaultRef>Catia</vaultRef>
</businessObjectRef>
</relatedObject>
</relationship>
<relationship>
<relationshipDefRef>V5 Struktur</relationshipDefRef>
<relatedObject>
<businessObjectRef>
<objectType>CATProduct</objectType>
<objectName>34610.0.200</objectName>
<objectRevision>008</objectRevision>
<vaultRef>Catia</vaultRef>
</businessObjectRef>
</relatedObject>
</relationship>
<relationship>
<relationshipDefRef>V5 Struktur</relationshipDefRef>
<relatedObject>
<businessObjectRef>
<objectType>CATProduct</objectType>
<objectName>34610.0.200</objectName>
<objectRevision>009</objectRevision>
<vaultRef>Catia</vaultRef>
</businessObjectRef>
</relatedObject>
</relationship>
<relationship>
<relationshipDefRef>V5 Struktur</relationshipDefRef>
<relatedObject>
<businessObjectRef>
<objectType>CATProduct</objectType>
<objectName>34610.0.200</objectName>
<objectRevision>010</objectRevision>
<vaultRef>Catia</vaultRef>
</businessObjectRef>
</relatedObject>
</relationship>
<relationship>
<relationshipDefRef>V5 Struktur</relationshipDefRef>
<relatedObject>
<businessObjectRef>
<objectType>CATProduct</objectType>
<objectName>34610.0.200</objectName>
<objectRevision>011</objectRevision>
<vaultRef>Catia</vaultRef>
</businessObjectRef>
</relatedObject>
</relationship>
</toRelationshipList>
<hadFiles/>
<storeType>captured</storeType>
<folderList count="1">
<folder>
<formatRef>Catia V5 Format</formatRef>
<fileList count="1">
<file>
<storeFilename>ftp://matrix@172.16.18.46//stores0803/Catia_V5/13afdd6d.2e4</storeFilename>
<storeFileAlias>13afdd6d.2e4</storeFileAlias>
<diskFilename>/P/mod/prodentw/tpkkonn/Porsche/Serie Aktuelle Daten/9X1 Bug oben/20100621-9X1_ Daten ins PDMU/991.505.521.00_SCHWEISSNAEHTE-TM25.CATPart@walde113</diskFilename>
<mode>438</mode>
<uid>0</uid>
<gid>0</gid>
<size>3547161</size>
<storeRef>Catia V5 Daten</storeRef>
</file>
</fileList>
</folder>
</folderList>
</businessObject>
</ematrix>
