<?xml version="1.0" encoding="UTF-8" ?>
<!-- (c)MatrixOne, Inc., 2000 -->
<!DOCTYPE ematrix SYSTEM "ematrixml.dtd">
<ematrix>
<creationProperties>
<release>10.6.3.0-Global</release>
<datetime>2024-05-31T13:37:11Z</datetime>
<event>export</event>
<dtdInfo>&ematrixProductDtd;</dtdInfo>
</creationProperties>
<businessObject id="27212.3559.18328.22811">
<objectType>CATPart</objectType>
<objectName>34610.0.010 MIT KABELVERLEGUNG</objectName>
<objectRevision>009</objectRevision>
<vaultRef>Catia</vaultRef>
<policyRef>Spezielles Versandprodukt - Catia V5</policyRef>
<owner>
<userRef>tpkkonn</userRef>
</owner>
<creationInfo>
<datetime>2010-05-21T13:48:08Z</datetime>
</creationInfo>
<modificationInfo>
<datetime>2010-05-21T14:08:27Z</datetime>
</modificationInfo>

<attributeList count="1">
<attribute>
<name>Beschreibung Status-Änderung</name>
<string></string>
</attribute>
</attributeList>
<stateList count="2">
<state>
<name>In Bearbeitung</name>
<stateStatus>enabled</stateStatus>
<actualInfo>
<datetime>2010-05-21T13:48:08Z</datetime>
</actualInfo>
<versionable/>
<stateDuration>
0</stateDuration>
<signatureList count="1">
<signature>
<name>Erzeugt dokumentierten Stand</name>
</signature>
</signatureList>
</state>
<state>
<name>Dokumentierter Stand</name>
<current/>
<stateStatus>enabled</stateStatus>
<actualInfo>
<datetime>2010-05-21T13:51:00Z</datetime>
</actualInfo>
<revisionable/>
<endDate>
<datetime>2024-05-31T13:37:11Z</datetime>
</endDate>
<stateDuration>
0</stateDuration>
</state>
</stateList>
<historyList count="6">
<history>
<datetime>2010-05-21T13:48:08Z</datetime>
<agent>tpkkonn</agent>
<event>create</event>
<stateName>In Bearbeitung</stateName>
</history>
<history>
<datetime>2010-05-21T13:48:08Z</datetime>
<agent>tpkkonn</agent>
<event>connect</event>
<stateName>In Bearbeitung</stateName>
<relationshipName>CATPart</relationshipName>
<fromObject>
<businessObjectRef>
<objectType>Catia V5</objectType>
<objectName>34610.0.010 MIT KABELVERLEGUNG</objectName>
<objectRevision>009</objectRevision>
</businessObjectRef>
</fromObject>
</history>
<history>
<datetime>2010-05-21T13:49:07Z</datetime>
<agent>tpkkonn</agent>
<event>checkin</event>
<stateName>In Bearbeitung</stateName>
<formatRef>Catia V5 Format</formatRef>
<fileName>991.505.777.00_EINLEGTEIL MIT KABELVERLEGUNG_21.05.10.CATPart</fileName>
</history>
<history>
<datetime>2010-05-21T13:51:00Z</datetime>
<agent>tpkkonn</agent>
<event>promote</event>
<stateName>Dokumentierter Stand</stateName>
</history>
<history>
<datetime>2010-05-21T14:03:25Z</datetime>
<agent>Datenaustausch</agent>
<event>connect</event>
<stateName>Dokumentierter Stand</stateName>
<relationshipName>Versanddokument</relationshipName>
<fromObject>
<businessObjectRef>
<objectType>Versandauftrag</objectType>
<objectName>10-00338</objectName>
</businessObjectRef>
</fromObject>
</history>
<history>
<datetime>2010-05-21T14:08:27Z</datetime>
<agent>Datenaustausch</agent>
<event>checkout</event>
<stateName>Dokumentierter Stand</stateName>
<formatRef>Catia V5 Format</formatRef>
<fileName>991.505.777.00_EINLEGTEIL MIT KABELVERLEGUNG_21.05.10.CATPart</fileName>
</history>
</historyList>
<toRelationshipList count="2">
<relationship>
<relationshipDefRef>CATPart</relationshipDefRef>
<relatedObject>
<businessObjectRef>
<objectType>Catia V5</objectType>
<objectName>34610.0.010 MIT KABELVERLEGUNG</objectName>
<objectRevision>009</objectRevision>
<vaultRef>Catia</vaultRef>
</businessObjectRef>
</relatedObject>
</relationship>
<relationship>
<relationshipDefRef>Versanddokument</relationshipDefRef>
<relatedObject>
<businessObjectRef>
<objectType>Versandauftrag</objectType>
<objectName>10-00338</objectName>
<objectRevision></objectRevision>
<vaultRef>Catia</vaultRef>
</businessObjectRef>
</relatedObject>
<attributeList count="5">
<attribute>
<name>Versand-Status</name>
<string>ERLEDIGT</string>
</attribute>
<attribute>
<name>Postcheck</name>
<string>NEIN</string>
</attribute>
<attribute>
<name>Neuer Modellname</name>
<string></string>
</attribute>
<attribute>
<name>Dateiname</name>
<string>a0033801.vda</string>
</attribute>
<attribute>
<name>Dokumentname</name>
<string>991.505.777.00_EINLEGTEIL MIT KABELVERLEGUNG_21.05.10.CATPart</string>
</attribute>
</attributeList>
</relationship>
</toRelationshipList>
<hadFiles/>
<storeType>captured</storeType>
<folderList count="1">
<folder>
<formatRef>Catia V5 Format</formatRef>
<fileList count="1">
<file>
<storeFilename>ftp://matrix@172.16.18.46//stores0803/Catia_V5/e7e6e329.a16</storeFilename>
<storeFileAlias>e7e6e329.a16</storeFileAlias>
<diskFilename>/P/mod/prodentw/tpkkonn/Porsche/Serie Aktuelle Daten/9X1 Bug oben/20100521-9X1 - Schaum ohne VTS/991.505.777.00_EINLEGTEIL MIT KABELVERLEGUNG_21.05.10.CATPart@walde113</diskFilename>
<mode>438</mode>
<uid>0</uid>
<gid>0</gid>
<size>10846935</size>
<storeRef>Catia V5 Daten</storeRef>
</file>
</fileList>
</folder>
</folderList>
</businessObject>
</ematrix>
