<?xml version="1.0" encoding="UTF-8" ?>
<!-- (c)MatrixOne, Inc., 2000 -->
<!DOCTYPE ematrix SYSTEM "ematrixml.dtd">
<ematrix>
<creationProperties>
<release>10.6.3.0-Global</release>
<datetime>2024-05-31T13:37:07Z</datetime>
<event>export</event>
<dtdInfo>&ematrixProductDtd;</dtdInfo>
</creationProperties>
<businessObject id="27212.3559.3309.34909">
<objectType>CATProduct</objectType>
<objectName>34610.0.000</objectName>
<objectRevision>006</objectRevision>
<vaultRef>Catia</vaultRef>
<policyRef>Produkt - Catia V5</policyRef>
<owner>
<userRef>tpkkonn</userRef>
</owner>
<creationInfo>
<datetime>2010-01-15T07:29:15Z</datetime>
</creationInfo>
<modificationInfo>
<datetime>2011-05-05T14:13:05Z</datetime>
</modificationInfo>

<attributeList count="1">
<attribute>
<name>Beschreibung Status-Änderung</name>
<string></string>
</attribute>
</attributeList>
<stateList count="8">
<state>
<name>In Bearbeitung</name>
<stateStatus>enabled</stateStatus>
<actualInfo>
<datetime>2010-01-15T07:29:15Z</datetime>
</actualInfo>
<versionable/>
<stateDuration>
0</stateDuration>
<signatureList count="4">
<signature>
<name>Konstrukteur erzeugt dokumentierten Stand</name>
</signature>
<signature>
<name>Konstrukteur gibt in Prüfung zur Beschaffung</name>
<signed>
<userRef>tpkkonn</userRef>
<signatureType>approved</signatureType>
<valid/>
</signed>
</signature>
<signature>
<name>Konstrukteur setzt in Prüfung zur bedingten Freigabe</name>
</signature>
<signature>
<name>Prüfer setzt ungültig</name>
</signature>
</signatureList>
</state>
<state>
<name>Dokumentierter Stand</name>
<stateStatus>enabled</stateStatus>
<revisionable/>
<versionable/>
<stateDuration>
0</stateDuration>
<signatureList count="3">
<signature>
<name>Konstrukteur gibt Zwischenstand in Prüfung zur Beschaffung</name>
</signature>
<signature>
<name>Konstrukteur gibt Zwischenstand in Prüfung zur bedingten Freigabe</name>
</signature>
<signature>
<name>Prüfer setzt ungültig</name>
</signature>
</signatureList>
</state>
<state>
<name>Prüfung zur bedingten Freigabe</name>
<stateStatus>enabled</stateStatus>
<versionable/>
<stateDuration>
0</stateDuration>
<signatureList count="2">
<signature>
<name>Prüfer gibt bedingt frei</name>
</signature>
<signature>
<name>Prüfer setzt ungültig</name>
</signature>
</signatureList>
</state>
<state>
<name>Bedingte Freigabe zur/für ...</name>
<stateStatus>enabled</stateStatus>
<revisionable/>
<versionable/>
<stateDuration>
0</stateDuration>
<signatureList count="2">
<signature>
<name>Prüfer setzt ungültig</name>
</signature>
<signature>
<name>Vorgängerrevision in bedingter Freigabe wird ungültig</name>
</signature>
</signatureList>
</state>
<state>
<name>Prüfung zur Beschaffung</name>
<stateStatus>enabled</stateStatus>
<actualInfo>
<datetime>2010-03-23T12:28:33Z</datetime>
</actualInfo>
<versionable/>
<stateDuration>
0</stateDuration>
<signatureList count="2">
<signature>
<name>Prüfer gibt frei zur Beschaffung</name>
<signed>
<userRef>BauerD</userRef>
<signatureType>approved</signatureType>
<valid/>
</signed>
</signature>
<signature>
<name>Prüfer setzt ungültig</name>
</signature>
</signatureList>
</state>
<state>
<name>Freigabe zur Beschaffung</name>
<stateStatus>enabled</stateStatus>
<actualInfo>
<datetime>2010-03-23T13:16:54Z</datetime>
</actualInfo>
<revisionable/>
<versionable/>
<stateDuration>
0</stateDuration>
<signatureList count="2">
<signature>
<name>Prüfer setzt ungültig</name>
</signature>
<signature>
<name>Vorgängerrevision in Beschaffung wird ungültig</name>
<signed>
<userRef>BauerD</userRef>
<signatureType>approved</signatureType>
<valid/>
</signed>
</signature>
</signatureList>
</state>
<state>
<name>Nicht mehr gültig</name>
<stateStatus>enabled</stateStatus>
<versionable/>
<stateDuration>
0</stateDuration>
<signatureList count="1">
<signature>
<name>Prüfer setzt ungültig</name>
</signature>
</signatureList>
</state>
<state>
<name>Ungültig</name>
<current/>
<stateStatus>enabled</stateStatus>
<actualInfo>
<datetime>2010-08-05T12:03:56Z</datetime>
</actualInfo>
<revisionable/>
<versionable/>
<endDate>
<datetime>2024-05-31T13:37:07Z</datetime>
</endDate>
<stateDuration>
0</stateDuration>
</state>
</stateList>
<revisions>
<total>14</total>
<previousRevision>
<businessObjectRef>
<objectType>CATProduct</objectType>
<objectName>34610.0.000</objectName>
<objectRevision>005</objectRevision>
<vaultRef>Catia</vaultRef>
</businessObjectRef>
</previousRevision>
<nextRevision>
<businessObjectRef>
<objectType>CATProduct</objectType>
<objectName>34610.0.000</objectName>
<objectRevision>007</objectRevision>
<vaultRef>Catia</vaultRef>
</businessObjectRef>
</nextRevision>
</revisions>
<historyList count="15">
<history>
<datetime>2010-01-15T07:29:15Z</datetime>
<agent>tpkkonn</agent>
<event>create</event>
<stateName>In Bearbeitung</stateName>
<previousRevision>
<businessObjectRef>
<objectType>CATProduct</objectType>
<objectName>34610.0.000</objectName>
<objectRevision>005</objectRevision>
</businessObjectRef>
</previousRevision>
</history>
<history>
<datetime>2010-01-15T07:29:15Z</datetime>
<agent>tpkkonn</agent>
<event>connect</event>
<stateName>In Bearbeitung</stateName>
<relationshipName>CATProduct</relationshipName>
<fromObject>
<businessObjectRef>
<objectType>Catia V5</objectType>
<objectName>34610.0.000</objectName>
<objectRevision>006</objectRevision>
</businessObjectRef>
</fromObject>
</history>
<history>
<datetime>2010-01-26T16:16:26Z</datetime>
<agent>tpkkonn</agent>
<event>disconnect</event>
<stateName>In Bearbeitung</stateName>
<relationshipName>V5 Struktur</relationshipName>
<toObject>
<businessObjectRef>
<objectType>CATProduct</objectType>
<objectName>34610.0.200</objectName>
<objectRevision>004</objectRevision>
</businessObjectRef>
</toObject>
</history>
<history>
<datetime>2010-03-17T13:26:00Z</datetime>
<agent>tpkkonn</agent>
<event>disconnect</event>
<stateName>In Bearbeitung</stateName>
<relationshipName>V5 Struktur</relationshipName>
<toObject>
<businessObjectRef>
<objectType>CATProduct</objectType>
<objectName>34610.0.201</objectName>
<objectRevision>004</objectRevision>
</businessObjectRef>
</toObject>
</history>
<history>
<datetime>2010-03-23T12:24:24Z</datetime>
<agent>tpkkonn</agent>
<event>checkin</event>
<stateName>In Bearbeitung</stateName>
<formatRef>Catia V5 Format</formatRef>
<fileName>991.505.121.00.CATProduct</fileName>
<replaces>991.505.121.00.CATProduct </replaces>
</history>
<history>
<datetime>2010-03-23T12:28:33Z</datetime>
<agent>tpkkonn</agent>
<event>approve</event>
<stateName>In Bearbeitung</stateName>
<signatureName>Konstrukteur gibt in Prüfung zur Beschaffung</signatureName>
</history>
<history>
<datetime>2010-03-23T12:28:33Z</datetime>
<agent>tpkkonn</agent>
<event>promote</event>
<stateName>Prüfung zur Beschaffung</stateName>
</history>
<history>
<datetime>2010-03-23T13:16:54Z</datetime>
<agent>BauerD</agent>
<event>promote</event>
<stateName>Freigabe zur Beschaffung</stateName>
</history>
<history>
<datetime>2010-03-23T13:16:54Z</datetime>
<agent>BauerD</agent>
<event>approve</event>
<stateName>Prüfung zur Beschaffung</stateName>
<signatureName>Prüfer gibt frei zur Beschaffung</signatureName>
</history>
<history>
<datetime>2010-04-08T06:38:39Z</datetime>
<agent>tpkkonn</agent>
<event>revision</event>
<stateName>Freigabe zur Beschaffung</stateName>
<previousRevision>
<businessObjectRef>
<objectType>CATProduct</objectType>
<objectName>34610.0.000</objectName>
<objectRevision>007</objectRevision>
</businessObjectRef>
</previousRevision>
</history>
<history>
<datetime>2010-04-08T06:38:42Z</datetime>
<agent>tpkkonn</agent>
<event>disconnect</event>
<stateName>Freigabe zur Beschaffung</stateName>
<relationshipName>V5 Struktur</relationshipName>
<fromObject>
<businessObjectRef>
<objectType>CATProduct</objectType>
<objectName>34610.0.700</objectName>
<objectRevision>005</objectRevision>
</businessObjectRef>
</fromObject>
</history>
<history>
<datetime>2010-08-05T12:03:56Z</datetime>
<agent>BauerD</agent>
<event>approve</event>
<stateName>Freigabe zur Beschaffung</stateName>
<signatureName>Vorgängerrevision in Beschaffung wird ungültig</signatureName>
</history>
<history>
<datetime>2010-08-05T12:03:56Z</datetime>
<agent>BauerD</agent>
<event>promote</event>
<stateName>Ungültig</stateName>
</history>
<history>
<datetime>2011-02-28T12:58:04Z</datetime>
<agent>tpkkonn</agent>
<event>disconnect</event>
<stateName>Ungültig</stateName>
<relationshipName>V5 Struktur</relationshipName>
<toObject>
<businessObjectRef>
<objectType>CATProduct</objectType>
<objectName>34610.0.201</objectName>
<objectRevision>008</objectRevision>
</businessObjectRef>
</toObject>
</history>
<history>
<datetime>2011-05-05T14:13:05Z</datetime>
<agent>tpkkonn</agent>
<event>disconnect</event>
<stateName>Ungültig</stateName>
<relationshipName>V5 Struktur</relationshipName>
<toObject>
<businessObjectRef>
<objectType>CATProduct</objectType>
<objectName>34610.0.200</objectName>
<objectRevision>007</objectRevision>
</businessObjectRef>
</toObject>
</history>
</historyList>
<fromRelationshipList count="5">
<relationship>
<relationshipDefRef>V5 Struktur</relationshipDefRef>
<relatedObject>
<businessObjectRef>
<objectType>CATProduct</objectType>
<objectName>34610.0.200</objectName>
<objectRevision>005</objectRevision>
<vaultRef>Catia</vaultRef>
</businessObjectRef>
</relatedObject>
</relationship>
<relationship>
<relationshipDefRef>V5 Struktur</relationshipDefRef>
<relatedObject>
<businessObjectRef>
<objectType>CATProduct</objectType>
<objectName>34610.0.201</objectName>
<objectRevision>005</objectRevision>
<vaultRef>Catia</vaultRef>
</businessObjectRef>
</relatedObject>
</relationship>
<relationship>
<relationshipDefRef>V5 Struktur</relationshipDefRef>
<relatedObject>
<businessObjectRef>
<objectType>CATProduct</objectType>
<objectName>34610.0.201</objectName>
<objectRevision>006</objectRevision>
<vaultRef>Catia</vaultRef>
</businessObjectRef>
</relatedObject>
</relationship>
<relationship>
<relationshipDefRef>V5 Struktur</relationshipDefRef>
<relatedObject>
<businessObjectRef>
<objectType>CATProduct</objectType>
<objectName>34610.0.200</objectName>
<objectRevision>006</objectRevision>
<vaultRef>Catia</vaultRef>
</businessObjectRef>
</relatedObject>
</relationship>
<relationship>
<relationshipDefRef>V5 Struktur</relationshipDefRef>
<relatedObject>
<businessObjectRef>
<objectType>CATProduct</objectType>
<objectName>34610.0.201</objectName>
<objectRevision>007</objectRevision>
<vaultRef>Catia</vaultRef>
</businessObjectRef>
</relatedObject>
</relationship>
</fromRelationshipList>
<toRelationshipList count="4">
<relationship>
<relationshipDefRef>V5 Struktur</relationshipDefRef>
<relatedObject>
<businessObjectRef>
<objectType>CATProduct</objectType>
<objectName>34610.0.700</objectName>
<objectRevision>003</objectRevision>
<vaultRef>Catia</vaultRef>
</businessObjectRef>
</relatedObject>
</relationship>
<relationship>
<relationshipDefRef>V5 Struktur</relationshipDefRef>
<relatedObject>
<businessObjectRef>
<objectType>CATProduct</objectType>
<objectName>34610.0.700</objectName>
<objectRevision>004</objectRevision>
<vaultRef>Catia</vaultRef>
</businessObjectRef>
</relatedObject>
</relationship>
<relationship>
<relationshipDefRef>CATProduct</relationshipDefRef>
<relatedObject>
<businessObjectRef>
<objectType>Catia V5</objectType>
<objectName>34610.0.000</objectName>
<objectRevision>006</objectRevision>
<vaultRef>Catia</vaultRef>
</businessObjectRef>
</relatedObject>
</relationship>
<relationship>
<relationshipDefRef>V5 Struktur</relationshipDefRef>
<relatedObject>
<businessObjectRef>
<objectType>CATProduct</objectType>
<objectName>34610.0.700</objectName>
<objectRevision>002</objectRevision>
<vaultRef>Catia</vaultRef>
</businessObjectRef>
</relatedObject>
</relationship>
</toRelationshipList>
<hadFiles/>
<storeType>captured</storeType>
<folderList count="1">
<folder>
<formatRef>Catia V5 Format</formatRef>
<fileList count="1">
<file>
<storeFilename>ftp://matrix@172.16.18.46//stores0803/Catia_V5/7efd662c.553</storeFilename>
<storeFileAlias>7efd662c.553</storeFileAlias>
<diskFilename>/P/mod/prodentw/tpkkonn/Porsche/Serie Aktuelle Daten/9X1 Bug oben/20100301-9X1 -Daten ins PDMU/991.505.121.00.CATProduct@walde113</diskFilename>
<mode>438</mode>
<uid>0</uid>
<gid>0</gid>
<size>79609</size>
<storeRef>Catia V5 Daten</storeRef>
</file>
</fileList>
</folder>
</folderList>
</businessObject>
</ematrix>
