<?xml version="1.0" encoding="UTF-8" ?>
<!-- (c)MatrixOne, Inc., 2000 -->
<!DOCTYPE ematrix SYSTEM "ematrixml.dtd">
<ematrix>
<creationProperties>
<release>10.6.3.0-Global</release>
<datetime>2024-05-31T13:37:10Z</datetime>
<event>export</event>
<dtdInfo>&ematrixProductDtd;</dtdInfo>
</creationProperties>
<businessObject id="27212.3559.10243.32784">
<objectType>CATPart</objectType>
<objectName>34610.0.007</objectName>
<objectRevision>004</objectRevision>
<vaultRef>Catia</vaultRef>
<policyRef>Produkt - Catia V5</policyRef>
<owner>
<userRef>tpkkonn</userRef>
</owner>
<creationInfo>
<datetime>2010-03-16T09:30:13Z</datetime>
</creationInfo>
<modificationInfo>
<datetime>2014-07-01T07:10:52Z</datetime>
</modificationInfo>

<attributeList count="1">
<attribute>
<name>Beschreibung Status-Änderung</name>
<string></string>
</attribute>
</attributeList>
<stateList count="8">
<state>
<name>In Bearbeitung</name>
<stateStatus>enabled</stateStatus>
<actualInfo>
<datetime>2010-03-16T09:30:13Z</datetime>
</actualInfo>
<versionable/>
<stateDuration>
0</stateDuration>
<signatureList count="4">
<signature>
<name>Konstrukteur erzeugt dokumentierten Stand</name>
</signature>
<signature>
<name>Konstrukteur gibt in Prüfung zur Beschaffung</name>
<signed>
<userRef>tpkkonn</userRef>
<signatureType>approved</signatureType>
<valid/>
</signed>
</signature>
<signature>
<name>Konstrukteur setzt in Prüfung zur bedingten Freigabe</name>
</signature>
<signature>
<name>Prüfer setzt ungültig</name>
</signature>
</signatureList>
</state>
<state>
<name>Dokumentierter Stand</name>
<stateStatus>enabled</stateStatus>
<revisionable/>
<versionable/>
<stateDuration>
0</stateDuration>
<signatureList count="3">
<signature>
<name>Konstrukteur gibt Zwischenstand in Prüfung zur Beschaffung</name>
</signature>
<signature>
<name>Konstrukteur gibt Zwischenstand in Prüfung zur bedingten Freigabe</name>
</signature>
<signature>
<name>Prüfer setzt ungültig</name>
</signature>
</signatureList>
</state>
<state>
<name>Prüfung zur bedingten Freigabe</name>
<stateStatus>enabled</stateStatus>
<versionable/>
<stateDuration>
0</stateDuration>
<signatureList count="2">
<signature>
<name>Prüfer gibt bedingt frei</name>
</signature>
<signature>
<name>Prüfer setzt ungültig</name>
</signature>
</signatureList>
</state>
<state>
<name>Bedingte Freigabe zur/für ...</name>
<stateStatus>enabled</stateStatus>
<revisionable/>
<versionable/>
<stateDuration>
0</stateDuration>
<signatureList count="2">
<signature>
<name>Prüfer setzt ungültig</name>
</signature>
<signature>
<name>Vorgängerrevision in bedingter Freigabe wird ungültig</name>
</signature>
</signatureList>
</state>
<state>
<name>Prüfung zur Beschaffung</name>
<stateStatus>enabled</stateStatus>
<actualInfo>
<datetime>2010-03-17T12:04:53Z</datetime>
</actualInfo>
<versionable/>
<stateDuration>
0</stateDuration>
<signatureList count="2">
<signature>
<name>Prüfer gibt frei zur Beschaffung</name>
<signed>
<userRef>BauerD</userRef>
<signatureType>approved</signatureType>
<valid/>
</signed>
</signature>
<signature>
<name>Prüfer setzt ungültig</name>
</signature>
</signatureList>
</state>
<state>
<name>Freigabe zur Beschaffung</name>
<stateStatus>enabled</stateStatus>
<actualInfo>
<datetime>2010-03-17T12:51:07Z</datetime>
</actualInfo>
<revisionable/>
<versionable/>
<stateDuration>
0</stateDuration>
<signatureList count="2">
<signature>
<name>Prüfer setzt ungültig</name>
</signature>
<signature>
<name>Vorgängerrevision in Beschaffung wird ungültig</name>
<signed>
<userRef>PappertF</userRef>
<signatureType>approved</signatureType>
<valid/>
</signed>
</signature>
</signatureList>
</state>
<state>
<name>Nicht mehr gültig</name>
<stateStatus>enabled</stateStatus>
<versionable/>
<stateDuration>
0</stateDuration>
<signatureList count="1">
<signature>
<name>Prüfer setzt ungültig</name>
</signature>
</signatureList>
</state>
<state>
<name>Ungültig</name>
<current/>
<stateStatus>enabled</stateStatus>
<actualInfo>
<datetime>2014-07-01T07:10:52Z</datetime>
</actualInfo>
<revisionable/>
<versionable/>
<endDate>
<datetime>2024-05-31T13:37:10Z</datetime>
</endDate>
<stateDuration>
0</stateDuration>
</state>
</stateList>
<revisions>
<total>5</total>
<previousRevision>
<businessObjectRef>
<objectType>CATPart</objectType>
<objectName>34610.0.007</objectName>
<objectRevision>003</objectRevision>
<vaultRef>Catia</vaultRef>
</businessObjectRef>
</previousRevision>
<nextRevision>
<businessObjectRef>
<objectType>CATPart</objectType>
<objectName>34610.0.007</objectName>
<objectRevision>005</objectRevision>
<vaultRef>Catia</vaultRef>
</businessObjectRef>
</nextRevision>
</revisions>
<historyList count="102">
<history>
<datetime>2010-03-16T09:30:13Z</datetime>
<agent>tpkkonn</agent>
<event>create</event>
<stateName>In Bearbeitung</stateName>
<previousRevision>
<businessObjectRef>
<objectType>CATPart</objectType>
<objectName>34610.0.007</objectName>
<objectRevision>003</objectRevision>
</businessObjectRef>
</previousRevision>
</history>
<history>
<datetime>2010-03-16T09:30:13Z</datetime>
<agent>tpkkonn</agent>
<event>connect</event>
<stateName>In Bearbeitung</stateName>
<relationshipName>CATPart</relationshipName>
<fromObject>
<businessObjectRef>
<objectType>Catia V5</objectType>
<objectName>34610.0.007</objectName>
<objectRevision>004</objectRevision>
</businessObjectRef>
</fromObject>
</history>
<history>
<datetime>2010-03-17T12:02:15Z</datetime>
<agent>tpkkonn</agent>
<event>checkin</event>
<stateName>In Bearbeitung</stateName>
<formatRef>Catia V5 Format</formatRef>
<fileName>991.505.521.00_MONTAGEPLATTE_OB_LI-TM07.CATPart</fileName>
<replaces>991.505.521.00_MONTAGEPLATTE_OB_LI-TM07.CATPart </replaces>
</history>
<history>
<datetime>2010-03-17T12:04:53Z</datetime>
<agent>tpkkonn</agent>
<event>approve</event>
<stateName>In Bearbeitung</stateName>
<signatureName>Konstrukteur gibt in Prüfung zur Beschaffung</signatureName>
</history>
<history>
<datetime>2010-03-17T12:04:53Z</datetime>
<agent>tpkkonn</agent>
<event>promote</event>
<stateName>Prüfung zur Beschaffung</stateName>
</history>
<history>
<datetime>2010-03-17T12:20:37Z</datetime>
<agent>tpkkonn</agent>
<event>checkout</event>
<stateName>Prüfung zur Beschaffung</stateName>
<formatRef>Catia V5 Format</formatRef>
<fileName>991.505.521.00_MONTAGEPLATTE_OB_LI-TM07.CATPart</fileName>
</history>
<history>
<datetime>2010-03-17T12:22:37Z</datetime>
<agent>tpkkonn</agent>
<event>checkout</event>
<stateName>Prüfung zur Beschaffung</stateName>
<formatRef>Catia V5 Format</formatRef>
<fileName>991.505.521.00_MONTAGEPLATTE_OB_LI-TM07.CATPart</fileName>
</history>
<history>
<datetime>2010-03-17T12:51:07Z</datetime>
<agent>BauerD</agent>
<event>approve</event>
<stateName>Prüfung zur Beschaffung</stateName>
<signatureName>Prüfer gibt frei zur Beschaffung</signatureName>
</history>
<history>
<datetime>2010-03-17T12:51:07Z</datetime>
<agent>BauerD</agent>
<event>promote</event>
<stateName>Freigabe zur Beschaffung</stateName>
</history>
<history>
<datetime>2010-03-23T10:49:51Z</datetime>
<agent>Datenaustausch</agent>
<event>connect</event>
<stateName>Freigabe zur Beschaffung</stateName>
<relationshipName>Versanddokument</relationshipName>
<fromObject>
<businessObjectRef>
<objectType>Versandauftrag</objectType>
<objectName>10-00212</objectName>
</businessObjectRef>
</fromObject>
</history>
<history>
<datetime>2010-03-23T10:50:47Z</datetime>
<agent>Datenaustausch</agent>
<event>checkout</event>
<stateName>Freigabe zur Beschaffung</stateName>
<formatRef>Catia V5 Format</formatRef>
<fileName>991.505.521.00_MONTAGEPLATTE_OB_LI-TM07.CATPart</fileName>
</history>
<history>
<datetime>2010-07-08T09:29:45Z</datetime>
<agent>tpkkonn</agent>
<event>checkout</event>
<stateName>Freigabe zur Beschaffung</stateName>
<formatRef>Catia V5 Format</formatRef>
<fileName>991.505.521.00_MONTAGEPLATTE_OB_LI-TM07.CATPart</fileName>
</history>
<history>
<datetime>2010-08-05T06:05:49Z</datetime>
<agent>tpkkonn</agent>
<event>checkout</event>
<stateName>Freigabe zur Beschaffung</stateName>
<formatRef>Catia V5 Format</formatRef>
<fileName>991.505.521.00_MONTAGEPLATTE_OB_LI-TM07.CATPart</fileName>
</history>
<history>
<datetime>2010-11-02T12:53:52Z</datetime>
<agent>tpkkonn</agent>
<event>connect</event>
<stateName>Freigabe zur Beschaffung</stateName>
<relationshipName>V5 Struktur</relationshipName>
<fromObject>
<businessObjectRef>
<objectType>CATProduct</objectType>
<objectName>32010863.KON1.BE.200</objectName>
<objectRevision>001</objectRevision>
</businessObjectRef>
</fromObject>
</history>
<history>
<datetime>2010-11-02T13:13:51Z</datetime>
<agent>tpkkonn</agent>
<event>checkout</event>
<stateName>Freigabe zur Beschaffung</stateName>
<formatRef>Catia V5 Format</formatRef>
<fileName>991.505.521.00_MONTAGEPLATTE_OB_LI-TM07.CATPart</fileName>
</history>
<history>
<datetime>2010-11-05T12:39:30Z</datetime>
<agent>tpkkonn</agent>
<event>connect</event>
<stateName>Freigabe zur Beschaffung</stateName>
<relationshipName>V5 Struktur</relationshipName>
<fromObject>
<businessObjectRef>
<objectType>CATProduct</objectType>
<objectName>32010863.BST1.BE.200</objectName>
<objectRevision>001</objectRevision>
</businessObjectRef>
</fromObject>
</history>
<history>
<datetime>2010-11-05T12:48:32Z</datetime>
<agent>tpkkonn</agent>
<event>checkout</event>
<stateName>Freigabe zur Beschaffung</stateName>
<formatRef>Catia V5 Format</formatRef>
<fileName>991.505.521.00_MONTAGEPLATTE_OB_LI-TM07.CATPart</fileName>
</history>
<history>
<datetime>2010-11-10T10:36:33Z</datetime>
<agent>tqmburg</agent>
<event>checkout</event>
<stateName>Freigabe zur Beschaffung</stateName>
<formatRef>Catia V5 Format</formatRef>
<fileName>991.505.521.00_MONTAGEPLATTE_OB_LI-TM07.CATPart</fileName>
</history>
<history>
<datetime>2011-01-31T07:25:29Z</datetime>
<agent>tbejoer</agent>
<event>checkout</event>
<stateName>Freigabe zur Beschaffung</stateName>
<formatRef>Catia V5 Format</formatRef>
<fileName>991.505.521.00_MONTAGEPLATTE_OB_LI-TM07.CATPart</fileName>
</history>
<history>
<datetime>2011-01-31T07:48:58Z</datetime>
<agent>tbejoer</agent>
<event>checkout</event>
<stateName>Freigabe zur Beschaffung</stateName>
<formatRef>Catia V5 Format</formatRef>
<fileName>991.505.521.00_MONTAGEPLATTE_OB_LI-TM07.CATPart</fileName>
</history>
<history>
<datetime>2011-01-31T08:06:53Z</datetime>
<agent>tbejoer</agent>
<event>checkout</event>
<stateName>Freigabe zur Beschaffung</stateName>
<formatRef>Catia V5 Format</formatRef>
<fileName>991.505.521.00_MONTAGEPLATTE_OB_LI-TM07.CATPart</fileName>
</history>
<history>
<datetime>2011-02-11T13:13:58Z</datetime>
<agent>tpkkonn</agent>
<event>checkout</event>
<stateName>Freigabe zur Beschaffung</stateName>
<formatRef>Catia V5 Format</formatRef>
<fileName>991.505.521.00_MONTAGEPLATTE_OB_LI-TM07.CATPart</fileName>
</history>
<history>
<datetime>2011-02-11T13:35:34Z</datetime>
<agent>tpkkonn</agent>
<event>checkout</event>
<stateName>Freigabe zur Beschaffung</stateName>
<formatRef>Catia V5 Format</formatRef>
<fileName>991.505.521.00_MONTAGEPLATTE_OB_LI-TM07.CATPart</fileName>
</history>
<history>
<datetime>2011-03-16T09:59:15Z</datetime>
<agent>tpkkonn</agent>
<event>checkout</event>
<stateName>Freigabe zur Beschaffung</stateName>
<formatRef>Catia V5 Format</formatRef>
<fileName>991.505.521.00_MONTAGEPLATTE_OB_LI-TM07.CATPart</fileName>
</history>
<history>
<datetime>2011-03-25T07:07:13Z</datetime>
<agent>tbejoer</agent>
<event>checkout</event>
<stateName>Freigabe zur Beschaffung</stateName>
<formatRef>Catia V5 Format</formatRef>
<fileName>991.505.521.00_MONTAGEPLATTE_OB_LI-TM07.CATPart</fileName>
</history>
<history>
<datetime>2011-05-06T06:34:08Z</datetime>
<agent>tpkkonn</agent>
<event>checkout</event>
<stateName>Freigabe zur Beschaffung</stateName>
<formatRef>Catia V5 Format</formatRef>
<fileName>991.505.521.00_MONTAGEPLATTE_OB_LI-TM07.CATPart</fileName>
</history>
<history>
<datetime>2011-07-04T13:58:22Z</datetime>
<agent>tpkkonn</agent>
<event>connect</event>
<stateName>Freigabe zur Beschaffung</stateName>
<relationshipName>V5 Struktur</relationshipName>
<fromObject>
<businessObjectRef>
<objectType>CATProduct</objectType>
<objectName>34810.0.200</objectName>
<objectRevision>001</objectRevision>
</businessObjectRef>
</fromObject>
</history>
<history>
<datetime>2011-07-04T14:08:14Z</datetime>
<agent>tpkkonn</agent>
<event>connect</event>
<stateName>Freigabe zur Beschaffung</stateName>
<relationshipName>V5 Struktur</relationshipName>
<fromObject>
<businessObjectRef>
<objectType>CATProduct</objectType>
<objectName>34820.0.200</objectName>
<objectRevision>001</objectRevision>
</businessObjectRef>
</fromObject>
</history>
<history>
<datetime>2011-07-27T05:55:51Z</datetime>
<agent>tpkproe</agent>
<event>connect</event>
<stateName>Freigabe zur Beschaffung</stateName>
<relationshipName>V5 Struktur</relationshipName>
<fromObject>
<businessObjectRef>
<objectType>CATProduct</objectType>
<objectName>34890.0.200</objectName>
<objectRevision>001</objectRevision>
</businessObjectRef>
</fromObject>
</history>
<history>
<datetime>2011-07-27T06:00:55Z</datetime>
<agent>tpkproe</agent>
<event>checkout</event>
<stateName>Freigabe zur Beschaffung</stateName>
<formatRef>Catia V5 Format</formatRef>
<fileName>991.505.521.00_MONTAGEPLATTE_OB_LI-TM07.CATPart</fileName>
</history>
<history>
<datetime>2012-04-18T09:59:27Z</datetime>
<agent>tpkbrin</agent>
<event>checkout</event>
<stateName>Freigabe zur Beschaffung</stateName>
<formatRef>Catia V5 Format</formatRef>
<fileName>991.505.521.00_MONTAGEPLATTE_OB_LI-TM07.CATPart</fileName>
</history>
<history>
<datetime>2012-04-18T09:59:31Z</datetime>
<agent>tpkbrin</agent>
<event>checkout</event>
<stateName>Freigabe zur Beschaffung</stateName>
<formatRef>Catia V5 Format</formatRef>
<fileName>991.505.521.00_MONTAGEPLATTE_OB_LI-TM07.CATPart</fileName>
</history>
<history>
<datetime>2012-04-25T11:22:32Z</datetime>
<agent>tqmmahr</agent>
<event>checkout</event>
<stateName>Freigabe zur Beschaffung</stateName>
<formatRef>Catia V5 Format</formatRef>
<fileName>991.505.521.00_MONTAGEPLATTE_OB_LI-TM07.CATPart</fileName>
</history>
<history>
<datetime>2012-04-25T11:31:23Z</datetime>
<agent>tqmmahr</agent>
<event>checkout</event>
<stateName>Freigabe zur Beschaffung</stateName>
<formatRef>Catia V5 Format</formatRef>
<fileName>991.505.521.00_MONTAGEPLATTE_OB_LI-TM07.CATPart</fileName>
</history>
<history>
<datetime>2012-06-20T07:16:35Z</datetime>
<agent>tpkbrin</agent>
<event>checkout</event>
<stateName>Freigabe zur Beschaffung</stateName>
<formatRef>Catia V5 Format</formatRef>
<fileName>991.505.521.00_MONTAGEPLATTE_OB_LI-TM07.CATPart</fileName>
</history>
<history>
<datetime>2012-11-29T10:56:35Z</datetime>
<agent>tpknovr</agent>
<event>checkout</event>
<stateName>Freigabe zur Beschaffung</stateName>
<formatRef>Catia V5 Format</formatRef>
<fileName>991.505.521.00_MONTAGEPLATTE_OB_LI-TM07.CATPart</fileName>
</history>
<history>
<datetime>2013-05-21T13:35:54Z</datetime>
<agent>tpkbrin</agent>
<event>checkout</event>
<stateName>Freigabe zur Beschaffung</stateName>
<formatRef>Catia V5 Format</formatRef>
<fileName>991.505.521.00_MONTAGEPLATTE_OB_LI-TM07.CATPart</fileName>
</history>
<history>
<datetime>2013-05-21T13:35:55Z</datetime>
<agent>tpkbrin</agent>
<event>checkout</event>
<stateName>Freigabe zur Beschaffung</stateName>
<formatRef>Catia V5 Format</formatRef>
<fileName>991.505.521.00_MONTAGEPLATTE_OB_LI-TM07.CATPart</fileName>
</history>
<history>
<datetime>2013-07-09T12:13:01Z</datetime>
<agent>tpkproe</agent>
<event>checkout</event>
<stateName>Freigabe zur Beschaffung</stateName>
<formatRef>Catia V5 Format</formatRef>
<fileName>991.505.521.00_MONTAGEPLATTE_OB_LI-TM07.CATPart</fileName>
</history>
<history>
<datetime>2013-07-10T10:59:18Z</datetime>
<agent>tpkproe</agent>
<event>checkout</event>
<stateName>Freigabe zur Beschaffung</stateName>
<formatRef>Catia V5 Format</formatRef>
<fileName>991.505.521.00_MONTAGEPLATTE_OB_LI-TM07.CATPart</fileName>
</history>
<history>
<datetime>2013-08-01T07:20:17Z</datetime>
<agent>tpkproe</agent>
<event>checkout</event>
<stateName>Freigabe zur Beschaffung</stateName>
<formatRef>Catia V5 Format</formatRef>
<fileName>991.505.521.00_MONTAGEPLATTE_OB_LI-TM07.CATPart</fileName>
</history>
<history>
<datetime>2013-09-11T11:55:21Z</datetime>
<agent>tpkbrin</agent>
<event>checkout</event>
<stateName>Freigabe zur Beschaffung</stateName>
<formatRef>Catia V5 Format</formatRef>
<fileName>991.505.521.00_MONTAGEPLATTE_OB_LI-TM07.CATPart</fileName>
</history>
<history>
<datetime>2013-09-11T11:55:25Z</datetime>
<agent>tpkbrin</agent>
<event>checkout</event>
<stateName>Freigabe zur Beschaffung</stateName>
<formatRef>Catia V5 Format</formatRef>
<fileName>991.505.521.00_MONTAGEPLATTE_OB_LI-TM07.CATPart</fileName>
</history>
<history>
<datetime>2013-09-11T11:58:36Z</datetime>
<agent>tpkbrin</agent>
<event>checkout</event>
<stateName>Freigabe zur Beschaffung</stateName>
<formatRef>Catia V5 Format</formatRef>
<fileName>991.505.521.00_MONTAGEPLATTE_OB_LI-TM07.CATPart</fileName>
</history>
<history>
<datetime>2013-09-11T11:58:39Z</datetime>
<agent>tpkbrin</agent>
<event>checkout</event>
<stateName>Freigabe zur Beschaffung</stateName>
<formatRef>Catia V5 Format</formatRef>
<fileName>991.505.521.00_MONTAGEPLATTE_OB_LI-TM07.CATPart</fileName>
</history>
<history>
<datetime>2013-09-11T13:21:42Z</datetime>
<agent>tpkproe</agent>
<event>checkout</event>
<stateName>Freigabe zur Beschaffung</stateName>
<formatRef>Catia V5 Format</formatRef>
<fileName>991.505.521.00_MONTAGEPLATTE_OB_LI-TM07.CATPart</fileName>
</history>
<history>
<datetime>2013-09-11T13:21:45Z</datetime>
<agent>tpkproe</agent>
<event>checkout</event>
<stateName>Freigabe zur Beschaffung</stateName>
<formatRef>Catia V5 Format</formatRef>
<fileName>991.505.521.00_MONTAGEPLATTE_OB_LI-TM07.CATPart</fileName>
</history>
<history>
<datetime>2013-10-01T09:58:53Z</datetime>
<agent>tpkproe</agent>
<event>checkout</event>
<stateName>Freigabe zur Beschaffung</stateName>
<formatRef>Catia V5 Format</formatRef>
<fileName>991.505.521.00_MONTAGEPLATTE_OB_LI-TM07.CATPart</fileName>
</history>
<history>
<datetime>2013-10-01T10:55:04Z</datetime>
<agent>tpkproe</agent>
<event>checkout</event>
<stateName>Freigabe zur Beschaffung</stateName>
<formatRef>Catia V5 Format</formatRef>
<fileName>991.505.521.00_MONTAGEPLATTE_OB_LI-TM07.CATPart</fileName>
</history>
<history>
<datetime>2013-10-01T11:23:32Z</datetime>
<agent>tpkproe</agent>
<event>checkout</event>
<stateName>Freigabe zur Beschaffung</stateName>
<formatRef>Catia V5 Format</formatRef>
<fileName>991.505.521.00_MONTAGEPLATTE_OB_LI-TM07.CATPart</fileName>
</history>
<history>
<datetime>2013-10-09T12:03:44Z</datetime>
<agent>tpkproe</agent>
<event>checkout</event>
<stateName>Freigabe zur Beschaffung</stateName>
<formatRef>Catia V5 Format</formatRef>
<fileName>991.505.521.00_MONTAGEPLATTE_OB_LI-TM07.CATPart</fileName>
</history>
<history>
<datetime>2013-10-09T12:06:29Z</datetime>
<agent>tpkproe</agent>
<event>checkout</event>
<stateName>Freigabe zur Beschaffung</stateName>
<formatRef>Catia V5 Format</formatRef>
<fileName>991.505.521.00_MONTAGEPLATTE_OB_LI-TM07.CATPart</fileName>
</history>
<history>
<datetime>2013-10-09T12:07:42Z</datetime>
<agent>tpkproe</agent>
<event>checkout</event>
<stateName>Freigabe zur Beschaffung</stateName>
<formatRef>Catia V5 Format</formatRef>
<fileName>991.505.521.00_MONTAGEPLATTE_OB_LI-TM07.CATPart</fileName>
</history>
<history>
<datetime>2013-10-09T12:08:29Z</datetime>
<agent>tpkproe</agent>
<event>checkout</event>
<stateName>Freigabe zur Beschaffung</stateName>
<formatRef>Catia V5 Format</formatRef>
<fileName>991.505.521.00_MONTAGEPLATTE_OB_LI-TM07.CATPart</fileName>
</history>
<history>
<datetime>2013-10-09T12:09:05Z</datetime>
<agent>tpkproe</agent>
<event>checkout</event>
<stateName>Freigabe zur Beschaffung</stateName>
<formatRef>Catia V5 Format</formatRef>
<fileName>991.505.521.00_MONTAGEPLATTE_OB_LI-TM07.CATPart</fileName>
</history>
<history>
<datetime>2013-11-13T14:57:09Z</datetime>
<agent>tpkproe</agent>
<event>checkout</event>
<stateName>Freigabe zur Beschaffung</stateName>
<formatRef>Catia V5 Format</formatRef>
<fileName>991.505.521.00_MONTAGEPLATTE_OB_LI-TM07.CATPart</fileName>
</history>
<history>
<datetime>2013-11-13T14:57:19Z</datetime>
<agent>tpkproe</agent>
<event>checkout</event>
<stateName>Freigabe zur Beschaffung</stateName>
<formatRef>Catia V5 Format</formatRef>
<fileName>991.505.521.00_MONTAGEPLATTE_OB_LI-TM07.CATPart</fileName>
</history>
<history>
<datetime>2013-12-19T12:32:22Z</datetime>
<agent>tpkproe</agent>
<event>checkout</event>
<stateName>Freigabe zur Beschaffung</stateName>
<formatRef>Catia V5 Format</formatRef>
<fileName>991.505.521.00_MONTAGEPLATTE_OB_LI-TM07.CATPart</fileName>
</history>
<history>
<datetime>2013-12-19T12:32:50Z</datetime>
<agent>tpkproe</agent>
<event>checkout</event>
<stateName>Freigabe zur Beschaffung</stateName>
<formatRef>Catia V5 Format</formatRef>
<fileName>991.505.521.00_MONTAGEPLATTE_OB_LI-TM07.CATPart</fileName>
</history>
<history>
<datetime>2014-01-10T09:15:28Z</datetime>
<agent>tpklang</agent>
<event>checkout</event>
<stateName>Freigabe zur Beschaffung</stateName>
<formatRef>Catia V5 Format</formatRef>
<fileName>991.505.521.00_MONTAGEPLATTE_OB_LI-TM07.CATPart</fileName>
</history>
<history>
<datetime>2014-01-10T09:29:14Z</datetime>
<agent>tpklang</agent>
<event>checkout</event>
<stateName>Freigabe zur Beschaffung</stateName>
<formatRef>Catia V5 Format</formatRef>
<fileName>991.505.521.00_MONTAGEPLATTE_OB_LI-TM07.CATPart</fileName>
</history>
<history>
<datetime>2014-01-10T09:29:24Z</datetime>
<agent>tpklang</agent>
<event>checkout</event>
<stateName>Freigabe zur Beschaffung</stateName>
<formatRef>Catia V5 Format</formatRef>
<fileName>991.505.521.00_MONTAGEPLATTE_OB_LI-TM07.CATPart</fileName>
</history>
<history>
<datetime>2014-01-10T09:31:59Z</datetime>
<agent>tpklang</agent>
<event>checkout</event>
<stateName>Freigabe zur Beschaffung</stateName>
<formatRef>Catia V5 Format</formatRef>
<fileName>991.505.521.00_MONTAGEPLATTE_OB_LI-TM07.CATPart</fileName>
</history>
<history>
<datetime>2014-01-10T09:32:09Z</datetime>
<agent>tpklang</agent>
<event>checkout</event>
<stateName>Freigabe zur Beschaffung</stateName>
<formatRef>Catia V5 Format</formatRef>
<fileName>991.505.521.00_MONTAGEPLATTE_OB_LI-TM07.CATPart</fileName>
</history>
<history>
<datetime>2014-01-22T12:17:41Z</datetime>
<agent>tpkproe</agent>
<event>checkout</event>
<stateName>Freigabe zur Beschaffung</stateName>
<formatRef>Catia V5 Format</formatRef>
<fileName>991.505.521.00_MONTAGEPLATTE_OB_LI-TM07.CATPart</fileName>
</history>
<history>
<datetime>2014-01-22T12:17:49Z</datetime>
<agent>tpkproe</agent>
<event>checkout</event>
<stateName>Freigabe zur Beschaffung</stateName>
<formatRef>Catia V5 Format</formatRef>
<fileName>991.505.521.00_MONTAGEPLATTE_OB_LI-TM07.CATPart</fileName>
</history>
<history>
<datetime>2014-01-22T12:53:50Z</datetime>
<agent>tpkproe</agent>
<event>checkout</event>
<stateName>Freigabe zur Beschaffung</stateName>
<formatRef>Catia V5 Format</formatRef>
<fileName>991.505.521.00_MONTAGEPLATTE_OB_LI-TM07.CATPart</fileName>
</history>
<history>
<datetime>2014-01-22T12:53:54Z</datetime>
<agent>tpkproe</agent>
<event>checkout</event>
<stateName>Freigabe zur Beschaffung</stateName>
<formatRef>Catia V5 Format</formatRef>
<fileName>991.505.521.00_MONTAGEPLATTE_OB_LI-TM07.CATPart</fileName>
</history>
<history>
<datetime>2014-01-27T12:45:40Z</datetime>
<agent>tpklang</agent>
<event>checkout</event>
<stateName>Freigabe zur Beschaffung</stateName>
<formatRef>Catia V5 Format</formatRef>
<fileName>991.505.521.00_MONTAGEPLATTE_OB_LI-TM07.CATPart</fileName>
</history>
<history>
<datetime>2014-01-27T12:45:44Z</datetime>
<agent>tpklang</agent>
<event>checkout</event>
<stateName>Freigabe zur Beschaffung</stateName>
<formatRef>Catia V5 Format</formatRef>
<fileName>991.505.521.00_MONTAGEPLATTE_OB_LI-TM07.CATPart</fileName>
</history>
<history>
<datetime>2014-02-17T10:05:13Z</datetime>
<agent>tpkproe</agent>
<event>checkout</event>
<stateName>Freigabe zur Beschaffung</stateName>
<formatRef>Catia V5 Format</formatRef>
<fileName>991.505.521.00_MONTAGEPLATTE_OB_LI-TM07.CATPart</fileName>
</history>
<history>
<datetime>2014-02-17T12:07:56Z</datetime>
<agent>tpklang</agent>
<event>checkout</event>
<stateName>Freigabe zur Beschaffung</stateName>
<formatRef>Catia V5 Format</formatRef>
<fileName>991.505.521.00_MONTAGEPLATTE_OB_LI-TM07.CATPart</fileName>
</history>
<history>
<datetime>2014-02-18T14:28:24Z</datetime>
<agent>tpkproe</agent>
<event>checkout</event>
<stateName>Freigabe zur Beschaffung</stateName>
<formatRef>Catia V5 Format</formatRef>
<fileName>991.505.521.00_MONTAGEPLATTE_OB_LI-TM07.CATPart</fileName>
</history>
<history>
<datetime>2014-02-19T07:02:24Z</datetime>
<agent>tbkstei</agent>
<event>checkout</event>
<stateName>Freigabe zur Beschaffung</stateName>
<formatRef>Catia V5 Format</formatRef>
<fileName>991.505.521.00_MONTAGEPLATTE_OB_LI-TM07.CATPart</fileName>
</history>
<history>
<datetime>2014-02-19T07:13:11Z</datetime>
<agent>tbkstei</agent>
<event>checkout</event>
<stateName>Freigabe zur Beschaffung</stateName>
<formatRef>Catia V5 Format</formatRef>
<fileName>991.505.521.00_MONTAGEPLATTE_OB_LI-TM07.CATPart</fileName>
</history>
<history>
<datetime>2014-03-12T13:25:18Z</datetime>
<agent>tpkproe</agent>
<event>checkout</event>
<stateName>Freigabe zur Beschaffung</stateName>
<formatRef>Catia V5 Format</formatRef>
<fileName>991.505.521.00_MONTAGEPLATTE_OB_LI-TM07.CATPart</fileName>
</history>
<history>
<datetime>2014-03-12T13:26:21Z</datetime>
<agent>tpkproe</agent>
<event>checkout</event>
<stateName>Freigabe zur Beschaffung</stateName>
<formatRef>Catia V5 Format</formatRef>
<fileName>991.505.521.00_MONTAGEPLATTE_OB_LI-TM07.CATPart</fileName>
</history>
<history>
<datetime>2014-03-12T13:34:31Z</datetime>
<agent>tpkfech</agent>
<event>checkout</event>
<stateName>Freigabe zur Beschaffung</stateName>
<formatRef>Catia V5 Format</formatRef>
<fileName>991.505.521.00_MONTAGEPLATTE_OB_LI-TM07.CATPart</fileName>
</history>
<history>
<datetime>2014-03-15T11:48:42Z</datetime>
<agent>tbejoer</agent>
<event>checkout</event>
<stateName>Freigabe zur Beschaffung</stateName>
<formatRef>Catia V5 Format</formatRef>
<fileName>991.505.521.00_MONTAGEPLATTE_OB_LI-TM07.CATPart</fileName>
</history>
<history>
<datetime>2014-04-09T06:02:18Z</datetime>
<agent>tpkproe</agent>
<event>checkout</event>
<stateName>Freigabe zur Beschaffung</stateName>
<formatRef>Catia V5 Format</formatRef>
<fileName>991.505.521.00_MONTAGEPLATTE_OB_LI-TM07.CATPart</fileName>
</history>
<history>
<datetime>2014-04-09T06:08:37Z</datetime>
<agent>tpkproe</agent>
<event>checkout</event>
<stateName>Freigabe zur Beschaffung</stateName>
<formatRef>Catia V5 Format</formatRef>
<fileName>991.505.521.00_MONTAGEPLATTE_OB_LI-TM07.CATPart</fileName>
</history>
<history>
<datetime>2014-04-15T11:16:28Z</datetime>
<agent>tpkproe</agent>
<event>checkout</event>
<stateName>Freigabe zur Beschaffung</stateName>
<formatRef>Catia V5 Format</formatRef>
<fileName>991.505.521.00_MONTAGEPLATTE_OB_LI-TM07.CATPart</fileName>
</history>
<history>
<datetime>2014-05-19T12:19:12Z</datetime>
<agent>tpkproe</agent>
<event>checkout</event>
<stateName>Freigabe zur Beschaffung</stateName>
<formatRef>Catia V5 Format</formatRef>
<fileName>991.505.521.00_MONTAGEPLATTE_OB_LI-TM07.CATPart</fileName>
</history>
<history>
<datetime>2014-05-21T12:17:28Z</datetime>
<agent>tpkproe</agent>
<event>checkout</event>
<stateName>Freigabe zur Beschaffung</stateName>
<formatRef>Catia V5 Format</formatRef>
<fileName>991.505.521.00_MONTAGEPLATTE_OB_LI-TM07.CATPart</fileName>
</history>
<history>
<datetime>2014-06-11T12:41:27Z</datetime>
<agent>tpkproe</agent>
<event>checkout</event>
<stateName>Freigabe zur Beschaffung</stateName>
<formatRef>Catia V5 Format</formatRef>
<fileName>991.505.521.00_MONTAGEPLATTE_OB_LI-TM07.CATPart</fileName>
</history>
<history>
<datetime>2014-06-11T13:20:08Z</datetime>
<agent>tpkproe</agent>
<event>checkout</event>
<stateName>Freigabe zur Beschaffung</stateName>
<formatRef>Catia V5 Format</formatRef>
<fileName>991.505.521.00_MONTAGEPLATTE_OB_LI-TM07.CATPart</fileName>
</history>
<history>
<datetime>2014-06-16T07:28:47Z</datetime>
<agent>tpkbrin</agent>
<event>checkout</event>
<stateName>Freigabe zur Beschaffung</stateName>
<formatRef>Catia V5 Format</formatRef>
<fileName>991.505.521.00_MONTAGEPLATTE_OB_LI-TM07.CATPart</fileName>
</history>
<history>
<datetime>2014-06-16T07:35:46Z</datetime>
<agent>tpkbrin</agent>
<event>checkout</event>
<stateName>Freigabe zur Beschaffung</stateName>
<formatRef>Catia V5 Format</formatRef>
<fileName>991.505.521.00_MONTAGEPLATTE_OB_LI-TM07.CATPart</fileName>
</history>
<history>
<datetime>2014-06-16T07:36:10Z</datetime>
<agent>tpkbrin</agent>
<event>checkout</event>
<stateName>Freigabe zur Beschaffung</stateName>
<formatRef>Catia V5 Format</formatRef>
<fileName>991.505.521.00_MONTAGEPLATTE_OB_LI-TM07.CATPart</fileName>
</history>
<history>
<datetime>2014-06-17T05:50:59Z</datetime>
<agent>tpkbrin</agent>
<event>checkout</event>
<stateName>Freigabe zur Beschaffung</stateName>
<formatRef>Catia V5 Format</formatRef>
<fileName>991.505.521.00_MONTAGEPLATTE_OB_LI-TM07.CATPart</fileName>
</history>
<history>
<datetime>2014-06-17T05:51:39Z</datetime>
<agent>tpkbrin</agent>
<event>checkout</event>
<stateName>Freigabe zur Beschaffung</stateName>
<formatRef>Catia V5 Format</formatRef>
<fileName>991.505.521.00_MONTAGEPLATTE_OB_LI-TM07.CATPart</fileName>
</history>
<history>
<datetime>2014-06-30T08:08:19Z</datetime>
<agent>tpkproe</agent>
<event>connect</event>
<stateName>Freigabe zur Beschaffung</stateName>
<relationshipName>V5 Struktur</relationshipName>
<fromObject>
<businessObjectRef>
<objectType>CATProduct</objectType>
<objectName>35150.0.200</objectName>
<objectRevision>001</objectRevision>
</businessObjectRef>
</fromObject>
</history>
<history>
<datetime>2014-06-30T08:47:22Z</datetime>
<agent>tpkproe</agent>
<event>disconnect</event>
<stateName>Freigabe zur Beschaffung</stateName>
<relationshipName>V5 Struktur</relationshipName>
<fromObject>
<businessObjectRef>
<objectType>CATProduct</objectType>
<objectName>34820.0.200</objectName>
<objectRevision>004</objectRevision>
</businessObjectRef>
</fromObject>
</history>
<history>
<datetime>2014-06-30T08:47:22Z</datetime>
<agent>tpkproe</agent>
<event>disconnect</event>
<stateName>Freigabe zur Beschaffung</stateName>
<relationshipName>V5 Struktur</relationshipName>
<fromObject>
<businessObjectRef>
<objectType>CATProduct</objectType>
<objectName>34810.0.200</objectName>
<objectRevision>005</objectRevision>
</businessObjectRef>
</fromObject>
</history>
<history>
<datetime>2014-06-30T08:47:22Z</datetime>
<agent>tpkproe</agent>
<event>disconnect</event>
<stateName>Freigabe zur Beschaffung</stateName>
<relationshipName>V5 Struktur</relationshipName>
<fromObject>
<businessObjectRef>
<objectType>CATProduct</objectType>
<objectName>35150.0.200</objectName>
<objectRevision>001</objectRevision>
</businessObjectRef>
</fromObject>
</history>
<history>
<datetime>2014-06-30T08:47:22Z</datetime>
<agent>tpkproe</agent>
<event>revision</event>
<stateName>Freigabe zur Beschaffung</stateName>
<previousRevision>
<businessObjectRef>
<objectType>CATPart</objectType>
<objectName>34610.0.007</objectName>
<objectRevision>005</objectRevision>
</businessObjectRef>
</previousRevision>
</history>
<history>
<datetime>2014-06-30T08:47:23Z</datetime>
<agent>tpkproe</agent>
<event>disconnect</event>
<stateName>Freigabe zur Beschaffung</stateName>
<relationshipName>V5 Struktur</relationshipName>
<fromObject>
<businessObjectRef>
<objectType>CATProduct</objectType>
<objectName>34890.0.200</objectName>
<objectRevision>005</objectRevision>
</businessObjectRef>
</fromObject>
</history>
<history>
<datetime>2014-06-30T08:47:26Z</datetime>
<agent>tpkproe</agent>
<event>disconnect</event>
<stateName>Freigabe zur Beschaffung</stateName>
<relationshipName>V5 Struktur</relationshipName>
<fromObject>
<businessObjectRef>
<objectType>CATProduct</objectType>
<objectName>34610.0.200</objectName>
<objectRevision>011</objectRevision>
</businessObjectRef>
</fromObject>
</history>
<history>
<datetime>2014-06-30T08:47:27Z</datetime>
<agent>tpkproe</agent>
<event>disconnect</event>
<stateName>Freigabe zur Beschaffung</stateName>
<relationshipName>V5 Struktur</relationshipName>
<fromObject>
<businessObjectRef>
<objectType>CATProduct</objectType>
<objectName>32010863.KON1.BE.200</objectName>
<objectRevision>001</objectRevision>
</businessObjectRef>
</fromObject>
</history>
<history>
<datetime>2014-06-30T08:47:27Z</datetime>
<agent>tpkproe</agent>
<event>disconnect</event>
<stateName>Freigabe zur Beschaffung</stateName>
<relationshipName>V5 Struktur</relationshipName>
<fromObject>
<businessObjectRef>
<objectType>CATProduct</objectType>
<objectName>32010863.BST1.BE.200</objectName>
<objectRevision>004</objectRevision>
</businessObjectRef>
</fromObject>
</history>
<history>
<datetime>2014-07-01T07:10:52Z</datetime>
<agent>PappertF</agent>
<event>approve</event>
<stateName>Freigabe zur Beschaffung</stateName>
<signatureName>Vorgängerrevision in Beschaffung wird ungültig</signatureName>
</history>
<history>
<datetime>2014-07-01T07:10:52Z</datetime>
<agent>PappertF</agent>
<event>promote</event>
<stateName>Ungültig</stateName>
</history>
</historyList>
<toRelationshipList count="25">
<relationship>
<relationshipDefRef>V5 Struktur</relationshipDefRef>
<relatedObject>
<businessObjectRef>
<objectType>CATProduct</objectType>
<objectName>34610.0.200</objectName>
<objectRevision>002</objectRevision>
<vaultRef>Catia</vaultRef>
</businessObjectRef>
</relatedObject>
</relationship>
<relationship>
<relationshipDefRef>V5 Struktur</relationshipDefRef>
<relatedObject>
<businessObjectRef>
<objectType>CATProduct</objectType>
<objectName>34610.0.200</objectName>
<objectRevision>004</objectRevision>
<vaultRef>Catia</vaultRef>
</businessObjectRef>
</relatedObject>
</relationship>
<relationship>
<relationshipDefRef>V5 Struktur</relationshipDefRef>
<relatedObject>
<businessObjectRef>
<objectType>CATProduct</objectType>
<objectName>34610.0.200</objectName>
<objectRevision>005</objectRevision>
<vaultRef>Catia</vaultRef>
</businessObjectRef>
</relatedObject>
</relationship>
<relationship>
<relationshipDefRef>CATPart</relationshipDefRef>
<relatedObject>
<businessObjectRef>
<objectType>Catia V5</objectType>
<objectName>34610.0.007</objectName>
<objectRevision>004</objectRevision>
<vaultRef>Catia</vaultRef>
</businessObjectRef>
</relatedObject>
</relationship>
<relationship>
<relationshipDefRef>V5 Struktur</relationshipDefRef>
<relatedObject>
<businessObjectRef>
<objectType>CATProduct</objectType>
<objectName>34610.0.200</objectName>
<objectRevision>001</objectRevision>
<vaultRef>Catia</vaultRef>
</businessObjectRef>
</relatedObject>
</relationship>
<relationship>
<relationshipDefRef>Versanddokument</relationshipDefRef>
<relatedObject>
<businessObjectRef>
<objectType>Versandauftrag</objectType>
<objectName>10-00212</objectName>
<objectRevision></objectRevision>
<vaultRef>Catia</vaultRef>
</businessObjectRef>
</relatedObject>
<attributeList count="5">
<attribute>
<name>Versand-Status</name>
<string>ERLEDIGT</string>
</attribute>
<attribute>
<name>Postcheck</name>
<string>NEIN</string>
</attribute>
<attribute>
<name>Neuer Modellname</name>
<string></string>
</attribute>
<attribute>
<name>Dateiname</name>
<string>a0021202.vda</string>
</attribute>
<attribute>
<name>Dokumentname</name>
<string>991.505.521.00_MONTAGEPLATTE_OB_LI-TM07.CATPart</string>
</attribute>
</attributeList>
</relationship>
<relationship>
<relationshipDefRef>V5 Struktur</relationshipDefRef>
<relatedObject>
<businessObjectRef>
<objectType>CATProduct</objectType>
<objectName>34610.0.200</objectName>
<objectRevision>006</objectRevision>
<vaultRef>Catia</vaultRef>
</businessObjectRef>
</relatedObject>
</relationship>
<relationship>
<relationshipDefRef>V5 Struktur</relationshipDefRef>
<relatedObject>
<businessObjectRef>
<objectType>CATProduct</objectType>
<objectName>32010863.BST1.BE.200</objectName>
<objectRevision>001</objectRevision>
<vaultRef>Catia</vaultRef>
</businessObjectRef>
</relatedObject>
</relationship>
<relationship>
<relationshipDefRef>V5 Struktur</relationshipDefRef>
<relatedObject>
<businessObjectRef>
<objectType>CATProduct</objectType>
<objectName>32010863.BST1.BE.200</objectName>
<objectRevision>002</objectRevision>
<vaultRef>Catia</vaultRef>
</businessObjectRef>
</relatedObject>
</relationship>
<relationship>
<relationshipDefRef>V5 Struktur</relationshipDefRef>
<relatedObject>
<businessObjectRef>
<objectType>CATProduct</objectType>
<objectName>34610.0.200</objectName>
<objectRevision>007</objectRevision>
<vaultRef>Catia</vaultRef>
</businessObjectRef>
</relatedObject>
</relationship>
<relationship>
<relationshipDefRef>V5 Struktur</relationshipDefRef>
<relatedObject>
<businessObjectRef>
<objectType>CATProduct</objectType>
<objectName>32010863.BST1.BE.200</objectName>
<objectRevision>003</objectRevision>
<vaultRef>Catia</vaultRef>
</businessObjectRef>
</relatedObject>
</relationship>
<relationship>
<relationshipDefRef>V5 Struktur</relationshipDefRef>
<relatedObject>
<businessObjectRef>
<objectType>CATProduct</objectType>
<objectName>34810.0.200</objectName>
<objectRevision>001</objectRevision>
<vaultRef>Catia</vaultRef>
</businessObjectRef>
</relatedObject>
</relationship>
<relationship>
<relationshipDefRef>V5 Struktur</relationshipDefRef>
<relatedObject>
<businessObjectRef>
<objectType>CATProduct</objectType>
<objectName>34820.0.200</objectName>
<objectRevision>001</objectRevision>
<vaultRef>Catia</vaultRef>
</businessObjectRef>
</relatedObject>
</relationship>
<relationship>
<relationshipDefRef>V5 Struktur</relationshipDefRef>
<relatedObject>
<businessObjectRef>
<objectType>CATProduct</objectType>
<objectName>34890.0.200</objectName>
<objectRevision>001</objectRevision>
<vaultRef>Catia</vaultRef>
</businessObjectRef>
</relatedObject>
</relationship>
<relationship>
<relationshipDefRef>V5 Struktur</relationshipDefRef>
<relatedObject>
<businessObjectRef>
<objectType>CATProduct</objectType>
<objectName>34610.0.200</objectName>
<objectRevision>008</objectRevision>
<vaultRef>Catia</vaultRef>
</businessObjectRef>
</relatedObject>
</relationship>
<relationship>
<relationshipDefRef>V5 Struktur</relationshipDefRef>
<relatedObject>
<businessObjectRef>
<objectType>CATProduct</objectType>
<objectName>34820.0.200</objectName>
<objectRevision>002</objectRevision>
<vaultRef>Catia</vaultRef>
</businessObjectRef>
</relatedObject>
</relationship>
<relationship>
<relationshipDefRef>V5 Struktur</relationshipDefRef>
<relatedObject>
<businessObjectRef>
<objectType>CATProduct</objectType>
<objectName>34810.0.200</objectName>
<objectRevision>002</objectRevision>
<vaultRef>Catia</vaultRef>
</businessObjectRef>
</relatedObject>
</relationship>
<relationship>
<relationshipDefRef>V5 Struktur</relationshipDefRef>
<relatedObject>
<businessObjectRef>
<objectType>CATProduct</objectType>
<objectName>34810.0.200</objectName>
<objectRevision>003</objectRevision>
<vaultRef>Catia</vaultRef>
</businessObjectRef>
</relatedObject>
</relationship>
<relationship>
<relationshipDefRef>V5 Struktur</relationshipDefRef>
<relatedObject>
<businessObjectRef>
<objectType>CATProduct</objectType>
<objectName>34610.0.200</objectName>
<objectRevision>009</objectRevision>
<vaultRef>Catia</vaultRef>
</businessObjectRef>
</relatedObject>
</relationship>
<relationship>
<relationshipDefRef>V5 Struktur</relationshipDefRef>
<relatedObject>
<businessObjectRef>
<objectType>CATProduct</objectType>
<objectName>34890.0.200</objectName>
<objectRevision>002</objectRevision>
<vaultRef>Catia</vaultRef>
</businessObjectRef>
</relatedObject>
</relationship>
<relationship>
<relationshipDefRef>V5 Struktur</relationshipDefRef>
<relatedObject>
<businessObjectRef>
<objectType>CATProduct</objectType>
<objectName>34890.0.200</objectName>
<objectRevision>003</objectRevision>
<vaultRef>Catia</vaultRef>
</businessObjectRef>
</relatedObject>
</relationship>
<relationship>
<relationshipDefRef>V5 Struktur</relationshipDefRef>
<relatedObject>
<businessObjectRef>
<objectType>CATProduct</objectType>
<objectName>34610.0.200</objectName>
<objectRevision>010</objectRevision>
<vaultRef>Catia</vaultRef>
</businessObjectRef>
</relatedObject>
</relationship>
<relationship>
<relationshipDefRef>V5 Struktur</relationshipDefRef>
<relatedObject>
<businessObjectRef>
<objectType>CATProduct</objectType>
<objectName>34890.0.200</objectName>
<objectRevision>004</objectRevision>
<vaultRef>Catia</vaultRef>
</businessObjectRef>
</relatedObject>
</relationship>
<relationship>
<relationshipDefRef>V5 Struktur</relationshipDefRef>
<relatedObject>
<businessObjectRef>
<objectType>CATProduct</objectType>
<objectName>34820.0.200</objectName>
<objectRevision>003</objectRevision>
<vaultRef>Catia</vaultRef>
</businessObjectRef>
</relatedObject>
</relationship>
<relationship>
<relationshipDefRef>V5 Struktur</relationshipDefRef>
<relatedObject>
<businessObjectRef>
<objectType>CATProduct</objectType>
<objectName>34810.0.200</objectName>
<objectRevision>004</objectRevision>
<vaultRef>Catia</vaultRef>
</businessObjectRef>
</relatedObject>
</relationship>
</toRelationshipList>
<hadFiles/>
<storeType>captured</storeType>
<folderList count="1">
<folder>
<formatRef>Catia V5 Format</formatRef>
<fileList count="1">
<file>
<storeFilename>ftp://matrix@172.16.18.46//stores0803/Catia_V5/a617adf9.0d8</storeFilename>
<storeFileAlias>a617adf9.0d8</storeFileAlias>
<diskFilename>/P/mod/prodentw/tpkkonn/Porsche/Serie Aktuelle Daten/9X1 Bug oben/20091209-9X1 -Freigabe Stanzteile/991.505.521.00_MONTAGEPLATTE_OB_LI-TM07.CATPart@walde113</diskFilename>
<mode>438</mode>
<uid>0</uid>
<gid>0</gid>
<size>375306</size>
<storeRef>Catia V5 Daten</storeRef>
</file>
</fileList>
</folder>
</folderList>
</businessObject>
</ematrix>
