<?xml version="1.0" encoding="UTF-8" ?>
<!-- (c)MatrixOne, Inc., 2000 -->
<!DOCTYPE ematrix SYSTEM "ematrixml.dtd">
<ematrix>
<creationProperties>
<release>10.6.3.0-Global</release>
<datetime>2024-05-31T13:37:12Z</datetime>
<event>export</event>
<dtdInfo>&ematrixProductDtd;</dtdInfo>
</creationProperties>
<businessObject id="27212.3559.26066.1241">
<objectType>CATPart</objectType>
<objectName>34610.DATENTRANSFER Z-TRÄGER-BUG OBEN_20.10.09</objectName>
<objectRevision>001</objectRevision>
<vaultRef>Catia</vaultRef>
<policyRef>Spezielles Versandprodukt - Catia V5</policyRef>
<owner>
<userRef>tpkkonn</userRef>
</owner>
<creationInfo>
<datetime>2009-10-20T14:37:35Z</datetime>
</creationInfo>
<modificationInfo>
<datetime>2019-07-03T11:51:04Z</datetime>
</modificationInfo>

<attributeList count="1">
<attribute>
<name>Beschreibung Status-Änderung</name>
<string></string>
</attribute>
</attributeList>
<stateList count="2">
<state>
<name>In Bearbeitung</name>
<stateStatus>enabled</stateStatus>
<actualInfo>
<datetime>2009-10-20T14:37:35Z</datetime>
</actualInfo>
<versionable/>
<stateDuration>
0</stateDuration>
<signatureList count="1">
<signature>
<name>Erzeugt dokumentierten Stand</name>
</signature>
</signatureList>
</state>
<state>
<name>Dokumentierter Stand</name>
<current/>
<stateStatus>enabled</stateStatus>
<actualInfo>
<datetime>2009-10-20T14:38:34Z</datetime>
</actualInfo>
<revisionable/>
<endDate>
<datetime>2024-05-31T13:37:12Z</datetime>
</endDate>
<stateDuration>
0</stateDuration>
</state>
</stateList>
<historyList count="7">
<history>
<datetime>2009-10-20T14:37:35Z</datetime>
<agent>tpkkonn</agent>
<event>create</event>
<stateName>In Bearbeitung</stateName>
</history>
<history>
<datetime>2009-10-20T14:37:36Z</datetime>
<agent>tpkkonn</agent>
<event>connect</event>
<stateName>In Bearbeitung</stateName>
<relationshipName>CATPart</relationshipName>
<fromObject>
<businessObjectRef>
<objectType>Catia V5</objectType>
<objectName>34610.DATENTRANSFER Z-TRÄGER-BUG OBEN_20.10.09</objectName>
<objectRevision>001</objectRevision>
</businessObjectRef>
</fromObject>
</history>
<history>
<datetime>2009-10-20T14:38:16Z</datetime>
<agent>tpkkonn</agent>
<event>checkin</event>
<stateName>In Bearbeitung</stateName>
<formatRef>Catia V5 Format</formatRef>
<fileName>991.505.121.00_Vorabstand_Serie_20.10.09.CATPart</fileName>
</history>
<history>
<datetime>2009-10-20T14:38:34Z</datetime>
<agent>tpkkonn</agent>
<event>promote</event>
<stateName>Dokumentierter Stand</stateName>
</history>
<history>
<datetime>2009-10-20T14:39:15Z</datetime>
<agent>Datenaustausch</agent>
<event>connect</event>
<stateName>Dokumentierter Stand</stateName>
<relationshipName>Versanddokument</relationshipName>
<fromObject>
<businessObjectRef>
<objectType>Versandauftrag</objectType>
<objectName>09-00406</objectName>
</businessObjectRef>
</fromObject>
</history>
<history>
<datetime>2009-10-20T14:42:55Z</datetime>
<agent>Datenaustausch</agent>
<event>checkout</event>
<stateName>Dokumentierter Stand</stateName>
<formatRef>Catia V5 Format</formatRef>
<fileName>991.505.121.00_Vorabstand_Serie_20.10.09.CATPart</fileName>
</history>
<history>
<datetime>2019-07-03T11:51:04Z</datetime>
<agent>tpkamrh</agent>
<event>checkout</event>
<stateName>Dokumentierter Stand</stateName>
<formatRef>Catia V5 Format</formatRef>
<fileName>991.505.121.00_Vorabstand_Serie_20.10.09.CATPart</fileName>
</history>
</historyList>
<toRelationshipList count="2">
<relationship>
<relationshipDefRef>CATPart</relationshipDefRef>
<relatedObject>
<businessObjectRef>
<objectType>Catia V5</objectType>
<objectName>34610.DATENTRANSFER Z-TRÄGER-BUG OBEN_20.10.09</objectName>
<objectRevision>001</objectRevision>
<vaultRef>Catia</vaultRef>
</businessObjectRef>
</relatedObject>
</relationship>
<relationship>
<relationshipDefRef>Versanddokument</relationshipDefRef>
<relatedObject>
<businessObjectRef>
<objectType>Versandauftrag</objectType>
<objectName>09-00406</objectName>
<objectRevision></objectRevision>
<vaultRef>Catia</vaultRef>
</businessObjectRef>
</relatedObject>
<attributeList count="5">
<attribute>
<name>Versand-Status</name>
<string>ERLEDIGT</string>
</attribute>
<attribute>
<name>Postcheck</name>
<string>NEIN</string>
</attribute>
<attribute>
<name>Neuer Modellname</name>
<string></string>
</attribute>
<attribute>
<name>Dateiname</name>
<string>a0040601.vda</string>
</attribute>
<attribute>
<name>Dokumentname</name>
<string>991.505.121.00_Vorabstand_Serie_20.10.09.CATPart</string>
</attribute>
</attributeList>
</relationship>
</toRelationshipList>
<hadFiles/>
<storeType>captured</storeType>
<folderList count="1">
<folder>
<formatRef>Catia V5 Format</formatRef>
<fileList count="1">
<file>
<storeFilename>ftp://matrix@172.16.18.46//stores0803/Catia_V5/b0dd3478.afc</storeFilename>
<storeFileAlias>b0dd3478.afc</storeFileAlias>
<diskFilename>/P/tpkkonn/Porsche/Serie Aktuelle Daten/9X1 Bug oben/20091020-9X1 -Serie-Vorbereitung/991.505.121.00_Vorabstand_Serie_20.10.09.CATPart@walde113</diskFilename>
<mode>438</mode>
<uid>0</uid>
<gid>0</gid>
<size>12662659</size>
<storeRef>Catia V5 Daten</storeRef>
</file>
</fileList>
</folder>
</folderList>
</businessObject>
</ematrix>
