<?xml version="1.0" encoding="UTF-8" ?>
<!-- (c)MatrixOne, Inc., 2000 -->
<!DOCTYPE ematrix SYSTEM "ematrixml.dtd">
<ematrix>
<creationProperties>
<release>10.6.3.0-Global</release>
<datetime>2024-05-31T13:37:11Z</datetime>
<event>export</event>
<dtdInfo>&ematrixProductDtd;</dtdInfo>
</creationProperties>
<businessObject id="27212.3559.16063.25909">
<objectType>CATPart</objectType>
<objectName>34610.0.007</objectName>
<objectRevision>002</objectRevision>
<vaultRef>Catia</vaultRef>
<policyRef>Produkt - Catia V5</policyRef>
<owner>
<userRef>tpkkonn</userRef>
</owner>
<creationInfo>
<datetime>2009-08-19T08:01:19Z</datetime>
</creationInfo>
<modificationInfo>
<datetime>2009-10-19T11:46:37Z</datetime>
</modificationInfo>

<attributeList count="1">
<attribute>
<name>Beschreibung Status-Änderung</name>
<string></string>
</attribute>
</attributeList>
<stateList count="8">
<state>
<name>In Bearbeitung</name>
<stateStatus>enabled</stateStatus>
<actualInfo>
<datetime>2009-08-19T08:01:19Z</datetime>
</actualInfo>
<versionable/>
<stateDuration>
0</stateDuration>
<signatureList count="4">
<signature>
<name>Konstrukteur erzeugt dokumentierten Stand</name>
<signed>
<userRef>tpkkonn</userRef>
<signatureType>approved</signatureType>
<valid/>
</signed>
</signature>
<signature>
<name>Konstrukteur gibt in Prüfung zur Beschaffung</name>
</signature>
<signature>
<name>Konstrukteur setzt in Prüfung zur bedingten Freigabe</name>
</signature>
<signature>
<name>Prüfer setzt ungültig</name>
</signature>
</signatureList>
</state>
<state>
<name>Dokumentierter Stand</name>
<current/>
<stateStatus>enabled</stateStatus>
<actualInfo>
<datetime>2009-10-08T13:16:27Z</datetime>
</actualInfo>
<revisionable/>
<versionable/>
<endDate>
<datetime>2024-05-31T13:37:11Z</datetime>
</endDate>
<stateDuration>
0</stateDuration>
<signatureList count="3">
<signature>
<name>Konstrukteur gibt Zwischenstand in Prüfung zur Beschaffung</name>
</signature>
<signature>
<name>Konstrukteur gibt Zwischenstand in Prüfung zur bedingten Freigabe</name>
</signature>
<signature>
<name>Prüfer setzt ungültig</name>
</signature>
</signatureList>
</state>
<state>
<name>Prüfung zur bedingten Freigabe</name>
<stateStatus>enabled</stateStatus>
<versionable/>
<stateDuration>
0</stateDuration>
<signatureList count="2">
<signature>
<name>Prüfer gibt bedingt frei</name>
</signature>
<signature>
<name>Prüfer setzt ungültig</name>
</signature>
</signatureList>
</state>
<state>
<name>Bedingte Freigabe zur/für ...</name>
<stateStatus>enabled</stateStatus>
<revisionable/>
<versionable/>
<stateDuration>
0</stateDuration>
<signatureList count="2">
<signature>
<name>Prüfer setzt ungültig</name>
</signature>
<signature>
<name>Vorgängerrevision in bedingter Freigabe wird ungültig</name>
</signature>
</signatureList>
</state>
<state>
<name>Prüfung zur Beschaffung</name>
<stateStatus>enabled</stateStatus>
<versionable/>
<stateDuration>
0</stateDuration>
<signatureList count="2">
<signature>
<name>Prüfer gibt frei zur Beschaffung</name>
</signature>
<signature>
<name>Prüfer setzt ungültig</name>
</signature>
</signatureList>
</state>
<state>
<name>Freigabe zur Beschaffung</name>
<stateStatus>enabled</stateStatus>
<revisionable/>
<versionable/>
<stateDuration>
0</stateDuration>
<signatureList count="2">
<signature>
<name>Prüfer setzt ungültig</name>
</signature>
<signature>
<name>Vorgängerrevision in Beschaffung wird ungültig</name>
</signature>
</signatureList>
</state>
<state>
<name>Nicht mehr gültig</name>
<stateStatus>enabled</stateStatus>
<versionable/>
<stateDuration>
0</stateDuration>
<signatureList count="1">
<signature>
<name>Prüfer setzt ungültig</name>
</signature>
</signatureList>
</state>
<state>
<name>Ungültig</name>
<stateStatus>enabled</stateStatus>
<revisionable/>
<versionable/>
<stateDuration>
0</stateDuration>
</state>
</stateList>
<revisions>
<total>5</total>
<previousRevision>
<businessObjectRef>
<objectType>CATPart</objectType>
<objectName>34610.0.007</objectName>
<objectRevision>001</objectRevision>
<vaultRef>Catia</vaultRef>
</businessObjectRef>
</previousRevision>
<nextRevision>
<businessObjectRef>
<objectType>CATPart</objectType>
<objectName>34610.0.007</objectName>
<objectRevision>003</objectRevision>
<vaultRef>Catia</vaultRef>
</businessObjectRef>
</nextRevision>
</revisions>
<historyList count="24">
<history>
<datetime>2009-08-19T08:01:19Z</datetime>
<agent>tpkfech</agent>
<event>connect</event>
<stateName>In Bearbeitung</stateName>
<relationshipName>CATPart</relationshipName>
<fromObject>
<businessObjectRef>
<objectType>Catia V5</objectType>
<objectName>34610.0.007</objectName>
<objectRevision>002</objectRevision>
</businessObjectRef>
</fromObject>
</history>
<history>
<datetime>2009-08-19T08:01:19Z</datetime>
<agent>tpkfech</agent>
<event>create</event>
<stateName>In Bearbeitung</stateName>
<previousRevision>
<businessObjectRef>
<objectType>CATPart</objectType>
<objectName>34610.0.007</objectName>
<objectRevision>001</objectRevision>
</businessObjectRef>
</previousRevision>
</history>
<history>
<datetime>2009-08-20T12:49:47Z</datetime>
<agent>tpkfech</agent>
<event>checkout</event>
<stateName>In Bearbeitung</stateName>
<formatRef>Catia V5 Format</formatRef>
<fileName>991.505.521.00_MONTAGEPLATTE_OB_LI-TM07.CATPart</fileName>
</history>
<history>
<datetime>2009-08-20T12:51:17Z</datetime>
<agent>tpkfech</agent>
<event>checkin</event>
<stateName>In Bearbeitung</stateName>
<formatRef>Catia V5 Format</formatRef>
<fileName>991.505.521.00_MONTAGEPLATTE_OB_LI-TM07.CATPart</fileName>
<replaces>991.505.521.00_MONTAGEPLATTE_OB_LI-TM07.CATPart </replaces>
</history>
<history>
<datetime>2009-09-09T11:45:50Z</datetime>
<agent>BrehmS</agent>
<event>changeOwner</event>
<stateName>In Bearbeitung</stateName>
<owner>
<userRef>BrehmS</userRef>
</owner>
<replaces>tpkfech</replaces>
</history>
<history>
<datetime>2009-09-09T11:46:28Z</datetime>
<agent>BrehmS</agent>
<event>checkout</event>
<stateName>In Bearbeitung</stateName>
<formatRef>Catia V5 Format</formatRef>
<fileName>991.505.521.00_MONTAGEPLATTE_OB_LI-TM07.CATPart</fileName>
</history>
<history>
<datetime>2009-09-09T11:46:35Z</datetime>
<agent>BrehmS</agent>
<event>checkin</event>
<stateName>In Bearbeitung</stateName>
<formatRef>Catia V5 Format</formatRef>
<fileName>991.505.521.00_MONTAGEPLATTE_OB_LI-TM07.CATPart</fileName>
<replaces>991.505.521.00_MONTAGEPLATTE_OB_LI-TM07.CATPart </replaces>
</history>
<history>
<datetime>2009-09-10T05:56:56Z</datetime>
<agent>BrehmS</agent>
<event>checkout</event>
<stateName>In Bearbeitung</stateName>
<formatRef>Catia V5 Format</formatRef>
<fileName>991.505.521.00_MONTAGEPLATTE_OB_LI-TM07.CATPart</fileName>
</history>
<history>
<datetime>2009-09-10T06:05:21Z</datetime>
<agent>BrehmS</agent>
<event>checkout</event>
<stateName>In Bearbeitung</stateName>
<formatRef>Catia V5 Format</formatRef>
<fileName>991.505.521.00_MONTAGEPLATTE_OB_LI-TM07.CATPart</fileName>
</history>
<history>
<datetime>2009-09-10T06:07:50Z</datetime>
<agent>BrehmS</agent>
<event>checkout</event>
<stateName>In Bearbeitung</stateName>
<formatRef>Catia V5 Format</formatRef>
<fileName>991.505.521.00_MONTAGEPLATTE_OB_LI-TM07.CATPart</fileName>
</history>
<history>
<datetime>2009-09-10T08:09:36Z</datetime>
<agent>BrehmS</agent>
<event>checkout</event>
<stateName>In Bearbeitung</stateName>
<formatRef>Catia V5 Format</formatRef>
<fileName>991.505.521.00_MONTAGEPLATTE_OB_LI-TM07.CATPart</fileName>
</history>
<history>
<datetime>2009-09-10T08:16:33Z</datetime>
<agent>BrehmS</agent>
<event>checkout</event>
<stateName>In Bearbeitung</stateName>
<formatRef>Catia V5 Format</formatRef>
<fileName>991.505.521.00_MONTAGEPLATTE_OB_LI-TM07.CATPart</fileName>
</history>
<history>
<datetime>2009-10-05T14:27:20Z</datetime>
<agent>tpkkonn</agent>
<event>changeOwner</event>
<stateName>In Bearbeitung</stateName>
<owner>
<userRef>tpkkonn</userRef>
</owner>
<replaces>BrehmS</replaces>
</history>
<history>
<datetime>2009-10-05T14:32:50Z</datetime>
<agent>tpkkonn</agent>
<event>checkin</event>
<stateName>In Bearbeitung</stateName>
<formatRef>Catia V5 Format</formatRef>
<fileName>991.505.521.00_MONTAGEPLATTE_OB_LI-TM07.CATPart</fileName>
<replaces>991.505.521.00_MONTAGEPLATTE_OB_LI-TM07.CATPart </replaces>
</history>
<history>
<datetime>2009-10-05T14:33:35Z</datetime>
<agent>tpkkonn</agent>
<event>checkout</event>
<stateName>In Bearbeitung</stateName>
<formatRef>Catia V5 Format</formatRef>
<fileName>991.505.521.00_MONTAGEPLATTE_OB_LI-TM07.CATPart</fileName>
</history>
<history>
<datetime>2009-10-05T14:35:26Z</datetime>
<agent>tpkkonn</agent>
<event>checkout</event>
<stateName>In Bearbeitung</stateName>
<formatRef>Catia V5 Format</formatRef>
<fileName>991.505.521.00_MONTAGEPLATTE_OB_LI-TM07.CATPart</fileName>
</history>
<history>
<datetime>2009-10-05T14:57:45Z</datetime>
<agent>tpkkonn</agent>
<event>checkout</event>
<stateName>In Bearbeitung</stateName>
<formatRef>Catia V5 Format</formatRef>
<fileName>991.505.521.00_MONTAGEPLATTE_OB_LI-TM07.CATPart</fileName>
</history>
<history>
<datetime>2009-10-05T14:57:51Z</datetime>
<agent>tpkkonn</agent>
<event>checkout</event>
<stateName>In Bearbeitung</stateName>
<formatRef>Catia V5 Format</formatRef>
<fileName>991.505.521.00_MONTAGEPLATTE_OB_LI-TM07.CATPart</fileName>
</history>
<history>
<datetime>2009-10-05T15:00:55Z</datetime>
<agent>tpkkonn</agent>
<event>checkout</event>
<stateName>In Bearbeitung</stateName>
<formatRef>Catia V5 Format</formatRef>
<fileName>991.505.521.00_MONTAGEPLATTE_OB_LI-TM07.CATPart</fileName>
</history>
<history>
<datetime>2009-10-08T13:16:27Z</datetime>
<agent>tpkkonn</agent>
<event>approve</event>
<stateName>In Bearbeitung</stateName>
<signatureName>Konstrukteur erzeugt dokumentierten Stand</signatureName>
</history>
<history>
<datetime>2009-10-08T13:16:27Z</datetime>
<agent>tpkkonn</agent>
<event>promote</event>
<stateName>Dokumentierter Stand</stateName>
</history>
<history>
<datetime>2009-10-08T14:00:17Z</datetime>
<agent>tpkkonn</agent>
<event>checkout</event>
<stateName>Dokumentierter Stand</stateName>
<formatRef>Catia V5 Format</formatRef>
<fileName>991.505.521.00_MONTAGEPLATTE_OB_LI-TM07.CATPart</fileName>
</history>
<history>
<datetime>2009-10-19T11:46:34Z</datetime>
<agent>SteigerwaldS</agent>
<event>revision</event>
<stateName>Dokumentierter Stand</stateName>
<previousRevision>
<businessObjectRef>
<objectType>CATPart</objectType>
<objectName>34610.0.007</objectName>
<objectRevision>003</objectRevision>
</businessObjectRef>
</previousRevision>
</history>
<history>
<datetime>2009-10-19T11:46:37Z</datetime>
<agent>SteigerwaldS</agent>
<event>disconnect</event>
<stateName>Dokumentierter Stand</stateName>
<relationshipName>V5 Struktur</relationshipName>
<fromObject>
<businessObjectRef>
<objectType>CATProduct</objectType>
<objectName>34610.0.200</objectName>
<objectRevision>004</objectRevision>
</businessObjectRef>
</fromObject>
</history>
</historyList>
<toRelationshipList count="4">
<relationship>
<relationshipDefRef>V5 Struktur</relationshipDefRef>
<relatedObject>
<businessObjectRef>
<objectType>CATProduct</objectType>
<objectName>34610.0.200</objectName>
<objectRevision>002</objectRevision>
<vaultRef>Catia</vaultRef>
</businessObjectRef>
</relatedObject>
</relationship>
<relationship>
<relationshipDefRef>CATPart</relationshipDefRef>
<relatedObject>
<businessObjectRef>
<objectType>Catia V5</objectType>
<objectName>34610.0.007</objectName>
<objectRevision>002</objectRevision>
<vaultRef>Catia</vaultRef>
</businessObjectRef>
</relatedObject>
</relationship>
<relationship>
<relationshipDefRef>V5 Struktur</relationshipDefRef>
<relatedObject>
<businessObjectRef>
<objectType>CATProduct</objectType>
<objectName>34610.0.200</objectName>
<objectRevision>003</objectRevision>
<vaultRef>Catia</vaultRef>
</businessObjectRef>
</relatedObject>
</relationship>
<relationship>
<relationshipDefRef>V5 Struktur</relationshipDefRef>
<relatedObject>
<businessObjectRef>
<objectType>CATProduct</objectType>
<objectName>34610.0.200</objectName>
<objectRevision>001</objectRevision>
<vaultRef>Catia</vaultRef>
</businessObjectRef>
</relatedObject>
</relationship>
</toRelationshipList>
<hadFiles/>
<storeType>captured</storeType>
<folderList count="1">
<folder>
<formatRef>Catia V5 Format</formatRef>
<fileList count="1">
<file>
<storeFilename>ftp://matrix@172.16.18.46//stores0803/Catia_V5/26c05211.e0f</storeFilename>
<storeFileAlias>26c05211.e0f</storeFileAlias>
<diskFilename>/work/mod/prodentw/tpkkonn/Porsche/Serie Aktuelle Daten/9X1 Bug oben/20090930-9X1 -Serie-Vorbereitung/991.505.521.00_MONTAGEPLATTE_OB_LI-TM07.CATPart@wa51</diskFilename>
<mode>500</mode>
<uid>300</uid>
<gid>320</gid>
<size>302961</size>
<storeRef>Catia V5 Daten</storeRef>
</file>
</fileList>
</folder>
</folderList>
</businessObject>
</ematrix>
