{
    "dasd": {},
    "raid": {},
    "lvm": {},
    "multipath": {
        "paths": [
            {
                "device": "sda",
                "serial": "7660A001T31D",
                "multipath": "[orphan]",
                "host_wwnn": "[undef]",
                "target_wwnn": "[undef]",
                "host_wwpn": "[undef]",
                "target_wwpn": "[undef]",
                "host_adapter": "[undef]"
            },
            {
                "device": "sdb",
                "serial": "7660A009T31D",
                "multipath": "[orphan]",
                "host_wwnn": "[undef]",
                "target_wwnn": "[undef]",
                "host_wwpn": "[undef]",
                "target_wwpn": "[undef]",
                "host_adapter": "[undef]"
            },
            {
                "device": "sdc",
                "serial": "Z400G909",
                "multipath": "[orphan]",
                "host_wwnn": "[undef]",
                "target_wwnn": "[undef]",
                "host_wwpn": "[undef]",
                "target_wwpn": "[undef]",
                "host_adapter": "[undef]"
            },
            {
                "device": "sdd",
                "serial": "000bfd5726e903601f00dd3565a06d86",
                "multipath": "[orphan]",
                "host_wwnn": "[undef]",
                "target_wwnn": "[undef]",
                "host_wwpn": "[undef]",
                "target_wwpn": "[undef]",
                "host_adapter": "[undef]"
            }
        ]
    },
    "dmcrypt": {},
    "bcache": {
        "backing": {},
        "caching": {}
    },
    "blockdev": {
        "/dev/sda": {
            "CURRENT_TAGS": ":systemd:",
            "DEVLINKS": "/dev/disk/by-id/wwn-0x500003972c88b891 /dev/disk/by-path/pci-0000:03:00.0-scsi-0:0:0:0 /dev/disk/by-id/scsi-3500003972c88b891 /dev/disk/by-id/scsi-STOSHIBA_PX04SVB048_7660A001T31D",
            "DEVNAME": "/dev/sda",
            "DEVPATH": "/devices/pci0000:00/0000:00:01.0/0000:03:00.0/host0/target0:0:0/0:0:0:0/block/sda",
            "DEVTYPE": "disk",
            "DISKSEQ": "9",
            "DM_MULTIPATH_DEVICE_PATH": "0",
            "ID_BUS": "scsi",
            "ID_MODEL": "PX04SVB048",
            "ID_MODEL_ENC": "PX04SVB048\\x20\\x20\\x20\\x20\\x20\\x20",
            "ID_PART_TABLE_TYPE": "gpt",
            "ID_PART_TABLE_UUID": "b3f38803-f3a5-4c91-ba4f-c1aac6f4499b",
            "ID_PATH": "pci-0000:03:00.0-scsi-0:0:0:0",
            "ID_PATH_TAG": "pci-0000_03_00_0-scsi-0_0_0_0",
            "ID_REVISION": "AM04",
            "ID_SCSI": "1",
            "ID_SCSI_INQUIRY": "1",
            "ID_SCSI_SERIAL": "7660A001T31D",
            "ID_SERIAL": "3500003972c88b891",
            "ID_SERIAL_SHORT": "500003972c88b891",
            "ID_TYPE": "disk",
            "ID_VENDOR": "TOSHIBA",
            "ID_VENDOR_ENC": "TOSHIBA\\x20",
            "ID_WWN": "0x500003972c88b891",
            "ID_WWN_WITH_EXTENSION": "0x500003972c88b891",
            "MAJOR": "8",
            "MINOR": "0",
            "MPATH_SBIN_PATH": "/sbin",
            "SCSI_IDENT_LUN_NAA_REG": "500003972c88b891",
            "SCSI_IDENT_PORT_NAA_REG": "500003972c88b892",
            "SCSI_IDENT_PORT_RELATIVE": "1",
            "SCSI_IDENT_SERIAL": "7660A001T31D",
            "SCSI_IDENT_TARGET_NAA_REG": "500003972c88b890",
            "SCSI_IDENT_TARGET_NAME": "naa.500003972C88B890",
            "SCSI_MODEL": "PX04SVB048",
            "SCSI_MODEL_ENC": "PX04SVB048\\x20\\x20\\x20\\x20\\x20\\x20",
            "SCSI_REVISION": "AM04",
            "SCSI_TPGS": "0",
            "SCSI_TYPE": "disk",
            "SCSI_VENDOR": "TOSHIBA",
            "SCSI_VENDOR_ENC": "TOSHIBA\\x20",
            "SUBSYSTEM": "block",
            "TAGS": ":systemd:",
            "USEC_INITIALIZED": "7742976",
            "attrs": {
                "alignment_offset": "0",
                "bdi": null,
                "capability": "40",
                "dev": "8:0",
                "device": null,
                "discard_alignment": "0",
                "diskseq": "9",
                "events": "",
                "events_async": "",
                "events_poll_msecs": "-1",
                "ext_range": "256",
                "hidden": "0",
                "inflight": "       0        0",
                "integrity/device_is_integrity_capable": "0",
                "integrity/format": "none",
                "integrity/protection_interval_bytes": "0",
                "integrity/read_verify": "0",
                "integrity/tag_size": "0",
                "integrity/write_generate": "0",
                "mq/0/cpu_list": "1",
                "mq/0/nr_reserved_tags": "0",
                "mq/0/nr_tags": "916",
                "mq/1/cpu_list": "3",
                "mq/1/nr_reserved_tags": "0",
                "mq/1/nr_tags": "916",
                "mq/10/cpu_list": "21",
                "mq/10/nr_reserved_tags": "0",
                "mq/10/nr_tags": "916",
                "mq/11/cpu_list": "23",
                "mq/11/nr_reserved_tags": "0",
                "mq/11/nr_tags": "916",
                "mq/12/cpu_list": "25",
                "mq/12/nr_reserved_tags": "0",
                "mq/12/nr_tags": "916",
                "mq/13/cpu_list": "27",
                "mq/13/nr_reserved_tags": "0",
                "mq/13/nr_tags": "916",
                "mq/14/cpu_list": "29",
                "mq/14/nr_reserved_tags": "0",
                "mq/14/nr_tags": "916",
                "mq/15/cpu_list": "31",
                "mq/15/nr_reserved_tags": "0",
                "mq/15/nr_tags": "916",
                "mq/16/cpu_list": "0",
                "mq/16/nr_reserved_tags": "0",
                "mq/16/nr_tags": "916",
                "mq/17/cpu_list": "2",
                "mq/17/nr_reserved_tags": "0",
                "mq/17/nr_tags": "916",
                "mq/18/cpu_list": "4",
                "mq/18/nr_reserved_tags": "0",
                "mq/18/nr_tags": "916",
                "mq/19/cpu_list": "6",
                "mq/19/nr_reserved_tags": "0",
                "mq/19/nr_tags": "916",
                "mq/2/cpu_list": "5",
                "mq/2/nr_reserved_tags": "0",
                "mq/2/nr_tags": "916",
                "mq/20/cpu_list": "8",
                "mq/20/nr_reserved_tags": "0",
                "mq/20/nr_tags": "916",
                "mq/21/cpu_list": "10",
                "mq/21/nr_reserved_tags": "0",
                "mq/21/nr_tags": "916",
                "mq/22/cpu_list": "12",
                "mq/22/nr_reserved_tags": "0",
                "mq/22/nr_tags": "916",
                "mq/23/cpu_list": "14",
                "mq/23/nr_reserved_tags": "0",
                "mq/23/nr_tags": "916",
                "mq/24/cpu_list": "16",
                "mq/24/nr_reserved_tags": "0",
                "mq/24/nr_tags": "916",
                "mq/25/cpu_list": "18",
                "mq/25/nr_reserved_tags": "0",
                "mq/25/nr_tags": "916",
                "mq/26/cpu_list": "20",
                "mq/26/nr_reserved_tags": "0",
                "mq/26/nr_tags": "916",
                "mq/27/cpu_list": "22",
                "mq/27/nr_reserved_tags": "0",
                "mq/27/nr_tags": "916",
                "mq/28/cpu_list": "24",
                "mq/28/nr_reserved_tags": "0",
                "mq/28/nr_tags": "916",
                "mq/29/cpu_list": "26",
                "mq/29/nr_reserved_tags": "0",
                "mq/29/nr_tags": "916",
                "mq/3/cpu_list": "7",
                "mq/3/nr_reserved_tags": "0",
                "mq/3/nr_tags": "916",
                "mq/30/cpu_list": "28",
                "mq/30/nr_reserved_tags": "0",
                "mq/30/nr_tags": "916",
                "mq/31/cpu_list": "30",
                "mq/31/nr_reserved_tags": "0",
                "mq/31/nr_tags": "916",
                "mq/4/cpu_list": "9",
                "mq/4/nr_reserved_tags": "0",
                "mq/4/nr_tags": "916",
                "mq/5/cpu_list": "11",
                "mq/5/nr_reserved_tags": "0",
                "mq/5/nr_tags": "916",
                "mq/6/cpu_list": "13",
                "mq/6/nr_reserved_tags": "0",
                "mq/6/nr_tags": "916",
                "mq/7/cpu_list": "15",
                "mq/7/nr_reserved_tags": "0",
                "mq/7/nr_tags": "916",
                "mq/8/cpu_list": "17",
                "mq/8/nr_reserved_tags": "0",
                "mq/8/nr_tags": "916",
                "mq/9/cpu_list": "19",
                "mq/9/nr_reserved_tags": "0",
                "mq/9/nr_tags": "916",
                "power/async": "disabled",
                "power/autosuspend_delay_ms": null,
                "power/control": "auto",
                "power/runtime_active_kids": "0",
                "power/runtime_active_time": "0",
                "power/runtime_enabled": "disabled",
                "power/runtime_status": "unsupported",
                "power/runtime_suspended_time": "0",
                "power/runtime_usage": "0",
                "queue/add_random": "0",
                "queue/chunk_sectors": "0",
                "queue/dax": "0",
                "queue/discard_granularity": "4096",
                "queue/discard_max_bytes": "4294966784",
                "queue/discard_max_hw_bytes": "4294966784",
                "queue/discard_zeroes_data": "0",
                "queue/fua": "0",
                "queue/hw_sector_size": "512",
                "queue/io_poll": "0",
                "queue/io_poll_delay": "-1",
                "queue/io_timeout": "90000",
                "queue/iosched/async_depth": "192",
                "queue/iosched/fifo_batch": "16",
                "queue/iosched/front_merges": "1",
                "queue/iosched/read_expire": "500",
                "queue/iosched/write_expire": "5000",
                "queue/iosched/writes_starved": "2",
                "queue/iostats": "1",
                "queue/logical_block_size": "512",
                "queue/max_discard_segments": "1",
                "queue/max_hw_sectors_kb": "256",
                "queue/max_integrity_segments": "0",
                "queue/max_sectors_kb": "256",
                "queue/max_segment_size": "4294967295",
                "queue/max_segments": "64",
                "queue/minimum_io_size": "512",
                "queue/nomerges": "0",
                "queue/nr_requests": "256",
                "queue/nr_zones": "0",
                "queue/optimal_io_size": "0",
                "queue/physical_block_size": "512",
                "queue/read_ahead_kb": "128",
                "queue/rotational": "0",
                "queue/rq_affinity": "1",
                "queue/scheduler": "[mq-deadline] none",
                "queue/stable_writes": "0",
                "queue/virt_boundary_mask": "0",
                "queue/wbt_lat_usec": "2000",
                "queue/write_cache": "write through",
                "queue/write_same_max_bytes": "33553920",
                "queue/write_zeroes_max_bytes": "33553920",
                "queue/zone_append_max_bytes": "0",
                "queue/zone_write_granularity": "0",
                "queue/zoned": "none",
                "range": "16",
                "removable": "0",
                "ro": "0",
                "size": "480103981056",
                "stat": "     626        0    30064       89        0        0        0        0        0      172       89        0        0        0        0        0        0",
                "subsystem": "block",
                "trace/act_mask": "disabled",
                "trace/enable": "0",
                "trace/end_lba": "disabled",
                "trace/pid": "disabled",
                "trace/start_lba": "disabled",
                "uevent": "MAJOR=8\nMINOR=0\nDEVNAME=sda\nDEVTYPE=disk\nDISKSEQ=9"
            },
            "partitiontable": {
                "label": "gpt",
                "id": "B3F38803-F3A5-4C91-BA4F-C1AAC6F4499B",
                "device": "/dev/sda",
                "unit": "sectors",
                "firstlba": 34,
                "lastlba": 937703054,
                "sectorsize": 512
            }
        },
        "/dev/sdb": {
            "CURRENT_TAGS": ":systemd:",
            "DEVLINKS": "/dev/disk/by-path/pci-0000:03:00.0-scsi-0:0:1:0 /dev/disk/by-id/scsi-STOSHIBA_PX04SVB048_7660A009T31D /dev/disk/by-id/wwn-0x500003972c88b8b1 /dev/disk/by-id/scsi-3500003972c88b8b1",
            "DEVNAME": "/dev/sdb",
            "DEVPATH": "/devices/pci0000:00/0000:00:01.0/0000:03:00.0/host0/target0:0:1/0:0:1:0/block/sdb",
            "DEVTYPE": "disk",
            "DISKSEQ": "10",
            "DM_MULTIPATH_DEVICE_PATH": "0",
            "ID_BUS": "scsi",
            "ID_MODEL": "PX04SVB048",
            "ID_MODEL_ENC": "PX04SVB048\\x20\\x20\\x20\\x20\\x20\\x20",
            "ID_PART_TABLE_TYPE": "gpt",
            "ID_PART_TABLE_UUID": "cfcfb607-9318-4e5a-8467-a60b2097a2f6",
            "ID_PATH": "pci-0000:03:00.0-scsi-0:0:1:0",
            "ID_PATH_TAG": "pci-0000_03_00_0-scsi-0_0_1_0",
            "ID_REVISION": "AM04",
            "ID_SCSI": "1",
            "ID_SCSI_INQUIRY": "1",
            "ID_SCSI_SERIAL": "7660A009T31D",
            "ID_SERIAL": "3500003972c88b8b1",
            "ID_SERIAL_SHORT": "500003972c88b8b1",
            "ID_TYPE": "disk",
            "ID_VENDOR": "TOSHIBA",
            "ID_VENDOR_ENC": "TOSHIBA\\x20",
            "ID_WWN": "0x500003972c88b8b1",
            "ID_WWN_WITH_EXTENSION": "0x500003972c88b8b1",
            "MAJOR": "8",
            "MINOR": "16",
            "MPATH_SBIN_PATH": "/sbin",
            "SCSI_IDENT_LUN_NAA_REG": "500003972c88b8b1",
            "SCSI_IDENT_PORT_NAA_REG": "500003972c88b8b2",
            "SCSI_IDENT_PORT_RELATIVE": "1",
            "SCSI_IDENT_SERIAL": "7660A009T31D",
            "SCSI_IDENT_TARGET_NAA_REG": "500003972c88b8b0",
            "SCSI_IDENT_TARGET_NAME": "naa.500003972C88B8B0",
            "SCSI_MODEL": "PX04SVB048",
            "SCSI_MODEL_ENC": "PX04SVB048\\x20\\x20\\x20\\x20\\x20\\x20",
            "SCSI_REVISION": "AM04",
            "SCSI_TPGS": "0",
            "SCSI_TYPE": "disk",
            "SCSI_VENDOR": "TOSHIBA",
            "SCSI_VENDOR_ENC": "TOSHIBA\\x20",
            "SUBSYSTEM": "block",
            "TAGS": ":systemd:",
            "USEC_INITIALIZED": "7745112",
            "attrs": {
                "alignment_offset": "0",
                "bdi": null,
                "capability": "40",
                "dev": "8:16",
                "device": null,
                "discard_alignment": "0",
                "diskseq": "10",
                "events": "",
                "events_async": "",
                "events_poll_msecs": "-1",
                "ext_range": "256",
                "hidden": "0",
                "inflight": "       0        0",
                "integrity/device_is_integrity_capable": "0",
                "integrity/format": "none",
                "integrity/protection_interval_bytes": "0",
                "integrity/read_verify": "0",
                "integrity/tag_size": "0",
                "integrity/write_generate": "0",
                "mq/0/cpu_list": "1",
                "mq/0/nr_reserved_tags": "0",
                "mq/0/nr_tags": "916",
                "mq/1/cpu_list": "3",
                "mq/1/nr_reserved_tags": "0",
                "mq/1/nr_tags": "916",
                "mq/10/cpu_list": "21",
                "mq/10/nr_reserved_tags": "0",
                "mq/10/nr_tags": "916",
                "mq/11/cpu_list": "23",
                "mq/11/nr_reserved_tags": "0",
                "mq/11/nr_tags": "916",
                "mq/12/cpu_list": "25",
                "mq/12/nr_reserved_tags": "0",
                "mq/12/nr_tags": "916",
                "mq/13/cpu_list": "27",
                "mq/13/nr_reserved_tags": "0",
                "mq/13/nr_tags": "916",
                "mq/14/cpu_list": "29",
                "mq/14/nr_reserved_tags": "0",
                "mq/14/nr_tags": "916",
                "mq/15/cpu_list": "31",
                "mq/15/nr_reserved_tags": "0",
                "mq/15/nr_tags": "916",
                "mq/16/cpu_list": "0",
                "mq/16/nr_reserved_tags": "0",
                "mq/16/nr_tags": "916",
                "mq/17/cpu_list": "2",
                "mq/17/nr_reserved_tags": "0",
                "mq/17/nr_tags": "916",
                "mq/18/cpu_list": "4",
                "mq/18/nr_reserved_tags": "0",
                "mq/18/nr_tags": "916",
                "mq/19/cpu_list": "6",
                "mq/19/nr_reserved_tags": "0",
                "mq/19/nr_tags": "916",
                "mq/2/cpu_list": "5",
                "mq/2/nr_reserved_tags": "0",
                "mq/2/nr_tags": "916",
                "mq/20/cpu_list": "8",
                "mq/20/nr_reserved_tags": "0",
                "mq/20/nr_tags": "916",
                "mq/21/cpu_list": "10",
                "mq/21/nr_reserved_tags": "0",
                "mq/21/nr_tags": "916",
                "mq/22/cpu_list": "12",
                "mq/22/nr_reserved_tags": "0",
                "mq/22/nr_tags": "916",
                "mq/23/cpu_list": "14",
                "mq/23/nr_reserved_tags": "0",
                "mq/23/nr_tags": "916",
                "mq/24/cpu_list": "16",
                "mq/24/nr_reserved_tags": "0",
                "mq/24/nr_tags": "916",
                "mq/25/cpu_list": "18",
                "mq/25/nr_reserved_tags": "0",
                "mq/25/nr_tags": "916",
                "mq/26/cpu_list": "20",
                "mq/26/nr_reserved_tags": "0",
                "mq/26/nr_tags": "916",
                "mq/27/cpu_list": "22",
                "mq/27/nr_reserved_tags": "0",
                "mq/27/nr_tags": "916",
                "mq/28/cpu_list": "24",
                "mq/28/nr_reserved_tags": "0",
                "mq/28/nr_tags": "916",
                "mq/29/cpu_list": "26",
                "mq/29/nr_reserved_tags": "0",
                "mq/29/nr_tags": "916",
                "mq/3/cpu_list": "7",
                "mq/3/nr_reserved_tags": "0",
                "mq/3/nr_tags": "916",
                "mq/30/cpu_list": "28",
                "mq/30/nr_reserved_tags": "0",
                "mq/30/nr_tags": "916",
                "mq/31/cpu_list": "30",
                "mq/31/nr_reserved_tags": "0",
                "mq/31/nr_tags": "916",
                "mq/4/cpu_list": "9",
                "mq/4/nr_reserved_tags": "0",
                "mq/4/nr_tags": "916",
                "mq/5/cpu_list": "11",
                "mq/5/nr_reserved_tags": "0",
                "mq/5/nr_tags": "916",
                "mq/6/cpu_list": "13",
                "mq/6/nr_reserved_tags": "0",
                "mq/6/nr_tags": "916",
                "mq/7/cpu_list": "15",
                "mq/7/nr_reserved_tags": "0",
                "mq/7/nr_tags": "916",
                "mq/8/cpu_list": "17",
                "mq/8/nr_reserved_tags": "0",
                "mq/8/nr_tags": "916",
                "mq/9/cpu_list": "19",
                "mq/9/nr_reserved_tags": "0",
                "mq/9/nr_tags": "916",
                "power/async": "disabled",
                "power/autosuspend_delay_ms": null,
                "power/control": "auto",
                "power/runtime_active_kids": "0",
                "power/runtime_active_time": "0",
                "power/runtime_enabled": "disabled",
                "power/runtime_status": "unsupported",
                "power/runtime_suspended_time": "0",
                "power/runtime_usage": "0",
                "queue/add_random": "0",
                "queue/chunk_sectors": "0",
                "queue/dax": "0",
                "queue/discard_granularity": "4096",
                "queue/discard_max_bytes": "4294966784",
                "queue/discard_max_hw_bytes": "4294966784",
                "queue/discard_zeroes_data": "0",
                "queue/fua": "0",
                "queue/hw_sector_size": "512",
                "queue/io_poll": "0",
                "queue/io_poll_delay": "-1",
                "queue/io_timeout": "90000",
                "queue/iosched/async_depth": "192",
                "queue/iosched/fifo_batch": "16",
                "queue/iosched/front_merges": "1",
                "queue/iosched/read_expire": "500",
                "queue/iosched/write_expire": "5000",
                "queue/iosched/writes_starved": "2",
                "queue/iostats": "1",
                "queue/logical_block_size": "512",
                "queue/max_discard_segments": "1",
                "queue/max_hw_sectors_kb": "256",
                "queue/max_integrity_segments": "0",
                "queue/max_sectors_kb": "256",
                "queue/max_segment_size": "4294967295",
                "queue/max_segments": "64",
                "queue/minimum_io_size": "512",
                "queue/nomerges": "0",
                "queue/nr_requests": "256",
                "queue/nr_zones": "0",
                "queue/optimal_io_size": "0",
                "queue/physical_block_size": "512",
                "queue/read_ahead_kb": "128",
                "queue/rotational": "0",
                "queue/rq_affinity": "1",
                "queue/scheduler": "[mq-deadline] none",
                "queue/stable_writes": "0",
                "queue/virt_boundary_mask": "0",
                "queue/wbt_lat_usec": "2000",
                "queue/write_cache": "write through",
                "queue/write_same_max_bytes": "33553920",
                "queue/write_zeroes_max_bytes": "33553920",
                "queue/zone_append_max_bytes": "0",
                "queue/zone_write_granularity": "0",
                "queue/zoned": "none",
                "range": "16",
                "removable": "0",
                "ro": "0",
                "size": "480103981056",
                "stat": "     626        0    30064      141        0        0        0        0        0      204      141        0        0        0        0        0        0",
                "subsystem": "block",
                "trace/act_mask": "disabled",
                "trace/enable": "0",
                "trace/end_lba": "disabled",
                "trace/pid": "disabled",
                "trace/start_lba": "disabled",
                "uevent": "MAJOR=8\nMINOR=16\nDEVNAME=sdb\nDEVTYPE=disk\nDISKSEQ=10"
            },
            "partitiontable": {
                "label": "gpt",
                "id": "CFCFB607-9318-4E5A-8467-A60B2097A2F6",
                "device": "/dev/sdb",
                "unit": "sectors",
                "firstlba": 34,
                "lastlba": 937703054,
                "sectorsize": 512
            }
        },
        "/dev/sdc": {
            "CURRENT_TAGS": ":systemd:",
            "DEVLINKS": "/dev/disk/by-id/wwn-0x5000c5008587d033 /dev/disk/by-id/scsi-35000c5008587d033 /dev/disk/by-path/pci-0000:03:00.0-scsi-0:0:9:0 /dev/disk/by-id/scsi-SSEAGATE_ST1200MM0088_Z400G909",
            "DEVNAME": "/dev/sdc",
            "DEVPATH": "/devices/pci0000:00/0000:00:01.0/0000:03:00.0/host0/target0:0:9/0:0:9:0/block/sdc",
            "DEVTYPE": "disk",
            "DISKSEQ": "11",
            "DM_MULTIPATH_DEVICE_PATH": "0",
            "ID_BUS": "scsi",
            "ID_MODEL": "ST1200MM0088",
            "ID_MODEL_ENC": "ST1200MM0088\\x20\\x20\\x20\\x20",
            "ID_PART_TABLE_TYPE": "gpt",
            "ID_PART_TABLE_UUID": "a220d398-9005-46f7-9ef1-f15b7ca57c12",
            "ID_PATH": "pci-0000:03:00.0-scsi-0:0:9:0",
            "ID_PATH_TAG": "pci-0000_03_00_0-scsi-0_0_9_0",
            "ID_REVISION": "TT31",
            "ID_SCSI": "1",
            "ID_SCSI_INQUIRY": "1",
            "ID_SCSI_SERIAL": "Z400G909",
            "ID_SERIAL": "35000c5008587d033",
            "ID_SERIAL_SHORT": "5000c5008587d033",
            "ID_TYPE": "disk",
            "ID_VENDOR": "SEAGATE",
            "ID_VENDOR_ENC": "SEAGATE\\x20",
            "ID_WWN": "0x5000c5008587d033",
            "ID_WWN_WITH_EXTENSION": "0x5000c5008587d033",
            "MAJOR": "8",
            "MINOR": "32",
            "MPATH_SBIN_PATH": "/sbin",
            "SCSI_IDENT_LUN_NAA_REG": "5000c5008587d033",
            "SCSI_IDENT_PORT_NAA_REG": "5000c5008587d031",
            "SCSI_IDENT_PORT_RELATIVE": "1",
            "SCSI_IDENT_SERIAL": "Z400G909",
            "SCSI_IDENT_TARGET_NAA_REG": "5000c5008587d030",
            "SCSI_IDENT_TARGET_NAME": "naa.5000C5008587D030",
            "SCSI_MODEL": "ST1200MM0088",
            "SCSI_MODEL_ENC": "ST1200MM0088\\x20\\x20\\x20\\x20",
            "SCSI_REVISION": "TT31",
            "SCSI_TPGS": "0",
            "SCSI_TYPE": "disk",
            "SCSI_VENDOR": "SEAGATE",
            "SCSI_VENDOR_ENC": "SEAGATE\\x20",
            "SUBSYSTEM": "block",
            "TAGS": ":systemd:",
            "USEC_INITIALIZED": "7868539",
            "attrs": {
                "alignment_offset": "0",
                "bdi": null,
                "capability": "40",
                "dev": "8:32",
                "device": null,
                "discard_alignment": "0",
                "diskseq": "11",
                "events": "",
                "events_async": "",
                "events_poll_msecs": "-1",
                "ext_range": "256",
                "hidden": "0",
                "inflight": "       0        0",
                "integrity/device_is_integrity_capable": "0",
                "integrity/format": "none",
                "integrity/protection_interval_bytes": "0",
                "integrity/read_verify": "0",
                "integrity/tag_size": "0",
                "integrity/write_generate": "0",
                "mq/0/cpu_list": "1",
                "mq/0/nr_reserved_tags": "0",
                "mq/0/nr_tags": "916",
                "mq/1/cpu_list": "3",
                "mq/1/nr_reserved_tags": "0",
                "mq/1/nr_tags": "916",
                "mq/10/cpu_list": "21",
                "mq/10/nr_reserved_tags": "0",
                "mq/10/nr_tags": "916",
                "mq/11/cpu_list": "23",
                "mq/11/nr_reserved_tags": "0",
                "mq/11/nr_tags": "916",
                "mq/12/cpu_list": "25",
                "mq/12/nr_reserved_tags": "0",
                "mq/12/nr_tags": "916",
                "mq/13/cpu_list": "27",
                "mq/13/nr_reserved_tags": "0",
                "mq/13/nr_tags": "916",
                "mq/14/cpu_list": "29",
                "mq/14/nr_reserved_tags": "0",
                "mq/14/nr_tags": "916",
                "mq/15/cpu_list": "31",
                "mq/15/nr_reserved_tags": "0",
                "mq/15/nr_tags": "916",
                "mq/16/cpu_list": "0",
                "mq/16/nr_reserved_tags": "0",
                "mq/16/nr_tags": "916",
                "mq/17/cpu_list": "2",
                "mq/17/nr_reserved_tags": "0",
                "mq/17/nr_tags": "916",
                "mq/18/cpu_list": "4",
                "mq/18/nr_reserved_tags": "0",
                "mq/18/nr_tags": "916",
                "mq/19/cpu_list": "6",
                "mq/19/nr_reserved_tags": "0",
                "mq/19/nr_tags": "916",
                "mq/2/cpu_list": "5",
                "mq/2/nr_reserved_tags": "0",
                "mq/2/nr_tags": "916",
                "mq/20/cpu_list": "8",
                "mq/20/nr_reserved_tags": "0",
                "mq/20/nr_tags": "916",
                "mq/21/cpu_list": "10",
                "mq/21/nr_reserved_tags": "0",
                "mq/21/nr_tags": "916",
                "mq/22/cpu_list": "12",
                "mq/22/nr_reserved_tags": "0",
                "mq/22/nr_tags": "916",
                "mq/23/cpu_list": "14",
                "mq/23/nr_reserved_tags": "0",
                "mq/23/nr_tags": "916",
                "mq/24/cpu_list": "16",
                "mq/24/nr_reserved_tags": "0",
                "mq/24/nr_tags": "916",
                "mq/25/cpu_list": "18",
                "mq/25/nr_reserved_tags": "0",
                "mq/25/nr_tags": "916",
                "mq/26/cpu_list": "20",
                "mq/26/nr_reserved_tags": "0",
                "mq/26/nr_tags": "916",
                "mq/27/cpu_list": "22",
                "mq/27/nr_reserved_tags": "0",
                "mq/27/nr_tags": "916",
                "mq/28/cpu_list": "24",
                "mq/28/nr_reserved_tags": "0",
                "mq/28/nr_tags": "916",
                "mq/29/cpu_list": "26",
                "mq/29/nr_reserved_tags": "0",
                "mq/29/nr_tags": "916",
                "mq/3/cpu_list": "7",
                "mq/3/nr_reserved_tags": "0",
                "mq/3/nr_tags": "916",
                "mq/30/cpu_list": "28",
                "mq/30/nr_reserved_tags": "0",
                "mq/30/nr_tags": "916",
                "mq/31/cpu_list": "30",
                "mq/31/nr_reserved_tags": "0",
                "mq/31/nr_tags": "916",
                "mq/4/cpu_list": "9",
                "mq/4/nr_reserved_tags": "0",
                "mq/4/nr_tags": "916",
                "mq/5/cpu_list": "11",
                "mq/5/nr_reserved_tags": "0",
                "mq/5/nr_tags": "916",
                "mq/6/cpu_list": "13",
                "mq/6/nr_reserved_tags": "0",
                "mq/6/nr_tags": "916",
                "mq/7/cpu_list": "15",
                "mq/7/nr_reserved_tags": "0",
                "mq/7/nr_tags": "916",
                "mq/8/cpu_list": "17",
                "mq/8/nr_reserved_tags": "0",
                "mq/8/nr_tags": "916",
                "mq/9/cpu_list": "19",
                "mq/9/nr_reserved_tags": "0",
                "mq/9/nr_tags": "916",
                "power/async": "disabled",
                "power/autosuspend_delay_ms": null,
                "power/control": "auto",
                "power/runtime_active_kids": "0",
                "power/runtime_active_time": "0",
                "power/runtime_enabled": "disabled",
                "power/runtime_status": "unsupported",
                "power/runtime_suspended_time": "0",
                "power/runtime_usage": "0",
                "queue/add_random": "1",
                "queue/chunk_sectors": "0",
                "queue/dax": "0",
                "queue/discard_granularity": "0",
                "queue/discard_max_bytes": "0",
                "queue/discard_max_hw_bytes": "0",
                "queue/discard_zeroes_data": "0",
                "queue/fua": "0",
                "queue/hw_sector_size": "512",
                "queue/io_poll": "0",
                "queue/io_poll_delay": "-1",
                "queue/io_timeout": "90000",
                "queue/iosched/async_depth": "192",
                "queue/iosched/fifo_batch": "16",
                "queue/iosched/front_merges": "1",
                "queue/iosched/read_expire": "500",
                "queue/iosched/write_expire": "5000",
                "queue/iosched/writes_starved": "2",
                "queue/iostats": "1",
                "queue/logical_block_size": "512",
                "queue/max_discard_segments": "1",
                "queue/max_hw_sectors_kb": "256",
                "queue/max_integrity_segments": "0",
                "queue/max_sectors_kb": "256",
                "queue/max_segment_size": "4294967295",
                "queue/max_segments": "64",
                "queue/minimum_io_size": "512",
                "queue/nomerges": "0",
                "queue/nr_requests": "256",
                "queue/nr_zones": "0",
                "queue/optimal_io_size": "0",
                "queue/physical_block_size": "512",
                "queue/read_ahead_kb": "128",
                "queue/rotational": "1",
                "queue/rq_affinity": "1",
                "queue/scheduler": "[mq-deadline] none",
                "queue/stable_writes": "0",
                "queue/virt_boundary_mask": "0",
                "queue/wbt_lat_usec": "75000",
                "queue/write_cache": "write through",
                "queue/write_same_max_bytes": "33553920",
                "queue/write_zeroes_max_bytes": "33553920",
                "queue/zone_append_max_bytes": "0",
                "queue/zone_write_granularity": "0",
                "queue/zoned": "none",
                "range": "16",
                "removable": "0",
                "ro": "0",
                "size": "1200243695616",
                "stat": "     626        0    30064      568        0        0        0        0        0      612      568        0        0        0        0        0        0",
                "subsystem": "block",
                "trace/act_mask": "disabled",
                "trace/enable": "0",
                "trace/end_lba": "disabled",
                "trace/pid": "disabled",
                "trace/start_lba": "disabled",
                "uevent": "MAJOR=8\nMINOR=32\nDEVNAME=sdc\nDEVTYPE=disk\nDISKSEQ=11"
            },
            "partitiontable": {
                "label": "gpt",
                "id": "A220D398-9005-46F7-9EF1-F15B7CA57C12",
                "device": "/dev/sdc",
                "unit": "sectors",
                "firstlba": 34,
                "lastlba": 2344225934,
                "sectorsize": 512
            }
        },
        "/dev/sdd": {
            "CURRENT_TAGS": ":systemd:",
            "DEVLINKS": "/dev/disk/by-id/scsi-SDELL_PERC_H730_Adp_000bfd5726e903601f00dd3565a06d86 /dev/disk/by-path/pci-0000:03:00.0-scsi-0:2:0:0 /dev/disk/by-id/wwn-0x61866da06535dd001f6003e92657fd0b /dev/disk/by-id/scsi-361866da06535dd001f6003e92657fd0b",
            "DEVNAME": "/dev/sdd",
            "DEVPATH": "/devices/pci0000:00/0000:00:01.0/0000:03:00.0/host0/target0:2:0/0:2:0:0/block/sdd",
            "DEVTYPE": "disk",
            "DISKSEQ": "12",
            "DM_MULTIPATH_DEVICE_PATH": "0",
            "ID_BUS": "scsi",
            "ID_MODEL": "PERC_H730_Adp",
            "ID_MODEL_ENC": "PERC\\x20H730\\x20Adp\\x20\\x20\\x20",
            "ID_PART_TABLE_TYPE": "gpt",
            "ID_PART_TABLE_UUID": "fed8cf84-7ad0-4a7f-ae1e-abc3aede7d96",
            "ID_PATH": "pci-0000:03:00.0-scsi-0:2:0:0",
            "ID_PATH_TAG": "pci-0000_03_00_0-scsi-0_2_0_0",
            "ID_REVISION": "4.26",
            "ID_SCSI": "1",
            "ID_SCSI_INQUIRY": "1",
            "ID_SCSI_SERIAL": "000bfd5726e903601f00dd3565a06d86",
            "ID_SERIAL": "361866da06535dd001f6003e92657fd0b",
            "ID_SERIAL_SHORT": "61866da06535dd001f6003e92657fd0b",
            "ID_TYPE": "disk",
            "ID_VENDOR": "DELL",
            "ID_VENDOR_ENC": "DELL\\x20\\x20\\x20\\x20",
            "ID_WWN": "0x61866da06535dd00",
            "ID_WWN_WITH_EXTENSION": "0x61866da06535dd001f6003e92657fd0b",
            "MAJOR": "8",
            "MINOR": "48",
            "MPATH_SBIN_PATH": "/sbin",
            "SCSI_IDENT_LUN_NAA_REGEXT": "61866da06535dd001f6003e92657fd0b",
            "SCSI_IDENT_SERIAL": "000bfd5726e903601f00dd3565a06d86",
            "SCSI_MODEL": "PERC_H730_Adp",
            "SCSI_MODEL_ENC": "PERC\\x20H730\\x20Adp\\x20\\x20\\x20",
            "SCSI_REVISION": "4.26",
            "SCSI_TPGS": "0",
            "SCSI_TYPE": "disk",
            "SCSI_VENDOR": "DELL",
            "SCSI_VENDOR_ENC": "DELL\\x20\\x20\\x20\\x20",
            "SUBSYSTEM": "block",
            "TAGS": ":systemd:",
            "USEC_INITIALIZED": "7759660",
            "attrs": {
                "alignment_offset": "0",
                "bdi": null,
                "capability": "40",
                "dev": "8:48",
                "device": null,
                "discard_alignment": "0",
                "diskseq": "12",
                "events": "",
                "events_async": "",
                "events_poll_msecs": "-1",
                "ext_range": "256",
                "hidden": "0",
                "inflight": "       0        0",
                "integrity/device_is_integrity_capable": "0",
                "integrity/format": "none",
                "integrity/protection_interval_bytes": "0",
                "integrity/read_verify": "0",
                "integrity/tag_size": "0",
                "integrity/write_generate": "0",
                "mq/0/cpu_list": "1",
                "mq/0/nr_reserved_tags": "0",
                "mq/0/nr_tags": "916",
                "mq/1/cpu_list": "3",
                "mq/1/nr_reserved_tags": "0",
                "mq/1/nr_tags": "916",
                "mq/10/cpu_list": "21",
                "mq/10/nr_reserved_tags": "0",
                "mq/10/nr_tags": "916",
                "mq/11/cpu_list": "23",
                "mq/11/nr_reserved_tags": "0",
                "mq/11/nr_tags": "916",
                "mq/12/cpu_list": "25",
                "mq/12/nr_reserved_tags": "0",
                "mq/12/nr_tags": "916",
                "mq/13/cpu_list": "27",
                "mq/13/nr_reserved_tags": "0",
                "mq/13/nr_tags": "916",
                "mq/14/cpu_list": "29",
                "mq/14/nr_reserved_tags": "0",
                "mq/14/nr_tags": "916",
                "mq/15/cpu_list": "31",
                "mq/15/nr_reserved_tags": "0",
                "mq/15/nr_tags": "916",
                "mq/16/cpu_list": "0",
                "mq/16/nr_reserved_tags": "0",
                "mq/16/nr_tags": "916",
                "mq/17/cpu_list": "2",
                "mq/17/nr_reserved_tags": "0",
                "mq/17/nr_tags": "916",
                "mq/18/cpu_list": "4",
                "mq/18/nr_reserved_tags": "0",
                "mq/18/nr_tags": "916",
                "mq/19/cpu_list": "6",
                "mq/19/nr_reserved_tags": "0",
                "mq/19/nr_tags": "916",
                "mq/2/cpu_list": "5",
                "mq/2/nr_reserved_tags": "0",
                "mq/2/nr_tags": "916",
                "mq/20/cpu_list": "8",
                "mq/20/nr_reserved_tags": "0",
                "mq/20/nr_tags": "916",
                "mq/21/cpu_list": "10",
                "mq/21/nr_reserved_tags": "0",
                "mq/21/nr_tags": "916",
                "mq/22/cpu_list": "12",
                "mq/22/nr_reserved_tags": "0",
                "mq/22/nr_tags": "916",
                "mq/23/cpu_list": "14",
                "mq/23/nr_reserved_tags": "0",
                "mq/23/nr_tags": "916",
                "mq/24/cpu_list": "16",
                "mq/24/nr_reserved_tags": "0",
                "mq/24/nr_tags": "916",
                "mq/25/cpu_list": "18",
                "mq/25/nr_reserved_tags": "0",
                "mq/25/nr_tags": "916",
                "mq/26/cpu_list": "20",
                "mq/26/nr_reserved_tags": "0",
                "mq/26/nr_tags": "916",
                "mq/27/cpu_list": "22",
                "mq/27/nr_reserved_tags": "0",
                "mq/27/nr_tags": "916",
                "mq/28/cpu_list": "24",
                "mq/28/nr_reserved_tags": "0",
                "mq/28/nr_tags": "916",
                "mq/29/cpu_list": "26",
                "mq/29/nr_reserved_tags": "0",
                "mq/29/nr_tags": "916",
                "mq/3/cpu_list": "7",
                "mq/3/nr_reserved_tags": "0",
                "mq/3/nr_tags": "916",
                "mq/30/cpu_list": "28",
                "mq/30/nr_reserved_tags": "0",
                "mq/30/nr_tags": "916",
                "mq/31/cpu_list": "30",
                "mq/31/nr_reserved_tags": "0",
                "mq/31/nr_tags": "916",
                "mq/4/cpu_list": "9",
                "mq/4/nr_reserved_tags": "0",
                "mq/4/nr_tags": "916",
                "mq/5/cpu_list": "11",
                "mq/5/nr_reserved_tags": "0",
                "mq/5/nr_tags": "916",
                "mq/6/cpu_list": "13",
                "mq/6/nr_reserved_tags": "0",
                "mq/6/nr_tags": "916",
                "mq/7/cpu_list": "15",
                "mq/7/nr_reserved_tags": "0",
                "mq/7/nr_tags": "916",
                "mq/8/cpu_list": "17",
                "mq/8/nr_reserved_tags": "0",
                "mq/8/nr_tags": "916",
                "mq/9/cpu_list": "19",
                "mq/9/nr_reserved_tags": "0",
                "mq/9/nr_tags": "916",
                "power/async": "disabled",
                "power/autosuspend_delay_ms": null,
                "power/control": "auto",
                "power/runtime_active_kids": "0",
                "power/runtime_active_time": "0",
                "power/runtime_enabled": "disabled",
                "power/runtime_status": "unsupported",
                "power/runtime_suspended_time": "0",
                "power/runtime_usage": "0",
                "queue/add_random": "1",
                "queue/chunk_sectors": "0",
                "queue/dax": "0",
                "queue/discard_granularity": "0",
                "queue/discard_max_bytes": "0",
                "queue/discard_max_hw_bytes": "0",
                "queue/discard_zeroes_data": "0",
                "queue/fua": "0",
                "queue/hw_sector_size": "512",
                "queue/io_poll": "0",
                "queue/io_poll_delay": "-1",
                "queue/io_timeout": "90000",
                "queue/iosched/async_depth": "192",
                "queue/iosched/fifo_batch": "16",
                "queue/iosched/front_merges": "1",
                "queue/iosched/read_expire": "500",
                "queue/iosched/write_expire": "5000",
                "queue/iosched/writes_starved": "2",
                "queue/iostats": "1",
                "queue/logical_block_size": "512",
                "queue/max_discard_segments": "1",
                "queue/max_hw_sectors_kb": "256",
                "queue/max_integrity_segments": "0",
                "queue/max_sectors_kb": "256",
                "queue/max_segment_size": "4294967295",
                "queue/max_segments": "64",
                "queue/minimum_io_size": "512",
                "queue/nomerges": "0",
                "queue/nr_requests": "256",
                "queue/nr_zones": "0",
                "queue/optimal_io_size": "0",
                "queue/physical_block_size": "512",
                "queue/read_ahead_kb": "128",
                "queue/rotational": "1",
                "queue/rq_affinity": "1",
                "queue/scheduler": "[mq-deadline] none",
                "queue/stable_writes": "0",
                "queue/virt_boundary_mask": "0",
                "queue/wbt_lat_usec": "75000",
                "queue/write_cache": "write through",
                "queue/write_same_max_bytes": "0",
                "queue/write_zeroes_max_bytes": "0",
                "queue/zone_append_max_bytes": "0",
                "queue/zone_write_granularity": "0",
                "queue/zoned": "none",
                "range": "16",
                "removable": "0",
                "ro": "0",
                "size": "5998190264320",
                "stat": "     651        0    29624      142        0        0        0        0        0      220      142        0        0        0        0        0        0",
                "subsystem": "block",
                "trace/act_mask": "disabled",
                "trace/enable": "0",
                "trace/end_lba": "disabled",
                "trace/pid": "disabled",
                "trace/start_lba": "disabled",
                "uevent": "MAJOR=8\nMINOR=48\nDEVNAME=sdd\nDEVTYPE=disk\nDISKSEQ=12"
            },
            "partitiontable": {
                "label": "gpt",
                "id": "FED8CF84-7AD0-4A7F-AE1E-ABC3AEDE7D96",
                "device": "/dev/sdd",
                "unit": "sectors",
                "firstlba": 34,
                "lastlba": 11715215326,
                "sectorsize": 512
            }
        },
        "/dev/sde": {
            "CURRENT_TAGS": ":systemd:",
            "DEVLINKS": "/dev/disk/by-id/usb-_USB_DISK_3.0_0701237D95B25B27-0:0 /dev/disk/by-label/Ubuntu-Server\\x2022.04.4\\x20LTS\\x20amd64 /dev/disk/by-path/pci-0000:00:14.0-usb-0:11:1.0-scsi-0:0:0:0 /dev/disk/by-uuid/2024-02-16-23-52-30-00",
            "DEVNAME": "/dev/sde",
            "DEVPATH": "/devices/pci0000:00/0000:00:14.0/usb3/3-11/3-11:1.0/host11/target11:0:0/11:0:0:0/block/sde",
            "DEVTYPE": "disk",
            "DISKSEQ": "15",
            "ID_BUS": "usb",
            "ID_FS_BOOT_SYSTEM_ID": "EL\\x20TORITO\\x20SPECIFICATION",
            "ID_FS_DATA_PREPARER_ID": "XORRISO-1.5.4\\x202021.01.30.150001\\x2c\\x20LIBISOBURN-1.5.4\\x2c\\x20LIBISOFS-1.5.4\\x2c\\x20LIBBURN-1.5.4",
            "ID_FS_LABEL": "Ubuntu-Server_22.04.4_LTS_amd64",
            "ID_FS_LABEL_ENC": "Ubuntu-Server\\x2022.04.4\\x20LTS\\x20amd64",
            "ID_FS_TYPE": "iso9660",
            "ID_FS_USAGE": "filesystem",
            "ID_FS_UUID": "2024-02-16-23-52-30-00",
            "ID_FS_UUID_ENC": "2024-02-16-23-52-30-00",
            "ID_FS_VERSION": "Joliet Extension",
            "ID_INSTANCE": "0:0",
            "ID_MODEL": "USB_DISK_3.0",
            "ID_MODEL_ENC": "USB\\x20DISK\\x203.0\\x20\\x20\\x20\\x20",
            "ID_MODEL_ID": "0031",
            "ID_PART_TABLE_TYPE": "gpt",
            "ID_PART_TABLE_UUID": "d300351f-8cba-4c21-9d7c-11d59f07a693",
            "ID_PATH": "pci-0000:00:14.0-usb-0:11:1.0-scsi-0:0:0:0",
            "ID_PATH_TAG": "pci-0000_00_14_0-usb-0_11_1_0-scsi-0_0_0_0",
            "ID_REVISION": "PMAP",
            "ID_SCSI": "1",
            "ID_SCSI_INQUIRY": "1",
            "ID_SERIAL": "_USB_DISK_3.0_0701237D95B25B27-0:0",
            "ID_SERIAL_SHORT": "0701237D95B25B27",
            "ID_TYPE": "disk",
            "ID_USB_DRIVER": "usb-storage",
            "ID_USB_INTERFACES": ":080650:",
            "ID_USB_INTERFACE_NUM": "00",
            "ID_VENDOR_ENC": "\\x20\\x20\\x20\\x20\\x20\\x20\\x20\\x20",
            "ID_VENDOR_ID": "6557",
            "MAJOR": "8",
            "MINOR": "64",
            "MPATH_SBIN_PATH": "/sbin",
            "SCSI_MODEL": "USB_DISK_3.0",
            "SCSI_MODEL_ENC": "USB\\x20DISK\\x203.0\\x20\\x20\\x20\\x20",
            "SCSI_REVISION": "PMAP",
            "SCSI_TPGS": "0",
            "SCSI_TYPE": "disk",
            "SUBSYSTEM": "block",
            "TAGS": ":systemd:",
            "USEC_INITIALIZED": "12392798",
            "attrs": {
                "alignment_offset": "0",
                "bdi": null,
                "capability": "41",
                "dev": "8:64",
                "device": null,
                "discard_alignment": "0",
                "diskseq": "15",
                "events": "media_change",
                "events_async": "",
                "events_poll_msecs": "-1",
                "ext_range": "256",
                "hidden": "0",
                "inflight": "       0        0",
                "integrity/device_is_integrity_capable": "0",
                "integrity/format": "none",
                "integrity/protection_interval_bytes": "0",
                "integrity/read_verify": "0",
                "integrity/tag_size": "0",
                "integrity/write_generate": "0",
                "mq/0/cpu_list": "0, 1, 2, 3, 4, 5, 6, 7, 8, 9, 10, 11, 12, 13, 14, 15, 16, 17, 18, 19, 20, 21, 22, 23, 24, 25, 26, 27, 28, 29, 30, 31",
                "mq/0/nr_reserved_tags": "0",
                "mq/0/nr_tags": "1",
                "power/async": "disabled",
                "power/autosuspend_delay_ms": null,
                "power/control": "auto",
                "power/runtime_active_kids": "0",
                "power/runtime_active_time": "0",
                "power/runtime_enabled": "disabled",
                "power/runtime_status": "unsupported",
                "power/runtime_suspended_time": "0",
                "power/runtime_usage": "0",
                "queue/add_random": "1",
                "queue/chunk_sectors": "0",
                "queue/dax": "0",
                "queue/discard_granularity": "0",
                "queue/discard_max_bytes": "0",
                "queue/discard_max_hw_bytes": "0",
                "queue/discard_zeroes_data": "0",
                "queue/fua": "0",
                "queue/hw_sector_size": "512",
                "queue/io_poll": "0",
                "queue/io_poll_delay": "-1",
                "queue/io_timeout": "30000",
                "queue/iosched/async_depth": "1",
                "queue/iosched/fifo_batch": "16",
                "queue/iosched/front_merges": "1",
                "queue/iosched/read_expire": "500",
                "queue/iosched/write_expire": "5000",
                "queue/iosched/writes_starved": "2",
                "queue/iostats": "1",
                "queue/logical_block_size": "512",
                "queue/max_discard_segments": "1",
                "queue/max_hw_sectors_kb": "120",
                "queue/max_integrity_segments": "0",
                "queue/max_sectors_kb": "120",
                "queue/max_segment_size": "65536",
                "queue/max_segments": "2048",
                "queue/minimum_io_size": "512",
                "queue/nomerges": "0",
                "queue/nr_requests": "2",
                "queue/nr_zones": "0",
                "queue/optimal_io_size": "0",
                "queue/physical_block_size": "512",
                "queue/read_ahead_kb": "128",
                "queue/rotational": "1",
                "queue/rq_affinity": "1",
                "queue/scheduler": "[mq-deadline] none",
                "queue/stable_writes": "0",
                "queue/virt_boundary_mask": "0",
                "queue/wbt_lat_usec": "75000",
                "queue/write_cache": "write through",
                "queue/write_same_max_bytes": "0",
                "queue/write_zeroes_max_bytes": "0",
                "queue/zone_append_max_bytes": "0",
                "queue/zone_write_granularity": "0",
                "queue/zoned": "none",
                "range": "16",
                "removable": "1",
                "ro": "0",
                "size": "62026416128",
                "stat": "   34692      347  4117841   122760     5018     9375  1087314   155873        0   216192   278633        0        0        0        0        0        0",
                "subsystem": "block",
                "trace/act_mask": "disabled",
                "trace/enable": "0",
                "trace/end_lba": "disabled",
                "trace/pid": "disabled",
                "trace/start_lba": "disabled",
                "uevent": "MAJOR=8\nMINOR=64\nDEVNAME=sde\nDEVTYPE=disk\nDISKSEQ=15"
            },
            "partitiontable": {
                "label": "gpt",
                "id": "D300351F-8CBA-4C21-9D7C-11D59F07A693",
                "device": "/dev/sde",
                "unit": "sectors",
                "firstlba": 64,
                "lastlba": 121145280,
                "table-length": "248",
                "sectorsize": 512,
                "partitions": [
                    {
                        "node": "/dev/sde1",
                        "start": 64,
                        "size": 4099376,
                        "type": "EBD0A0A2-B9E5-4433-87C0-68B6B72699C7",
                        "uuid": "D300351F-8CBA-4C21-9D7D-11D59F07A693",
                        "name": "ISO9660",
                        "attrs": "RequiredPartition GUID:60"
                    },
                    {
                        "node": "/dev/sde2",
                        "start": 4099440,
                        "size": 10068,
                        "type": "C12A7328-F81F-11D2-BA4B-00A0C93EC93B",
                        "uuid": "D300351F-8CBA-4C21-9D7E-11D59F07A693",
                        "name": "Appended2"
                    },
                    {
                        "node": "/dev/sde3",
                        "start": 4109508,
                        "size": 600,
                        "type": "EBD0A0A2-B9E5-4433-87C0-68B6B72699C7",
                        "uuid": "D300351F-8CBA-4C21-9D7F-11D59F07A693",
                        "name": "Gap1",
                        "attrs": "RequiredPartition GUID:60"
                    },
                    {
                        "node": "/dev/sde4",
                        "start": 4112384,
                        "size": 117032897,
                        "type": "0FC63DAF-8483-4772-8E79-3D69D8477DE4",
                        "uuid": "D4A4CAAA-E2F6-4E4C-A594-DC764875EB79"
                    }
                ]
            }
        },
        "/dev/sde1": {
            "CURRENT_TAGS": ":systemd:",
            "DEVLINKS": "/dev/disk/by-label/Ubuntu-Server\\x2022.04.4\\x20LTS\\x20amd64 /dev/disk/by-id/usb-_USB_DISK_3.0_0701237D95B25B27-0:0-part1 /dev/disk/by-path/pci-0000:00:14.0-usb-0:11:1.0-scsi-0:0:0:0-part1 /dev/disk/by-partlabel/ISO9660 /dev/disk/by-partuuid/d300351f-8cba-4c21-9d7d-11d59f07a693 /dev/disk/by-uuid/2024-02-16-23-52-30-00",
            "DEVNAME": "/dev/sde1",
            "DEVPATH": "/devices/pci0000:00/0000:00:14.0/usb3/3-11/3-11:1.0/host11/target11:0:0/11:0:0:0/block/sde/sde1",
            "DEVTYPE": "partition",
            "DISKSEQ": "15",
            "ID_BUS": "usb",
            "ID_FS_DATA_PREPARER_ID": "XORRISO-1.5.4\\x202021.01.30.150001\\x2c\\x20LIBISOBURN-1.5.4\\x2c\\x20LIBISOFS-1.5.4\\x2c\\x20LIBBURN-1.5.4",
            "ID_FS_LABEL": "Ubuntu-Server_22.04.4_LTS_amd64",
            "ID_FS_LABEL_ENC": "Ubuntu-Server\\x2022.04.4\\x20LTS\\x20amd64",
            "ID_FS_TYPE": "iso9660",
            "ID_FS_USAGE": "filesystem",
            "ID_FS_UUID": "2024-02-16-23-52-30-00",
            "ID_FS_UUID_ENC": "2024-02-16-23-52-30-00",
            "ID_FS_VERSION": "Joliet Extension",
            "ID_INSTANCE": "0:0",
            "ID_MODEL": "USB_DISK_3.0",
            "ID_MODEL_ENC": "USB\\x20DISK\\x203.0\\x20\\x20\\x20\\x20",
            "ID_MODEL_ID": "0031",
            "ID_PART_ENTRY_DISK": "8:64",
            "ID_PART_ENTRY_FLAGS": "0x1000000000000001",
            "ID_PART_ENTRY_NAME": "ISO9660",
            "ID_PART_ENTRY_NUMBER": "1",
            "ID_PART_ENTRY_OFFSET": "64",
            "ID_PART_ENTRY_SCHEME": "gpt",
            "ID_PART_ENTRY_SIZE": "4099376",
            "ID_PART_ENTRY_TYPE": "ebd0a0a2-b9e5-4433-87c0-68b6b72699c7",
            "ID_PART_ENTRY_UUID": "d300351f-8cba-4c21-9d7d-11d59f07a693",
            "ID_PART_TABLE_TYPE": "gpt",
            "ID_PART_TABLE_UUID": "d300351f-8cba-4c21-9d7c-11d59f07a693",
            "ID_PATH": "pci-0000:00:14.0-usb-0:11:1.0-scsi-0:0:0:0",
            "ID_PATH_TAG": "pci-0000_00_14_0-usb-0_11_1_0-scsi-0_0_0_0",
            "ID_REVISION": "PMAP",
            "ID_SCSI": "1",
            "ID_SCSI_INQUIRY": "1",
            "ID_SERIAL": "_USB_DISK_3.0_0701237D95B25B27-0:0",
            "ID_SERIAL_SHORT": "0701237D95B25B27",
            "ID_TYPE": "disk",
            "ID_USB_DRIVER": "usb-storage",
            "ID_USB_INTERFACES": ":080650:",
            "ID_USB_INTERFACE_NUM": "00",
            "ID_VENDOR_ENC": "\\x20\\x20\\x20\\x20\\x20\\x20\\x20\\x20",
            "ID_VENDOR_ID": "6557",
            "MAJOR": "8",
            "MINOR": "65",
            "PARTN": "1",
            "PARTNAME": "ISO9660",
            "SCSI_MODEL": "USB_DISK_3.0",
            "SCSI_MODEL_ENC": "USB\\x20DISK\\x203.0\\x20\\x20\\x20\\x20",
            "SCSI_REVISION": "PMAP",
            "SCSI_TPGS": "0",
            "SCSI_TYPE": "disk",
            "SUBSYSTEM": "block",
            "TAGS": ":systemd:",
            "USEC_INITIALIZED": "13714786",
            "attrs": {
                "alignment_offset": "0",
                "dev": "8:65",
                "discard_alignment": "0",
                "inflight": "       0        0",
                "partition": "1",
                "power/async": "disabled",
                "power/autosuspend_delay_ms": null,
                "power/control": "auto",
                "power/runtime_active_kids": "0",
                "power/runtime_active_time": "0",
                "power/runtime_enabled": "disabled",
                "power/runtime_status": "unsupported",
                "power/runtime_suspended_time": "0",
                "power/runtime_usage": "0",
                "ro": "0",
                "size": "2098880512",
                "start": "64",
                "stat": "   33680      342  4085028   115099        0        0        0        0        0    71604   115099        0        0        0        0        0        0",
                "subsystem": "block",
                "trace/act_mask": "disabled",
                "trace/enable": "0",
                "trace/end_lba": "disabled",
                "trace/pid": "disabled",
                "trace/start_lba": "disabled",
                "uevent": "MAJOR=8\nMINOR=65\nDEVNAME=sde1\nDEVTYPE=partition\nDISKSEQ=15\nPARTN=1\nPARTNAME=ISO9660"
            }
        },
        "/dev/sde2": {
            "CURRENT_TAGS": ":systemd:",
            "DEVLINKS": "/dev/disk/by-partlabel/Appended2 /dev/disk/by-partuuid/d300351f-8cba-4c21-9d7e-11d59f07a693 /dev/disk/by-uuid/927C-33D8 /dev/disk/by-id/usb-_USB_DISK_3.0_0701237D95B25B27-0:0-part2 /dev/disk/by-path/pci-0000:00:14.0-usb-0:11:1.0-scsi-0:0:0:0-part2 /dev/disk/by-label/ESP",
            "DEVNAME": "/dev/sde2",
            "DEVPATH": "/devices/pci0000:00/0000:00:14.0/usb3/3-11/3-11:1.0/host11/target11:0:0/11:0:0:0/block/sde/sde2",
            "DEVTYPE": "partition",
            "DISKSEQ": "15",
            "ID_BUS": "usb",
            "ID_FS_LABEL": "ESP",
            "ID_FS_LABEL_ENC": "ESP",
            "ID_FS_TYPE": "vfat",
            "ID_FS_USAGE": "filesystem",
            "ID_FS_UUID": "927C-33D8",
            "ID_FS_UUID_ENC": "927C-33D8",
            "ID_FS_VERSION": "FAT12",
            "ID_INSTANCE": "0:0",
            "ID_MODEL": "USB_DISK_3.0",
            "ID_MODEL_ENC": "USB\\x20DISK\\x203.0\\x20\\x20\\x20\\x20",
            "ID_MODEL_ID": "0031",
            "ID_PART_ENTRY_DISK": "8:64",
            "ID_PART_ENTRY_NAME": "Appended2",
            "ID_PART_ENTRY_NUMBER": "2",
            "ID_PART_ENTRY_OFFSET": "4099440",
            "ID_PART_ENTRY_SCHEME": "gpt",
            "ID_PART_ENTRY_SIZE": "10068",
            "ID_PART_ENTRY_TYPE": "c12a7328-f81f-11d2-ba4b-00a0c93ec93b",
            "ID_PART_ENTRY_UUID": "d300351f-8cba-4c21-9d7e-11d59f07a693",
            "ID_PART_TABLE_TYPE": "gpt",
            "ID_PART_TABLE_UUID": "d300351f-8cba-4c21-9d7c-11d59f07a693",
            "ID_PATH": "pci-0000:00:14.0-usb-0:11:1.0-scsi-0:0:0:0",
            "ID_PATH_TAG": "pci-0000_00_14_0-usb-0_11_1_0-scsi-0_0_0_0",
            "ID_REVISION": "PMAP",
            "ID_SCSI": "1",
            "ID_SCSI_INQUIRY": "1",
            "ID_SERIAL": "_USB_DISK_3.0_0701237D95B25B27-0:0",
            "ID_SERIAL_SHORT": "0701237D95B25B27",
            "ID_TYPE": "disk",
            "ID_USB_DRIVER": "usb-storage",
            "ID_USB_INTERFACES": ":080650:",
            "ID_USB_INTERFACE_NUM": "00",
            "ID_VENDOR_ENC": "\\x20\\x20\\x20\\x20\\x20\\x20\\x20\\x20",
            "ID_VENDOR_ID": "6557",
            "MAJOR": "8",
            "MINOR": "66",
            "PARTN": "2",
            "PARTNAME": "Appended2",
            "SCSI_MODEL": "USB_DISK_3.0",
            "SCSI_MODEL_ENC": "USB\\x20DISK\\x203.0\\x20\\x20\\x20\\x20",
            "SCSI_REVISION": "PMAP",
            "SCSI_TPGS": "0",
            "SCSI_TYPE": "disk",
            "SUBSYSTEM": "block",
            "TAGS": ":systemd:",
            "UDISKS_IGNORE": "1",
            "USEC_INITIALIZED": "13541126",
            "attrs": {
                "alignment_offset": "0",
                "dev": "8:66",
                "discard_alignment": "0",
                "inflight": "       0        0",
                "partition": "2",
                "power/async": "disabled",
                "power/autosuspend_delay_ms": null,
                "power/control": "auto",
                "power/runtime_active_kids": "0",
                "power/runtime_active_time": "0",
                "power/runtime_enabled": "disabled",
                "power/runtime_status": "unsupported",
                "power/runtime_suspended_time": "0",
                "power/runtime_usage": "0",
                "ro": "0",
                "size": "5154816",
                "start": "4099440",
                "stat": "     156        0     3492      715        0        0        0        0        0      892      715        0        0        0        0        0        0",
                "subsystem": "block",
                "trace/act_mask": "disabled",
                "trace/enable": "0",
                "trace/end_lba": "disabled",
                "trace/pid": "disabled",
                "trace/start_lba": "disabled",
                "uevent": "MAJOR=8\nMINOR=66\nDEVNAME=sde2\nDEVTYPE=partition\nDISKSEQ=15\nPARTN=2\nPARTNAME=Appended2"
            },
            "partitiontable": {
                "label": "dos",
                "id": "0x00000000",
                "device": "/dev/sde2",
                "unit": "sectors",
                "sectorsize": 512
            }
        },
        "/dev/sde3": {
            "CURRENT_TAGS": ":systemd:",
            "DEVLINKS": "/dev/disk/by-path/pci-0000:00:14.0-usb-0:11:1.0-scsi-0:0:0:0-part3 /dev/disk/by-partuuid/d300351f-8cba-4c21-9d7f-11d59f07a693 /dev/disk/by-partlabel/Gap1 /dev/disk/by-id/usb-_USB_DISK_3.0_0701237D95B25B27-0:0-part3",
            "DEVNAME": "/dev/sde3",
            "DEVPATH": "/devices/pci0000:00/0000:00:14.0/usb3/3-11/3-11:1.0/host11/target11:0:0/11:0:0:0/block/sde/sde3",
            "DEVTYPE": "partition",
            "DISKSEQ": "15",
            "ID_BUS": "usb",
            "ID_INSTANCE": "0:0",
            "ID_MODEL": "USB_DISK_3.0",
            "ID_MODEL_ENC": "USB\\x20DISK\\x203.0\\x20\\x20\\x20\\x20",
            "ID_MODEL_ID": "0031",
            "ID_PART_ENTRY_DISK": "8:64",
            "ID_PART_ENTRY_FLAGS": "0x1000000000000001",
            "ID_PART_ENTRY_NAME": "Gap1",
            "ID_PART_ENTRY_NUMBER": "3",
            "ID_PART_ENTRY_OFFSET": "4109508",
            "ID_PART_ENTRY_SCHEME": "gpt",
            "ID_PART_ENTRY_SIZE": "600",
            "ID_PART_ENTRY_TYPE": "ebd0a0a2-b9e5-4433-87c0-68b6b72699c7",
            "ID_PART_ENTRY_UUID": "d300351f-8cba-4c21-9d7f-11d59f07a693",
            "ID_PART_TABLE_TYPE": "gpt",
            "ID_PART_TABLE_UUID": "d300351f-8cba-4c21-9d7c-11d59f07a693",
            "ID_PATH": "pci-0000:00:14.0-usb-0:11:1.0-scsi-0:0:0:0",
            "ID_PATH_TAG": "pci-0000_00_14_0-usb-0_11_1_0-scsi-0_0_0_0",
            "ID_REVISION": "PMAP",
            "ID_SCSI": "1",
            "ID_SCSI_INQUIRY": "1",
            "ID_SERIAL": "_USB_DISK_3.0_0701237D95B25B27-0:0",
            "ID_SERIAL_SHORT": "0701237D95B25B27",
            "ID_TYPE": "disk",
            "ID_USB_DRIVER": "usb-storage",
            "ID_USB_INTERFACES": ":080650:",
            "ID_USB_INTERFACE_NUM": "00",
            "ID_VENDOR_ENC": "\\x20\\x20\\x20\\x20\\x20\\x20\\x20\\x20",
            "ID_VENDOR_ID": "6557",
            "MAJOR": "8",
            "MINOR": "67",
            "PARTN": "3",
            "PARTNAME": "Gap1",
            "SCSI_MODEL": "USB_DISK_3.0",
            "SCSI_MODEL_ENC": "USB\\x20DISK\\x203.0\\x20\\x20\\x20\\x20",
            "SCSI_REVISION": "PMAP",
            "SCSI_TPGS": "0",
            "SCSI_TYPE": "disk",
            "SUBSYSTEM": "block",
            "TAGS": ":systemd:",
            "USEC_INITIALIZED": "13697034",
            "attrs": {
                "alignment_offset": "0",
                "dev": "8:67",
                "discard_alignment": "0",
                "inflight": "       0        0",
                "partition": "3",
                "power/async": "disabled",
                "power/autosuspend_delay_ms": null,
                "power/control": "auto",
                "power/runtime_active_kids": "0",
                "power/runtime_active_time": "0",
                "power/runtime_enabled": "disabled",
                "power/runtime_status": "unsupported",
                "power/runtime_suspended_time": "0",
                "power/runtime_usage": "0",
                "ro": "0",
                "size": "307200",
                "start": "4109508",
                "stat": "     165        0     1320      660        0        0        0        0        0      964      660        0        0        0        0        0        0",
                "subsystem": "block",
                "trace/act_mask": "disabled",
                "trace/enable": "0",
                "trace/end_lba": "disabled",
                "trace/pid": "disabled",
                "trace/start_lba": "disabled",
                "uevent": "MAJOR=8\nMINOR=67\nDEVNAME=sde3\nDEVTYPE=partition\nDISKSEQ=15\nPARTN=3\nPARTNAME=Gap1"
            }
        },
        "/dev/sde4": {
            "CURRENT_TAGS": ":systemd:",
            "DEVLINKS": "/dev/disk/by-path/pci-0000:00:14.0-usb-0:11:1.0-scsi-0:0:0:0-part4 /dev/disk/by-partuuid/d4a4caaa-e2f6-4e4c-a594-dc764875eb79 /dev/disk/by-uuid/564fa6f2-39dd-4642-b483-26935bfde904 /dev/disk/by-label/writable /dev/disk/by-id/usb-_USB_DISK_3.0_0701237D95B25B27-0:0-part4",
            "DEVNAME": "/dev/sde4",
            "DEVPATH": "/devices/pci0000:00/0000:00:14.0/usb3/3-11/3-11:1.0/host11/target11:0:0/11:0:0:0/block/sde/sde4",
            "DEVTYPE": "partition",
            "DISKSEQ": "15",
            "ID_BUS": "usb",
            "ID_FS_LABEL": "writable",
            "ID_FS_LABEL_ENC": "writable",
            "ID_FS_TYPE": "ext4",
            "ID_FS_USAGE": "filesystem",
            "ID_FS_UUID": "564fa6f2-39dd-4642-b483-26935bfde904",
            "ID_FS_UUID_ENC": "564fa6f2-39dd-4642-b483-26935bfde904",
            "ID_FS_VERSION": "1.0",
            "ID_INSTANCE": "0:0",
            "ID_MODEL": "USB_DISK_3.0",
            "ID_MODEL_ENC": "USB\\x20DISK\\x203.0\\x20\\x20\\x20\\x20",
            "ID_MODEL_ID": "0031",
            "ID_PART_ENTRY_DISK": "8:64",
            "ID_PART_ENTRY_NUMBER": "4",
            "ID_PART_ENTRY_OFFSET": "4112384",
            "ID_PART_ENTRY_SCHEME": "gpt",
            "ID_PART_ENTRY_SIZE": "117032897",
            "ID_PART_ENTRY_TYPE": "0fc63daf-8483-4772-8e79-3d69d8477de4",
            "ID_PART_ENTRY_UUID": "d4a4caaa-e2f6-4e4c-a594-dc764875eb79",
            "ID_PART_TABLE_TYPE": "gpt",
            "ID_PART_TABLE_UUID": "d300351f-8cba-4c21-9d7c-11d59f07a693",
            "ID_PATH": "pci-0000:00:14.0-usb-0:11:1.0-scsi-0:0:0:0",
            "ID_PATH_TAG": "pci-0000_00_14_0-usb-0_11_1_0-scsi-0_0_0_0",
            "ID_REVISION": "PMAP",
            "ID_SCSI": "1",
            "ID_SCSI_INQUIRY": "1",
            "ID_SERIAL": "_USB_DISK_3.0_0701237D95B25B27-0:0",
            "ID_SERIAL_SHORT": "0701237D95B25B27",
            "ID_TYPE": "disk",
            "ID_USB_DRIVER": "usb-storage",
            "ID_USB_INTERFACES": ":080650:",
            "ID_USB_INTERFACE_NUM": "00",
            "ID_VENDOR_ENC": "\\x20\\x20\\x20\\x20\\x20\\x20\\x20\\x20",
            "ID_VENDOR_ID": "6557",
            "MAJOR": "8",
            "MINOR": "68",
            "PARTN": "4",
            "SCSI_MODEL": "USB_DISK_3.0",
            "SCSI_MODEL_ENC": "USB\\x20DISK\\x203.0\\x20\\x20\\x20\\x20",
            "SCSI_REVISION": "PMAP",
            "SCSI_TPGS": "0",
            "SCSI_TYPE": "disk",
            "SUBSYSTEM": "block",
            "TAGS": ":systemd:",
            "USEC_INITIALIZED": "81444177",
            "attrs": {
                "alignment_offset": "0",
                "dev": "8:68",
                "discard_alignment": "0",
                "inflight": "       0        0",
                "partition": "4",
                "power/async": "disabled",
                "power/autosuspend_delay_ms": null,
                "power/control": "auto",
                "power/runtime_active_kids": "0",
                "power/runtime_active_time": "0",
                "power/runtime_enabled": "disabled",
                "power/runtime_status": "unsupported",
                "power/runtime_suspended_time": "0",
                "power/runtime_usage": "0",
                "ro": "0",
                "size": "59920843264",
                "start": "4112384",
                "stat": "     215        5    12125     1005     5012     9361  1087154   155846        0   157572   156851        0        0        0        0        0        0",
                "subsystem": "block",
                "trace/act_mask": "disabled",
                "trace/enable": "0",
                "trace/end_lba": "disabled",
                "trace/pid": "disabled",
                "trace/start_lba": "disabled",
                "uevent": "MAJOR=8\nMINOR=68\nDEVNAME=sde4\nDEVTYPE=partition\nDISKSEQ=15\nPARTN=4"
            }
        },
        "/dev/sr0": {
            "CURRENT_TAGS": ":systemd:seat:uaccess:",
            "DEVLINKS": "/dev/disk/by-path/pci-0000:00:1f.2-ata-6 /dev/disk/by-id/ata-HL-DT-ST_DVD+_-RW_GHB0N_K46G6683828 /dev/cdrom /dev/disk/by-id/wwn-0x5001480000000000 /dev/disk/by-path/pci-0000:00:1f.2-ata-6.0",
            "DEVNAME": "/dev/sr0",
            "DEVPATH": "/devices/pci0000:00/0000:00:1f.2/ata10/host10/target10:0:0/10:0:0:0/block/sr0",
            "DEVTYPE": "disk",
            "DISKSEQ": "14",
            "ID_ATA": "1",
            "ID_ATA_SATA": "1",
            "ID_ATA_SATA_SIGNAL_RATE_GEN1": "1",
            "ID_BUS": "ata",
            "ID_CDROM": "1",
            "ID_CDROM_CD": "1",
            "ID_CDROM_CD_R": "1",
            "ID_CDROM_CD_RW": "1",
            "ID_CDROM_DVD": "1",
            "ID_CDROM_DVD_PLUS_R": "1",
            "ID_CDROM_DVD_PLUS_RW": "1",
            "ID_CDROM_DVD_PLUS_R_DL": "1",
            "ID_CDROM_DVD_R": "1",
            "ID_CDROM_DVD_RAM": "1",
            "ID_CDROM_DVD_RW": "1",
            "ID_CDROM_DVD_RW_RO": "1",
            "ID_CDROM_DVD_RW_SEQ": "1",
            "ID_CDROM_DVD_R_DL": "1",
            "ID_CDROM_DVD_R_DL_JR": "1",
            "ID_CDROM_DVD_R_DL_SEQ": "1",
            "ID_CDROM_MRW": "1",
            "ID_CDROM_MRW_W": "1",
            "ID_CDROM_RW_REMOVABLE": "1",
            "ID_FOR_SEAT": "block-pci-0000_00_1f_2-ata-6_0",
            "ID_MODEL": "HL-DT-ST_DVD+_-RW_GHB0N",
            "ID_MODEL_ENC": "HL-DT-ST\\x20DVD+\\x2f-RW\\x20GHB0N\\x20\\x20\\x20\\x20\\x20\\x20\\x20\\x20\\x20\\x20\\x20\\x20\\x20\\x20\\x20\\x20\\x20",
            "ID_PATH": "pci-0000:00:1f.2-ata-6.0",
            "ID_PATH_ATA_COMPAT": "pci-0000:00:1f.2-ata-6",
            "ID_PATH_TAG": "pci-0000_00_1f_2-ata-6_0",
            "ID_REVISION": "A1C0",
            "ID_SCSI": "1",
            "ID_SCSI_INQUIRY": "1",
            "ID_SERIAL": "HL-DT-ST_DVD+_-RW_GHB0N_K46G6683828",
            "ID_SERIAL_SHORT": "K46G6683828",
            "ID_TYPE": "cd",
            "ID_VENDOR": "HL-DT-ST",
            "ID_VENDOR_ENC": "HL-DT-ST",
            "ID_WWN": "0x5001480000000000",
            "ID_WWN_WITH_EXTENSION": "0x5001480000000000",
            "MAJOR": "11",
            "MINOR": "0",
            "SCSI_MODEL": "DVD+-RW_GHB0N",
            "SCSI_MODEL_ENC": "DVD+-RW\\x20GHB0N\\x20\\x20\\x20",
            "SCSI_REVISION": "A1C0",
            "SCSI_TPGS": "0",
            "SCSI_TYPE": "cd/dvd",
            "SCSI_VENDOR": "HL-DT-ST",
            "SCSI_VENDOR_ENC": "HL-DT-ST",
            "SUBSYSTEM": "block",
            "TAGS": ":systemd:seat:uaccess:",
            "USEC_INITIALIZED": "8309559",
            "attrs": {
                "alignment_offset": "0",
                "bdi": null,
                "capability": "9",
                "dev": "11:0",
                "device": null,
                "discard_alignment": "0",
                "diskseq": "14",
                "events": "media_change eject_request",
                "events_async": "",
                "events_poll_msecs": "-1",
                "ext_range": "1",
                "hidden": "0",
                "inflight": "       0        0",
                "integrity/device_is_integrity_capable": "0",
                "integrity/format": "none",
                "integrity/protection_interval_bytes": "0",
                "integrity/read_verify": "0",
                "integrity/tag_size": "0",
                "integrity/write_generate": "0",
                "mq/0/cpu_list": "0, 1, 2, 3, 4, 5, 6, 7, 8, 9, 10, 11, 12, 13, 14, 15, 16, 17, 18, 19, 20, 21, 22, 23, 24, 25, 26, 27, 28, 29, 30, 31",
                "mq/0/nr_reserved_tags": "0",
                "mq/0/nr_tags": "32",
                "power/async": "disabled",
                "power/autosuspend_delay_ms": null,
                "power/control": "auto",
                "power/runtime_active_kids": "0",
                "power/runtime_active_time": "0",
                "power/runtime_enabled": "disabled",
                "power/runtime_status": "unsupported",
                "power/runtime_suspended_time": "0",
                "power/runtime_usage": "0",
                "queue/add_random": "0",
                "queue/bsg": null,
                "queue/chunk_sectors": "0",
                "queue/dax": "0",
                "queue/discard_granularity": "0",
                "queue/discard_max_bytes": "0",
                "queue/discard_max_hw_bytes": "0",
                "queue/discard_zeroes_data": "0",
                "queue/fua": "0",
                "queue/hw_sector_size": "512",
                "queue/io_poll": "0",
                "queue/io_poll_delay": "-1",
                "queue/io_timeout": "30000",
                "queue/iosched/async_depth": "48",
                "queue/iosched/fifo_batch": "16",
                "queue/iosched/front_merges": "1",
                "queue/iosched/read_expire": "500",
                "queue/iosched/write_expire": "5000",
                "queue/iosched/writes_starved": "2",
                "queue/iostats": "1",
                "queue/logical_block_size": "512",
                "queue/max_discard_segments": "1",
                "queue/max_hw_sectors_kb": "128",
                "queue/max_integrity_segments": "0",
                "queue/max_sectors_kb": "128",
                "queue/max_segment_size": "65536",
                "queue/max_segments": "167",
                "queue/minimum_io_size": "512",
                "queue/nomerges": "0",
                "queue/nr_requests": "64",
                "queue/nr_zones": "0",
                "queue/optimal_io_size": "0",
                "queue/physical_block_size": "512",
                "queue/read_ahead_kb": "128",
                "queue/rotational": "1",
                "queue/rq_affinity": "1",
                "queue/scheduler": "[mq-deadline] none",
                "queue/stable_writes": "0",
                "queue/virt_boundary_mask": "0",
                "queue/wbt_lat_usec": "75000",
                "queue/write_cache": "write through",
                "queue/write_same_max_bytes": "0",
                "queue/write_zeroes_max_bytes": "0",
                "queue/zone_append_max_bytes": "0",
                "queue/zone_write_granularity": "0",
                "queue/zoned": "none",
                "range": "1",
                "removable": "1",
                "ro": "0",
                "size": "1073741312",
                "stat": "      31        0        7       57        0        0        0        0        0      100       57        0        0        0        0        0        0",
                "subsystem": "block",
                "trace/act_mask": "disabled",
                "trace/enable": "0",
                "trace/end_lba": "disabled",
                "trace/pid": "disabled",
                "trace/start_lba": "disabled",
                "uevent": "MAJOR=11\nMINOR=0\nDEVNAME=sr0\nDEVTYPE=disk\nDISKSEQ=14"
            }
        }
    },
    "zfs": {
        "zpools": {}
    },
    "mount": [
        {
            "target": "/",
            "source": "/cow",
            "fstype": "overlay",
            "options": "rw,relatime,lowerdir=/ubuntu-server-minimal.ubuntu-server.installer.generic.squashfs:/ubuntu-server-minimal.ubuntu-server.installer.squashfs:/ubuntu-server-minimal.ubuntu-server.squashfs:/ubuntu-server-minimal.squashfs,upperdir=/cow/upper,workdir=/cow/work,xino=off",
            "maj:min": "0:28",
            "children": [
                {
                    "target": "/sys",
                    "source": "sysfs",
                    "fstype": "sysfs",
                    "options": "rw,nosuid,nodev,noexec,relatime",
                    "maj:min": "0:22",
                    "children": [
                        {
                            "target": "/sys/kernel/security",
                            "source": "securityfs",
                            "fstype": "securityfs",
                            "options": "rw,nosuid,nodev,noexec,relatime",
                            "maj:min": "0:6"
                        },
                        {
                            "target": "/sys/fs/cgroup",
                            "source": "cgroup2",
                            "fstype": "cgroup2",
                            "options": "rw,nosuid,nodev,noexec,relatime,nsdelegate,memory_recursiveprot",
                            "maj:min": "0:40"
                        },
                        {
                            "target": "/sys/fs/pstore",
                            "source": "pstore",
                            "fstype": "pstore",
                            "options": "rw,nosuid,nodev,noexec,relatime",
                            "maj:min": "0:41"
                        },
                        {
                            "target": "/sys/firmware/efi/efivars",
                            "source": "efivarfs",
                            "fstype": "efivarfs",
                            "options": "rw,nosuid,nodev,noexec,relatime",
                            "maj:min": "0:42"
                        },
                        {
                            "target": "/sys/fs/bpf",
                            "source": "bpf",
                            "fstype": "bpf",
                            "options": "rw,nosuid,nodev,noexec,relatime,mode=700",
                            "maj:min": "0:43"
                        },
                        {
                            "target": "/sys/kernel/debug",
                            "source": "debugfs",
                            "fstype": "debugfs",
                            "options": "rw,nosuid,nodev,noexec,relatime",
                            "maj:min": "0:7"
                        },
                        {
                            "target": "/sys/kernel/tracing",
                            "source": "tracefs",
                            "fstype": "tracefs",
                            "options": "rw,nosuid,nodev,noexec,relatime",
                            "maj:min": "0:12"
                        },
                        {
                            "target": "/sys/kernel/config",
                            "source": "configfs",
                            "fstype": "configfs",
                            "options": "rw,nosuid,nodev,noexec,relatime",
                            "maj:min": "0:21"
                        },
                        {
                            "target": "/sys/fs/fuse/connections",
                            "source": "fusectl",
                            "fstype": "fusectl",
                            "options": "rw,nosuid,nodev,noexec,relatime",
                            "maj:min": "0:47"
                        }
                    ]
                },
                {
                    "target": "/proc",
                    "source": "proc",
                    "fstype": "proc",
                    "options": "rw,nosuid,nodev,noexec,relatime",
                    "maj:min": "0:23",
                    "children": [
                        {
                            "target": "/proc/sys/fs/binfmt_misc",
                            "source": "systemd-1",
                            "fstype": "autofs",
                            "options": "rw,relatime,fd=29,pgrp=1,timeout=0,minproto=5,maxproto=5,direct,pipe_ino=20517",
                            "maj:min": "0:44",
                            "children": [
                                {
                                    "target": "/proc/sys/fs/binfmt_misc",
                                    "source": "binfmt_misc",
                                    "fstype": "binfmt_misc",
                                    "options": "rw,nosuid,nodev,noexec,relatime",
                                    "maj:min": "0:49"
                                }
                            ]
                        }
                    ]
                },
                {
                    "target": "/dev",
                    "source": "udev",
                    "fstype": "devtmpfs",
                    "options": "rw,nosuid,relatime,size=131948656k,nr_inodes=32987164,mode=755,inode64",
                    "maj:min": "0:5",
                    "children": [
                        {
                            "target": "/dev/pts",
                            "source": "devpts",
                            "fstype": "devpts",
                            "options": "rw,nosuid,noexec,relatime,gid=5,mode=620,ptmxmode=000",
                            "maj:min": "0:24"
                        },
                        {
                            "target": "/dev/shm",
                            "source": "tmpfs",
                            "fstype": "tmpfs",
                            "options": "rw,nosuid,nodev,inode64",
                            "maj:min": "0:38"
                        },
                        {
                            "target": "/dev/mqueue",
                            "source": "mqueue",
                            "fstype": "mqueue",
                            "options": "rw,nosuid,nodev,noexec,relatime",
                            "maj:min": "0:20"
                        },
                        {
                            "target": "/dev/hugepages",
                            "source": "hugetlbfs",
                            "fstype": "hugetlbfs",
                            "options": "rw,relatime,pagesize=2M",
                            "maj:min": "0:45"
                        }
                    ]
                },
                {
                    "target": "/run",
                    "source": "tmpfs",
                    "fstype": "tmpfs",
                    "options": "rw,nosuid,nodev,noexec,relatime,size=26401548k,mode=755,inode64",
                    "maj:min": "0:25",
                    "children": [
                        {
                            "target": "/run/lock",
                            "source": "tmpfs",
                            "fstype": "tmpfs",
                            "options": "rw,nosuid,nodev,noexec,relatime,size=5120k,inode64",
                            "maj:min": "0:39"
                        },
                        {
                            "target": "/run/credentials/systemd-sysusers.service",
                            "source": "none",
                            "fstype": "ramfs",
                            "options": "ro,nosuid,nodev,noexec,relatime,mode=700",
                            "maj:min": "0:46"
                        },
                        {
                            "target": "/run/snapd/ns",
                            "source": "tmpfs[/snapd/ns]",
                            "fstype": "tmpfs",
                            "options": "rw,nosuid,nodev,noexec,relatime,size=26401548k,mode=755,inode64",
                            "maj:min": "0:25",
                            "children": [
                                {
                                    "target": "/run/snapd/ns/lxd.mnt",
                                    "source": "nsfs[mnt:[4026533610]]",
                                    "fstype": "nsfs",
                                    "options": "rw",
                                    "maj:min": "0:4"
                                }
                            ]
                        }
                    ]
                },
                {
                    "target": "/cdrom",
                    "source": "/dev/sde1",
                    "fstype": "iso9660",
                    "options": "ro,noatime,nojoliet,check=s,map=n,blocksize=2048,iocharset=utf8",
                    "maj:min": "8:65"
                },
                {
                    "target": "/rofs",
                    "source": "/dev/loop0",
                    "fstype": "squashfs",
                    "options": "ro,noatime,errors=continue",
                    "maj:min": "7:0"
                },
                {
                    "target": "/var/log",
                    "source": "/dev/disk/by-label/writable[/install-logs-2024-05-19.0/log]",
                    "fstype": "ext4",
                    "options": "rw,relatime",
                    "maj:min": "8:68"
                },
                {
                    "target": "/var/crash",
                    "source": "/dev/disk/by-label/writable[/install-logs-2024-05-19.0/crash]",
                    "fstype": "ext4",
                    "options": "rw,relatime",
                    "maj:min": "8:68"
                },
                {
                    "target": "/media/minimal",
                    "source": "/dev/loop4",
                    "fstype": "squashfs",
                    "options": "ro,relatime,errors=continue",
                    "maj:min": "7:4"
                },
                {
                    "target": "/media/full",
                    "source": "/dev/loop5",
                    "fstype": "squashfs",
                    "options": "ro,relatime,errors=continue",
                    "maj:min": "7:5"
                },
                {
                    "target": "/media/filesystem",
                    "source": "overlay",
                    "fstype": "overlay",
                    "options": "ro,relatime,lowerdir=/root/media/full:/root/media/minimal",
                    "maj:min": "0:34"
                },
                {
                    "target": "/snap/core20/2105",
                    "source": "/dev/loop6",
                    "fstype": "squashfs",
                    "options": "ro,nodev,relatime,errors=continue",
                    "maj:min": "7:6"
                },
                {
                    "target": "/snap/snapd/20671",
                    "source": "/dev/loop9",
                    "fstype": "squashfs",
                    "options": "ro,nodev,relatime,errors=continue",
                    "maj:min": "7:9"
                },
                {
                    "target": "/snap/core22/1122",
                    "source": "/dev/loop7",
                    "fstype": "squashfs",
                    "options": "ro,nodev,relatime,errors=continue",
                    "maj:min": "7:7"
                },
                {
                    "target": "/snap/subiquity/5495",
                    "source": "/dev/loop10",
                    "fstype": "squashfs",
                    "options": "ro,nodev,relatime,errors=continue",
                    "maj:min": "7:10"
                },
                {
                    "target": "/tmp",
                    "source": "tmpfs",
                    "fstype": "tmpfs",
                    "options": "rw,nosuid,nodev,relatime,inode64",
                    "maj:min": "0:48"
                },
                {
                    "target": "/snap/lxd/27037",
                    "source": "/dev/loop8",
                    "fstype": "squashfs",
                    "options": "ro,nodev,relatime,errors=continue",
                    "maj:min": "7:8"
                }
            ]
        }
    ],
    "filesystem": {
        "/dev/sde": {
            "BOOT_SYSTEM_ID": "EL\\x20TORITO\\x20SPECIFICATION",
            "DATA_PREPARER_ID": "XORRISO-1.5.4\\x202021.01.30.150001\\x2c\\x20LIBISOBURN-1.5.4\\x2c\\x20LIBISOFS-1.5.4\\x2c\\x20LIBBURN-1.5.4",
            "LABEL": "Ubuntu-Server_22.04.4_LTS_amd64",
            "LABEL_ENC": "Ubuntu-Server\\x2022.04.4\\x20LTS\\x20amd64",
            "TYPE": "iso9660",
            "USAGE": "filesystem",
            "UUID": "2024-02-16-23-52-30-00",
            "UUID_ENC": "2024-02-16-23-52-30-00",
            "VERSION": "Joliet Extension",
            "ESTIMATED_MIN_SIZE": -1
        },
        "/dev/sde1": {
            "DATA_PREPARER_ID": "XORRISO-1.5.4\\x202021.01.30.150001\\x2c\\x20LIBISOBURN-1.5.4\\x2c\\x20LIBISOFS-1.5.4\\x2c\\x20LIBBURN-1.5.4",
            "LABEL": "Ubuntu-Server_22.04.4_LTS_amd64",
            "LABEL_ENC": "Ubuntu-Server\\x2022.04.4\\x20LTS\\x20amd64",
            "TYPE": "iso9660",
            "USAGE": "filesystem",
            "UUID": "2024-02-16-23-52-30-00",
            "UUID_ENC": "2024-02-16-23-52-30-00",
            "VERSION": "Joliet Extension",
            "ESTIMATED_MIN_SIZE": -1
        },
        "/dev/sde2": {
            "LABEL": "ESP",
            "LABEL_ENC": "ESP",
            "TYPE": "vfat",
            "USAGE": "filesystem",
            "UUID": "927C-33D8",
            "UUID_ENC": "927C-33D8",
            "VERSION": "FAT12",
            "ESTIMATED_MIN_SIZE": -1
        },
        "/dev/sde4": {
            "LABEL": "writable",
            "LABEL_ENC": "writable",
            "TYPE": "ext4",
            "USAGE": "filesystem",
            "UUID": "564fa6f2-39dd-4642-b483-26935bfde904",
            "UUID_ENC": "564fa6f2-39dd-4642-b483-26935bfde904",
            "VERSION": "1.0",
            "SIZE": 59920842752,
            "ESTIMATED_MIN_SIZE": 469835776
        }
    }
}