<?xml version="1.0" encoding="UTF-8" ?>
<!-- (c)MatrixOne, Inc., 2000 -->
<!DOCTYPE ematrix SYSTEM "ematrixml.dtd">
<ematrix>
  <creationProperties>
    <release>10.6.3.0-Global</release>
    <datetime>2022-07-28T11:32:30Z</datetime>
    <event>export</event>
    <dtdInfo>&ematrixProductDtd;</dtdInfo>
  </creationProperties>
  <businessObject id="27212.3559.29892.16129">
    <objectType>AutoName</objectType>
    <objectName>Dichtungen (Kunststoff)</objectName>
    <objectRevision>Diverse</objectRevision>
    <vaultRef>Catia</vaultRef>
    <policyRef>AutoName</policyRef>
    <owner>
      <userRef>AutoNamer</userRef>
    </owner>
    <creationInfo>
      <datetime>2001-08-31T08:35:16Z</datetime>
    </creationInfo>
    <modificationInfo>
      <datetime>2018-08-13T12:17:28Z</datetime>
    </modificationInfo>

    <attributeList count="8">
      <attribute>
        <name>AutoName Additional Object Policy</name>
        <string></string>
      </attribute>
      <attribute>
        <name>AutoName Additional Object Relationship</name>
        <string></string>
      </attribute>
      <attribute>
        <name>AutoName Additional Object Type</name>
        <string></string>
      </attribute>
      <attribute>
        <name>AutoName Policy</name>
        <string></string>
      </attribute>
      <attribute>
        <name>AutoName Current Value</name>
        <string>005</string>
      </attribute>
      <attribute>
        <name>AutoName Prefix</name>
        <string>00720.0.</string>
      </attribute>
      <attribute>
        <name>AutoName Suffix</name>
        <string></string>
      </attribute>
      <attribute>
        <name>AutoName Shared</name>
        <string></string>
      </attribute>
    </attributeList>
    <stateList count="1">
      <state>
        <name>01</name>
        <current/>
        <stateStatus>enabled</stateStatus>
        <actualInfo>
          <datetime>2001-08-31T08:35:16Z</datetime>
        </actualInfo>
        <revisionable/>
        <versionable/>
        <endDate>
          <datetime>2022-07-28T11:32:30Z</datetime>
        </endDate>
        <stateDuration>
0        </stateDuration>
      </state>
    </stateList>
    <historyList count="7">
      <history>
        <datetime>2001-08-31T08:35:17Z</datetime>
        <agent>AutoNamer</agent>
        <event>create</event>
        <stateName>01</stateName>
      </history>
      <history>
        <datetime>2001-08-31T08:35:29Z</datetime>
        <agent>AutoNamer</agent>
        <event>modifyAttribute</event>
        <stateName>01</stateName>
        <name>AutoName Current Value</name>
        <value>001</value>
        <replaces></replaces>
      </history>
      <history>
        <datetime>2001-08-31T08:35:29Z</datetime>
        <agent>AutoNamer</agent>
        <event>modifyAttribute</event>
        <stateName>01</stateName>
        <name>AutoName Prefix</name>
        <value>00720.0.</value>
        <replaces></replaces>
      </history>
      <history>
        <datetime>2007-01-15T12:55:33Z</datetime>
        <agent>AutoNamer</agent>
        <event>modifyAttribute</event>
        <stateName>01</stateName>
        <name>AutoName Current Value</name>
        <value>002</value>
        <replaces>001</replaces>
      </history>
      <history>
        <datetime>2017-11-09T13:58:32Z</datetime>
        <agent>AutoNamer</agent>
        <event>modifyAttribute</event>
        <stateName>01</stateName>
        <name>AutoName Current Value</name>
        <value>003</value>
        <replaces>002</replaces>
      </history>
      <history>
        <datetime>2017-11-09T14:01:50Z</datetime>
        <agent>AutoNamer</agent>
        <event>modifyAttribute</event>
        <stateName>01</stateName>
        <name>AutoName Current Value</name>
        <value>004</value>
        <replaces>003</replaces>
      </history>
      <history>
        <datetime>2018-08-13T12:17:28Z</datetime>
        <agent>AutoNamer</agent>
        <event>modifyAttribute</event>
        <stateName>01</stateName>
        <name>AutoName Current Value</name>
        <value>005</value>
        <replaces>004</replaces>
      </history>
    </historyList>
  </businessObject>
</ematrix>
