<?xml version="1.0" encoding="UTF-8" ?>
<!-- (c)MatrixOne, Inc., 2000 -->
<!DOCTYPE ematrix SYSTEM "ematrixml.dtd">
<ematrix>
  <creationProperties>
    <release>10.6.3.0-Global</release>
    <datetime>2022-07-28T11:39:43Z</datetime>
    <event>export</event>
    <dtdInfo>&ematrixProductDtd;</dtdInfo>
  </creationProperties>
  <businessObject id="27212.3559.10117.41005">
    <objectType>Bewertung Produktion</objectType>
    <objectName>ALUSUISSE</objectName>
    <objectRevision></objectRevision>
    <vaultRef>Catia</vaultRef>
    <policyRef>Bewertung Wettbewerber</policyRef>
    <owner>
      <userRef>creator</userRef>
    </owner>
    <creationInfo>
      <datetime>2000-12-06T23:00:00Z</datetime>
    </creationInfo>
    <modificationInfo>
      <datetime>2001-03-26T07:02:32Z</datetime>
    </modificationInfo>

    <attributeList count="12">
      <attribute>
        <name>Summe:Gewichtung</name>
        <integer>18</integer>
      </attribute>
      <attribute>
        <name>Summe:Bewertung</name>
        <integer>45</integer>
      </attribute>
      <attribute>
        <name>Summe:Maximal</name>
        <integer>72</integer>
      </attribute>
      <attribute>
        <name>Summe:Prozentual</name>
        <string>62.5</string>
      </attribute>
      <attribute>
        <name>Summe:Bewertung Wagon</name>
        <integer>36</integer>
      </attribute>
      <attribute>
        <name>Summe:Prozentual Wagon</name>
        <string>50.0</string>
      </attribute>
      <attribute>
        <name>Bewertung:Anzahl der Mitarbeiter</name>
        <integer>4</integer>
      </attribute>
      <attribute>
        <name>Bewertung:Ausstattung Modernisierungsgrad</name>
        <integer>4</integer>
      </attribute>
      <attribute>
        <name>Bewertung:Produktions Know-How</name>
        <integer>3</integer>
      </attribute>
      <attribute>
        <name>Bewertung:Produktions Verfahren</name>
        <integer>4</integer>
      </attribute>
      <attribute>
        <name>Bewertung:Motivation</name>
        <integer>0</integer>
      </attribute>
      <attribute>
        <name>Bewertung:Qualifikation</name>
        <integer>0</integer>
      </attribute>
    </attributeList>
    <stateList count="1">
      <state>
        <name>angelegt</name>
        <current/>
        <stateStatus>enabled</stateStatus>
        <actualInfo>
          <datetime>2000-12-06T23:00:00Z</datetime>
        </actualInfo>
        <endDate>
          <datetime>2022-07-28T11:39:43Z</datetime>
        </endDate>
        <stateDuration>
0        </stateDuration>
      </state>
    </stateList>
    <historyList count="2">
      <history>
        <datetime>2001-02-25T23:00:00Z</datetime>
        <agent>peter</agent>
        <event>purge</event>
      </history>
      <history>
        <datetime>2001-03-26T07:02:32Z</datetime>
        <agent>creator</agent>
        <event>modifyAttribute</event>
        <stateName>angelegt</stateName>
        <name>Summe:Gewichtung</name>
        <value>18</value>
        <replaces>12</replaces>
      </history>
    </historyList>
    <fromRelationshipList count="1">
      <relationship>
        <relationshipDefRef>Bewertung Wagon</relationshipDefRef>
        <relatedObject>
          <businessObjectRef>
            <objectType>Bewertung Produktion Wagon</objectType>
            <objectName>WAGON</objectName>
            <objectRevision></objectRevision>
            <vaultRef>Catia</vaultRef>
          </businessObjectRef>
        </relatedObject>
      </relationship>
    </fromRelationshipList>
    <toRelationshipList count="1">
      <relationship>
        <relationshipDefRef>Bewertung Produktion</relationshipDefRef>
        <relatedObject>
          <businessObjectRef>
            <objectType>Wettbewerber</objectType>
            <objectName>ALUSUISSE</objectName>
            <objectRevision></objectRevision>
            <vaultRef>Catia</vaultRef>
          </businessObjectRef>
        </relatedObject>
      </relationship>
    </toRelationshipList>
  </businessObject>
</ematrix>
