<?xml version="1.0" encoding="UTF-8" ?>
<!-- (c)MatrixOne, Inc., 2000 -->
<!DOCTYPE ematrix SYSTEM "ematrixml.dtd">
<ematrix>
  <creationProperties>
    <release>10.6.3.0-Global</release>
    <datetime>2022-07-28T11:39:43Z</datetime>
    <event>export</event>
    <dtdInfo>&ematrixProductDtd;</dtdInfo>
  </creationProperties>
  <businessObject id="27212.3559.10109.9990">
    <objectType>Bewertung Dienstleistung</objectType>
    <objectName>ALCOA</objectName>
    <objectRevision></objectRevision>
    <vaultRef>Catia</vaultRef>
    <policyRef>Bewertung Wettbewerber</policyRef>
    <owner>
      <userRef>creator</userRef>
    </owner>
    <creationInfo>
      <datetime>2000-12-05T23:00:00Z</datetime>
    </creationInfo>
    <modificationInfo>
      <datetime>2001-02-26T15:36:38Z</datetime>
    </modificationInfo>

    <attributeList count="9">
      <attribute>
        <name>Summe:Gewichtung</name>
        <integer>9</integer>
      </attribute>
      <attribute>
        <name>Summe:Bewertung</name>
        <integer>36</integer>
      </attribute>
      <attribute>
        <name>Summe:Maximal</name>
        <integer>54</integer>
      </attribute>
      <attribute>
        <name>Summe:Prozentual</name>
        <string>66.66</string>
      </attribute>
      <attribute>
        <name>Summe:Bewertung Wagon</name>
        <integer>33</integer>
      </attribute>
      <attribute>
        <name>Summe:Prozentual Wagon</name>
        <string>61.11</string>
      </attribute>
      <attribute>
        <name>Bewertung:Beratung</name>
        <integer>5</integer>
      </attribute>
      <attribute>
        <name>Bewertung:Dokumentation</name>
        <integer>3</integer>
      </attribute>
      <attribute>
        <name>Bewertung:Engineering</name>
        <integer>4</integer>
      </attribute>
    </attributeList>
    <stateList count="1">
      <state>
        <name>angelegt</name>
        <current/>
        <stateStatus>enabled</stateStatus>
        <actualInfo>
          <datetime>2000-12-05T23:00:00Z</datetime>
        </actualInfo>
        <endDate>
          <datetime>2022-07-28T11:39:43Z</datetime>
        </endDate>
        <stateDuration>
0        </stateDuration>
      </state>
    </stateList>
    <historyList count="2">
      <history>
        <datetime>2001-02-25T23:00:00Z</datetime>
        <agent>peter</agent>
        <event>purge</event>
      </history>
      <history>
        <datetime>2001-02-26T15:36:38Z</datetime>
        <agent>peter</agent>
        <event>disconnect</event>
        <stateName>angelegt</stateName>
        <relationshipName>Bewertung Wagon</relationshipName>
        <toObject>
          <businessObjectRef>
            <objectType>Bewertung Dienstleistung Wagon</objectType>
            <objectName>WAGON</objectName>
          </businessObjectRef>
        </toObject>
      </history>
    </historyList>
    <fromRelationshipList count="1">
      <relationship>
        <relationshipDefRef>Bewertung Wagon</relationshipDefRef>
        <relatedObject>
          <businessObjectRef>
            <objectType>Bewertung Dienstleistung Wagon</objectType>
            <objectName>WAGON</objectName>
            <objectRevision></objectRevision>
            <vaultRef>Catia</vaultRef>
          </businessObjectRef>
        </relatedObject>
      </relationship>
    </fromRelationshipList>
    <toRelationshipList count="1">
      <relationship>
        <relationshipDefRef>Bewertung Dienstleistung</relationshipDefRef>
        <relatedObject>
          <businessObjectRef>
            <objectType>Wettbewerber</objectType>
            <objectName>ALCOA</objectName>
            <objectRevision></objectRevision>
            <vaultRef>Catia</vaultRef>
          </businessObjectRef>
        </relatedObject>
      </relationship>
    </toRelationshipList>
  </businessObject>
</ematrix>
