<?xml version="1.0" encoding="UTF-8" ?>
<!-- (c)MatrixOne, Inc., 2000 -->
<!DOCTYPE ematrix SYSTEM "ematrixml.dtd">
<ematrix>
  <creationProperties>
    <release>10.6.3.0-Global</release>
    <datetime>2022-08-06T09:08:05Z</datetime>
    <event>export</event>
    <dtdInfo>&ematrixProductDtd;</dtdInfo>
  </creationProperties>
  <businessObject id="27212.3559.30928.63349">
    <objectType>Projekt</objectType>
    <objectName>32010980</objectName>
    <objectRevision></objectRevision>
    <vaultRef>Catia</vaultRef>
    <policyRef>Vorgang</policyRef>
    <owner>
      <userRef>KullmannM</userRef>
    </owner>
    <description>Audi Q7 CMS ECE/NAR vorne/hinten</description>
    <creationInfo>
      <datetime>2011-08-10T12:16:45Z</datetime>
    </creationInfo>
    <modificationInfo>
      <datetime>2018-02-01T14:28:24Z</datetime>
    </modificationInfo>

    <attributeList count="11">
      <attribute>
        <name>Auftragsart</name>
        <string>ZP - Anfrage (Projekt)</string>
      </attribute>
      <attribute>
        <name>Auftragsdatum</name>
        <unknown></unknown>
      </attribute>
      <attribute>
        <name>Bemerkungen</name>
        <string></string>
      </attribute>
      <attribute>
        <name>Fertig bis</name>
        <unknown></unknown>
      </attribute>
      <attribute>
        <name>Kritische StÃ¼ckzahl</name>
        <integer>0</integer>
      </attribute>
      <attribute>
        <name>Liefertermine</name>
        <string>SOP: 28.04.2014
EOP: 2022</string>
      </attribute>
      <attribute>
        <name>Kunden-Modell/Typ</name>
        <string></string>
      </attribute>
      <attribute>
        <name>Positionen</name>
        <string>CMS ECE/ANR Alu und Stahl</string>
      </attribute>
      <attribute>
        <name>Kunden-Projektnummer</name>
        <string></string>
      </attribute>
      <attribute>
        <name>Realistische StÃ¼ckzahl</name>
        <integer>79</integer>
      </attribute>
      <attribute>
        <name>Sachbearbeiter</name>
        <string></string>
      </attribute>
    </attributeList>
    <stateList count="1">
      <state>
        <name>angelegt</name>
        <current/>
        <stateStatus>enabled</stateStatus>
        <actualInfo>
          <datetime>2011-08-10T12:16:45Z</datetime>
        </actualInfo>
        <endDate>
          <datetime>2022-08-06T09:08:07Z</datetime>
        </endDate>
        <stateDuration>
0        </stateDuration>
      </state>
    </stateList>
    <historyList count="20">
      <history>
        <datetime>2011-08-10T12:16:45Z</datetime>
        <agent>TekinM</agent>
        <event>create</event>
        <stateName>angelegt</stateName>
      </history>
      <history>
        <datetime>2011-08-10T12:16:45Z</datetime>
        <agent>TekinM</agent>
        <event>modifyDescription</event>
        <stateName>angelegt</stateName>
        <description>Audi Q7 CMS ECE/NAR vorne/hinten</description>
      </history>
      <history>
        <datetime>2011-08-10T12:16:45Z</datetime>
        <agent>TekinM</agent>
        <event>modifyAttribute</event>
        <stateName>angelegt</stateName>
        <name>Auftragsart</name>
        <value>ZP - Anfrage (Projekt)</value>
        <replaces></replaces>
      </history>
      <history>
        <datetime>2011-08-10T12:16:45Z</datetime>
        <agent>TekinM</agent>
        <event>modifyAttribute</event>
        <stateName>angelegt</stateName>
        <name>Liefertermine</name>
        <value>SOP: 28.04.2014
EOP: 2022</value>
        <replaces></replaces>
      </history>
      <history>
        <datetime>2011-08-10T12:16:45Z</datetime>
        <agent>TekinM</agent>
        <event>modifyAttribute</event>
        <stateName>angelegt</stateName>
        <name>Positionen</name>
        <value>CMS ECE/ANR Alu und Stahl</value>
        <replaces></replaces>
      </history>
      <history>
        <datetime>2011-08-10T12:16:45Z</datetime>
        <agent>TekinM</agent>
        <event>modifyAttribute</event>
        <stateName>angelegt</stateName>
        <name>Realistische StÃ¼ckzahl</name>
        <value>79.556</value>
        <replaces>0</replaces>
      </history>
      <history>
        <datetime>2011-08-10T12:16:45Z</datetime>
        <agent>TekinM</agent>
        <event>connect</event>
        <stateName>angelegt</stateName>
        <relationshipName>Kunde</relationshipName>
        <toObject>
          <businessObjectRef>
            <objectType>Kunde</objectType>
            <objectName>AUDI</objectName>
          </businessObjectRef>
        </toObject>
      </history>
      <history>
        <datetime>2011-08-10T12:16:45Z</datetime>
        <agent>TekinM</agent>
        <event>connect</event>
        <stateName>angelegt</stateName>
        <relationshipName>Fahrzeugtyp</relationshipName>
        <fromObject>
          <businessObjectRef>
            <objectType>Fahrzeugtyp</objectType>
            <objectName>Audi Q7</objectName>
          </businessObjectRef>
        </fromObject>
      </history>
      <history>
        <datetime>2011-08-10T12:16:46Z</datetime>
        <agent>TekinM</agent>
        <event>connect</event>
        <stateName>angelegt</stateName>
        <relationshipName>Projektstufe</relationshipName>
        <toObject>
          <businessObjectRef>
            <objectType>Projektstufe</objectType>
            <objectName>32010980</objectName>
            <objectRevision>Konzept 1</objectRevision>
          </businessObjectRef>
        </toObject>
      </history>
      <history>
        <datetime>2012-04-13T11:10:36Z</datetime>
        <agent>HobmaierS</agent>
        <event>connect</event>
        <stateName>angelegt</stateName>
        <relationshipName>Projektstufe</relationshipName>
        <toObject>
          <businessObjectRef>
            <objectType>Projektstufe</objectType>
            <objectName>32010980</objectName>
            <objectRevision>Baustufe 1</objectRevision>
          </businessObjectRef>
        </toObject>
      </history>
      <history>
        <datetime>2012-05-21T13:02:26Z</datetime>
        <agent>BauerD</agent>
        <event>connect</event>
        <stateName>angelegt</stateName>
        <relationshipName>Projektstufe</relationshipName>
        <toObject>
          <businessObjectRef>
            <objectType>Projektstufe</objectType>
            <objectName>32010980</objectName>
            <objectRevision>Baustufe 2</objectRevision>
          </businessObjectRef>
        </toObject>
      </history>
      <history>
        <datetime>2012-09-04T07:20:47Z</datetime>
        <agent>KiwitzH</agent>
        <event>disconnect</event>
        <stateName>angelegt</stateName>
        <relationshipName>Projektstufe</relationshipName>
        <toObject>
          <businessObjectRef>
            <objectType>Projektstufe</objectType>
            <objectName>32010980</objectName>
            <objectRevision>Baustufe 2</objectRevision>
          </businessObjectRef>
        </toObject>
      </history>
      <history>
        <datetime>2012-09-04T08:22:54Z</datetime>
        <agent>LoefflerS</agent>
        <event>connect</event>
        <stateName>angelegt</stateName>
        <relationshipName>Auftrag</relationshipName>
        <toObject>
          <businessObjectRef>
            <objectType>Serienauftrag</objectType>
            <objectName>81480</objectName>
          </businessObjectRef>
        </toObject>
      </history>
      <history>
        <datetime>2012-09-18T05:28:44Z</datetime>
        <agent>BauerD</agent>
        <event>connect</event>
        <stateName>angelegt</stateName>
        <relationshipName>Projektstufe</relationshipName>
        <toObject>
          <businessObjectRef>
            <objectType>Projektstufe</objectType>
            <objectName>32010980</objectName>
            <objectRevision>Baustufe 2</objectRevision>
          </businessObjectRef>
        </toObject>
      </history>
      <history>
        <datetime>2013-10-29T13:08:25Z</datetime>
        <agent>TekinM</agent>
        <event>connect</event>
        <stateName>angelegt</stateName>
        <relationshipName>Auftrag</relationshipName>
        <toObject>
          <businessObjectRef>
            <objectType>Serienauftrag</objectType>
            <objectName>81481</objectName>
          </businessObjectRef>
        </toObject>
      </history>
      <history>
        <datetime>2013-10-29T13:09:32Z</datetime>
        <agent>TekinM</agent>
        <event>connect</event>
        <stateName>angelegt</stateName>
        <relationshipName>Auftrag</relationshipName>
        <toObject>
          <businessObjectRef>
            <objectType>Serienauftrag</objectType>
            <objectName>81482</objectName>
          </businessObjectRef>
        </toObject>
      </history>
      <history>
        <datetime>2014-07-03T07:37:36Z</datetime>
        <agent>TekinM</agent>
        <event>connect</event>
        <stateName>angelegt</stateName>
        <relationshipName>Auftrag</relationshipName>
        <toObject>
          <businessObjectRef>
            <objectType>Serienauftrag</objectType>
            <objectName>81483</objectName>
          </businessObjectRef>
        </toObject>
      </history>
      <history>
        <datetime>2014-07-03T07:39:28Z</datetime>
        <agent>TekinM</agent>
        <event>connect</event>
        <stateName>angelegt</stateName>
        <relationshipName>Auftrag</relationshipName>
        <toObject>
          <businessObjectRef>
            <objectType>Serienauftrag</objectType>
            <objectName>81484</objectName>
          </businessObjectRef>
        </toObject>
      </history>
      <history>
        <datetime>2015-02-03T15:37:37Z</datetime>
        <agent>tpkkonn</agent>
        <event>connect</event>
        <stateName>angelegt</stateName>
        <relationshipName>Projektstufe</relationshipName>
        <toObject>
          <businessObjectRef>
            <objectType>Projektstufe</objectType>
            <objectName>32010980</objectName>
            <objectRevision>Baustufe 3</objectRevision>
          </businessObjectRef>
        </toObject>
      </history>
      <history>
        <datetime>2018-02-01T14:28:24Z</datetime>
        <agent>HasenstabF</agent>
        <event>connect</event>
        <stateName>angelegt</stateName>
        <relationshipName>Auftrag</relationshipName>
        <toObject>
          <businessObjectRef>
            <objectType>Serienauftrag</objectType>
            <objectName>81485</objectName>
          </businessObjectRef>
        </toObject>
      </history>
    </historyList>
    <fromRelationshipList count="11">
      <relationship>
        <relationshipDefRef>Kunde</relationshipDefRef>
        <relatedObject>
          <businessObjectRef>
            <objectType>Kunde</objectType>
            <objectName>AUDI</objectName>
            <objectRevision></objectRevision>
            <vaultRef>Daten EDMS bis 12.09.1999</vaultRef>
          </businessObjectRef>
        </relatedObject>
      </relationship>
      <relationship>
        <relationshipDefRef>Projektstufe</relationshipDefRef>
        <relatedObject>
          <businessObjectRef>
            <objectType>Projektstufe</objectType>
            <objectName>32010980</objectName>
            <objectRevision>Konzept 1</objectRevision>
            <vaultRef>Catia</vaultRef>
          </businessObjectRef>
        </relatedObject>
      </relationship>
      <relationship>
        <relationshipDefRef>Projektstufe</relationshipDefRef>
        <relatedObject>
          <businessObjectRef>
            <objectType>Projektstufe</objectType>
            <objectName>32010980</objectName>
            <objectRevision>Baustufe 1</objectRevision>
            <vaultRef>Catia</vaultRef>
          </businessObjectRef>
        </relatedObject>
      </relationship>
      <relationship>
        <relationshipDefRef>Auftrag</relationshipDefRef>
        <relatedObject>
          <businessObjectRef>
            <objectType>Serienauftrag</objectType>
            <objectName>81480</objectName>
            <objectRevision></objectRevision>
            <vaultRef>Catia</vaultRef>
          </businessObjectRef>
        </relatedObject>
      </relationship>
      <relationship>
        <relationshipDefRef>Projektstufe</relationshipDefRef>
        <relatedObject>
          <businessObjectRef>
            <objectType>Projektstufe</objectType>
            <objectName>32010980</objectName>
            <objectRevision>Baustufe 2</objectRevision>
            <vaultRef>Catia</vaultRef>
          </businessObjectRef>
        </relatedObject>
      </relationship>
      <relationship>
        <relationshipDefRef>Auftrag</relationshipDefRef>
        <relatedObject>
          <businessObjectRef>
            <objectType>Serienauftrag</objectType>
            <objectName>81481</objectName>
            <objectRevision></objectRevision>
            <vaultRef>Catia</vaultRef>
          </businessObjectRef>
        </relatedObject>
      </relationship>
      <relationship>
        <relationshipDefRef>Auftrag</relationshipDefRef>
        <relatedObject>
          <businessObjectRef>
            <objectType>Serienauftrag</objectType>
            <objectName>81482</objectName>
            <objectRevision></objectRevision>
            <vaultRef>Catia</vaultRef>
          </businessObjectRef>
        </relatedObject>
      </relationship>
      <relationship>
        <relationshipDefRef>Auftrag</relationshipDefRef>
        <relatedObject>
          <businessObjectRef>
            <objectType>Serienauftrag</objectType>
            <objectName>81483</objectName>
            <objectRevision></objectRevision>
            <vaultRef>Catia</vaultRef>
          </businessObjectRef>
        </relatedObject>
      </relationship>
      <relationship>
        <relationshipDefRef>Auftrag</relationshipDefRef>
        <relatedObject>
          <businessObjectRef>
            <objectType>Serienauftrag</objectType>
            <objectName>81484</objectName>
            <objectRevision></objectRevision>
            <vaultRef>Catia</vaultRef>
          </businessObjectRef>
        </relatedObject>
      </relationship>
      <relationship>
        <relationshipDefRef>Projektstufe</relationshipDefRef>
        <relatedObject>
          <businessObjectRef>
            <objectType>Projektstufe</objectType>
            <objectName>32010980</objectName>
            <objectRevision>Baustufe 3</objectRevision>
            <vaultRef>Catia</vaultRef>
          </businessObjectRef>
        </relatedObject>
      </relationship>
      <relationship>
        <relationshipDefRef>Auftrag</relationshipDefRef>
        <relatedObject>
          <businessObjectRef>
            <objectType>Serienauftrag</objectType>
            <objectName>81485</objectName>
            <objectRevision></objectRevision>
            <vaultRef>Catia</vaultRef>
          </businessObjectRef>
        </relatedObject>
      </relationship>
    </fromRelationshipList>
    <toRelationshipList count="1">
      <relationship>
        <relationshipDefRef>Fahrzeugtyp</relationshipDefRef>
        <relatedObject>
          <businessObjectRef>
            <objectType>Fahrzeugtyp</objectType>
            <objectName>Audi Q7</objectName>
            <objectRevision></objectRevision>
            <vaultRef>Catia</vaultRef>
          </businessObjectRef>
        </relatedObject>
      </relationship>
    </toRelationshipList>
  </businessObject>
</ematrix>
